"hostid";"host";"name"
"12267";"15600-01";"15600-01"
"12268";"15600-02";"15600-02"
"14383";"ABT_HL1";"ABT_HL1"
"14384";"ABT_HL2";"ABT_HL2"
"13851";"ABT_HOTLINES";"ABT_HOTLINES"
"15539";"ABT_HOTLINES_eth1";"ABT_HOTLINES_eth1"
"15540";"ABT_HOTLINES_eth2";"ABT_HOTLINES_eth2"
"13788";"ABT_PRI";"ABT_PRI"
"13922";"ABT_SEC";"ABT_SEC"
"17297";"ABT-5A1CD1";"ABT-5A1CD1"
"17298";"ABT-5A1CD2";"ABT-5A1CD2"
"17299";"ABT-5A1CP1";"ABT-5A1CP1"
"17300";"ABT-5A1CP2";"ABT-5A1CP2"
"17295";"ABT-5A1PP1";"ABT-5A1PP1"
"17290";"ABT-5A4CD1";"ABT-5A4CD1"
"17291";"ABT-5A4CD2";"ABT-5A4CD2"
"17292";"ABT-5A4CP1";"ABT-5A4CP1"
"17293";"ABT-5A4CP2";"ABT-5A4CP2"
"17288";"ABT-5A4PP1";"ABT-5A4PP1"
"17294";"ABT-5LA1PA1";"ABT-5LA1PA1"
"17296";"ABT-5LA1PP1";"ABT-5LA1PP1"
"17287";"ABT-5LA4PA1";"ABT-5LA4PA1"
"17289";"ABT-5LA4PP1";"ABT-5LA4PP1"
"17301";"ABT-5SACP1";"ABT-5SACP1"
"16522";"ABT-DM705-01";"ABT-DM705-01"
"16523";"ABT-DM705-02";"ABT-DM705-02"
"16438";"ABT-DM880-01";"ABT-DM880-01"
"16439";"ABT-DM880-02";"ABT-DM880-02"
"14539";"ABTRDP_525_1";"ABTRDP_525_1"
"16937";"abt-sw1";"abt-sw1"
"16938";"abt-sw2";"abt-sw2"
"16939";"abt-sw3";"abt-sw3"
"16940";"abt-sw4";"abt-sw4"
"13987";"ABT-UCS1";"ABT-UCS1"
"16209";"ABT-UCS1-alta";"ABT-UCS1-alta"
"16210";"ABT-UCS2";"ABT-UCS2"
"13988";"ABT-UCS2-baixa";"ABT-UCS2-baixa"
"17302";"ACL-1L1PA1";"ACL-1L1PA1"
"17303";"ACL-1L1PP1";"ACL-1L1PP1"
"16004";"ANA_HL_RGR";"ANA_HL_RGR"
"14386";"ANA_HL1";"ANA_HL1"
"13852";"ANA_HOTLINES";"ANA_HOTLINES"
"16005";"ANA_HOTLINES_eth1_rgr";"ANA_HOTLINES_eth1_rgr"
"15542";"ANA_HOTLINES_eth2";"ANA_HOTLINES_eth2"
"13789";"ANA_PRI";"ANA_PRI"
"13923";"ANA_SEC";"ANA_SEC"
"17306";"ANA-21";"ANA-21"
"17311";"ANA-25";"ANA-25"
"17308";"ANA-2L7PA1";"ANA-2L7PA1"
"17309";"ANA-2L7PP1";"ANA-2L7PP1"
"17310";"ANA-2PBPA1";"ANA-2PBPA1"
"17312";"ANA-2PBPP1";"ANA-2PBPP1"
"17316";"ANA-2R3PCA1";"ANA-2R3PCA1"
"17317";"ANA-2R3PCP1";"ANA-2R3PCP1"
"17313";"ANA-2SACP1";"ANA-2SACP1"
"17320";"ANA-50_51H";"ANA-50_51H"
"17321";"ANA-50_51M";"ANA-50_51M"
"17304";"ANA-67";"ANA-67"
"17307";"ANA-67_";"ANA-67_"
"17305";"ANA-87";"ANA-87"
"17322";"ANA-87_";"ANA-87_"
"17318";"ANA-ATF1PA1";"ANA-ATF1PA1"
"17319";"ANA-ATF1PP1";"ANA-ATF1PP1"
"14540";"ANARDP_230_1";"ANARDP_230_1"
"14541";"ANARDP_230_2";"ANARDP_230_2"
"10544";"ana-rgr-21.254";"ana-rgr-21.254"
"16854";"ana-rgr-vsat-19.32.246";"ana-rgr-vsat-19.32.246"
"16869";"ana-rgr-vsat-LINK-GLOBALSAT";"ana-rgr-vsat-LINK-GLOBALSAT"
"16941";"ana-sw1";"ana-sw1"
"16942";"ana-sw2";"ana-sw2"
"16943";"ana-sw3";"ana-sw3"
"16944";"ana-sw4";"ana-sw4"
"16945";"ana-sw5";"ana-sw5"
"16946";"ana-sw6";"ana-sw6"
"17314";"ANA-TD8";"ANA-TD8"
"17315";"ANA-TD9";"ANA-TD9"
"16758";"ana-tmo";"ana-tmo"
"20025";"ANATW_230_1";"ANATW_230_1"
"14182";"ANA-UCS1";"ANA-UCS1"
"16211";"ANA-UCS1-alta";"ANA-UCS1-alta"
"14183";"ANA-UCS2";"ANA-UCS2"
"16212";"ANA-UCS2-baixa";"ANA-UCS2-baixa"
"10725";"apa-rgr-32.98";"apa-rgr-32.98"
"13771";"APC-CBA-INFR-01";"APC-CBA-INFR-01"
"13773";"APC-DRO-INFR-P01";"APC-DRO-INFR-P01"
"13775";"APC-SED-INFR-11";"APC-SED-INFR-11"
"13777";"APC-SED-INFR-12";"APC-SED-INFR-12"
"13780";"APC-SED-INFR-13";"APC-SED-INFR-13"
"13782";"APC-SED-INFR-14";"APC-SED-INFR-14"
"17325";"AQU-21";"AQU-21"
"17323";"AQU-67";"AQU-67"
"17326";"AQU-67_";"AQU-67_"
"17324";"AQU-87";"AQU-87"
"15692";"ARE_5PMU1";"ARE_5PMU1"
"14387";"ARE_HL1";"ARE_HL1"
"14388";"ARE_HL2";"ARE_HL2"
"13853";"ARE_HOTLINES";"ARE_HOTLINES"
"15543";"ARE_HOTLINES_eth1";"ARE_HOTLINES_eth1"
"15544";"ARE_HOTLINES_eth2";"ARE_HOTLINES_eth2"
"10497";"ARE_PRI1";"ARE_PRI1"
"10498";"ARE_PRI2";"ARE_PRI2"
"10443";"ARE_SEC1";"ARE_SEC1"
"10444";"ARE_SEC2";"ARE_SEC2"
"17341";"ARE-2BPCD1";"ARE-2BPCD1"
"17342";"ARE-2BPCP1";"ARE-2BPCP1"
"17340";"ARE-2BPFD1";"ARE-2BPFD1"
"17351";"ARE-2L1CD1";"ARE-2L1CD1"
"17352";"ARE-2L1CP1";"ARE-2L1CP1"
"17349";"ARE-2L1PA1";"ARE-2L1PA1"
"17350";"ARE-2L1PP1";"ARE-2L1PP1"
"17347";"ARE-2L2CD1";"ARE-2L2CD1"
"17348";"ARE-2L2CP1";"ARE-2L2CP1"
"17346";"ARE-2L2FD1";"ARE-2L2FD1"
"17355";"ARE-2L3CD1";"ARE-2L3CD1"
"17356";"ARE-2L3CP1";"ARE-2L3CP1"
"17353";"ARE-2L3PA1";"ARE-2L3PA1"
"17354";"ARE-2L3PP1";"ARE-2L3PP1"
"17334";"ARE-2L4CD1";"ARE-2L4CD1"
"17335";"ARE-2L4CP1";"ARE-2L4CP1"
"17332";"ARE-2L4PA1";"ARE-2L4PA1"
"17333";"ARE-2L4PP1";"ARE-2L4PP1"
"17343";"ARE-2PBPP1";"ARE-2PBPP1"
"17357";"ARE-2SAPP1";"ARE-2SAPP1"
"17359";"ARE-2T1CD1";"ARE-2T1CD1"
"17360";"ARE-2T1CP1";"ARE-2T1CP1"
"17358";"ARE-2T1FD1";"ARE-2T1FD1"
"17362";"ARE-2T2CD1";"ARE-2T2CD1"
"17363";"ARE-2T2CP1";"ARE-2T2CP1"
"17361";"ARE-2T2FD1";"ARE-2T2FD1"
"17367";"ARE-2T3CD1";"ARE-2T3CD1"
"17368";"ARE-2T3CP1";"ARE-2T3CP1"
"17366";"ARE-2T3FD1";"ARE-2T3FD1"
"17327";"ARE-5A5PP1";"ARE-5A5PP1"
"17338";"ARE-5C1PA1";"ARE-5C1PA1"
"17339";"ARE-5C1PP1";"ARE-5C1PP1"
"17336";"ARE-5L2PA1";"ARE-5L2PA1"
"17337";"ARE-5L2PP1";"ARE-5L2PP1"
"17329";"ARE-5LA5PA1";"ARE-5LA5PA1"
"17328";"ARE-5LA5PP1";"ARE-5LA5PP1"
"17364";"ARE-5T2PA1";"ARE-5T2PA1"
"17365";"ARE-5T2PP1";"ARE-5T2PP1"
"16524";"ARE-DM705-01";"ARE-DM705-01"
"16525";"ARE-DM705-02";"ARE-DM705-02"
"16418";"ARE-DM880-01";"ARE-DM880-01"
"16419";"ARE-DM880-02";"ARE-DM880-02"
"17331";"ARE-PA1";"ARE-PA1"
"17330";"ARE-PP1";"ARE-PP1"
"14542";"ARERDP_230_1";"ARERDP_230_1"
"14543";"ARERDP_525_1";"ARERDP_525_1"
"14544";"ARERDP_525_2";"ARERDP_525_2"
"16947";"are-sw1";"are-sw1"
"16948";"are-sw2";"are-sw2"
"16949";"are-sw3";"are-sw3"
"16950";"are-sw4";"are-sw4"
"17344";"ARE-TD1";"ARE-TD1"
"17345";"ARE-TD2";"ARE-TD2"
"16759";"are-tmo";"are-tmo"
"14184";"ARE-UCS1";"ARE-UCS1"
"16213";"ARE-UCS1-alta";"ARE-UCS1-alta"
"14185";"ARE-UCS2";"ARE-UCS2"
"16214";"ARE-UCS2-baixa";"ARE-UCS2-baixa"
"13790";"ASS_PRI";"ASS_PRI"
"13924";"ASS_SEC";"ASS_SEC"
"17369";"ASS-2L2PA1";"ASS-2L2PA1"
"17370";"ASS-2L2PP1";"ASS-2L2PP1"
"17371";"ASS-4T1PA1";"ASS-4T1PA1"
"17372";"ASS-4T1PP1";"ASS-4T1PP1"
"16526";"ASS-DM705-01";"ASS-DM705-01"
"16527";"ASS-DM705-02";"ASS-DM705-02"
"16410";"ASS-DM880-01";"ASS-DM880-01"
"16411";"ASS-DM880-02";"ASS-DM880-02"
"14545";"ASSRDP_230_1";"ASSRDP_230_1"
"16853";"ASSTW_230_1";"ASSTW_230_1"
"14186";"ASS-UCS1";"ASS-UCS1"
"14187";"ASS-UCS2";"ASS-UCS2"
"14389";"ATL2_HL1";"ATL2_HL1"
"14390";"ATL2_HL2";"ATL2_HL2"
"13854";"ATL2_HOTLINES";"ATL2_HOTLINES"
"15545";"ATL2_HOTLINES_eth1";"ATL2_HOTLINES_eth1"
"15546";"ATL2_HOTLINES_eth2";"ATL2_HOTLINES_eth2"
"13791";"ATL2_PRI";"ATL2_PRI"
"13925";"ATL2_SEC";"ATL2_SEC"
"17386";"ATL2-1BPCD1";"ATL2-1BPCD1"
"17387";"ATL2-1BPCP1";"ATL2-1BPCP1"
"17391";"ATL2-1BUPP1";"ATL2-1BUPP1"
"17392";"ATL2-1BUPP2";"ATL2-1BUPP2"
"17393";"ATL2-1BUPP3";"ATL2-1BUPP3"
"17379";"ATL2-1L2CD1";"ATL2-1L2CD1"
"17380";"ATL2-1L2CP1";"ATL2-1L2CP1"
"17377";"ATL2-1L2PA1";"ATL2-1L2PA1"
"17378";"ATL2-1L2PP1";"ATL2-1L2PP1"
"17411";"ATL2-1L3CD1";"ATL2-1L3CD1"
"17412";"ATL2-1L3CP1";"ATL2-1L3CP1"
"17409";"ATL2-1L3PA1";"ATL2-1L3PA1"
"17410";"ATL2-1L3PP1";"ATL2-1L3PP1"
"17375";"ATL2-1L4CD1";"ATL2-1L4CD1"
"17376";"ATL2-1L4CP1";"ATL2-1L4CP1"
"17373";"ATL2-1L4PA1";"ATL2-1L4PA1"
"17374";"ATL2-1L4PP1";"ATL2-1L4PP1"
"17402";"ATL2-1L5CD1";"ATL2-1L5CD1"
"17403";"ATL2-1L5CP1";"ATL2-1L5CP1"
"17400";"ATL2-1L5PA1";"ATL2-1L5PA1"
"17401";"ATL2-1L5PP1";"ATL2-1L5PP1"
"17413";"ATL2-1T1CD1";"ATL2-1T1CD1"
"17414";"ATL2-1T1CP1";"ATL2-1T1CP1"
"17420";"ATL2-1T2CD1";"ATL2-1T2CD1"
"17421";"ATL2-1T2CP1";"ATL2-1T2CP1"
"17427";"ATL2-1T3CD1";"ATL2-1T3CD1"
"17428";"ATL2-1T3CP1";"ATL2-1T3CP1"
"17389";"ATL2-2BPCD1";"ATL2-2BPCD1"
"17390";"ATL2-2BPCP1";"ATL2-2BPCP1"
"17388";"ATL2-2BPP2";"ATL2-2BPP2"
"17394";"ATL2-2BUPP1";"ATL2-2BUPP1"
"17395";"ATL2-2BUPP2";"ATL2-2BUPP2"
"17396";"ATL2-2BUPP3";"ATL2-2BUPP3"
"17384";"ATL2-2L1CD1";"ATL2-2L1CD1"
"17385";"ATL2-2L1CP1";"ATL2-2L1CP1"
"17382";"ATL2-2L1PA1";"ATL2-2L1PA1"
"17383";"ATL2-2L1PP1";"ATL2-2L1PP1"
"17381";"ATL2-2L1PP2";"ATL2-2L1PP2"
"17407";"ATL2-2L2CD1";"ATL2-2L2CD1"
"17408";"ATL2-2L2CP1";"ATL2-2L2CP1"
"17405";"ATL2-2L2PA1";"ATL2-2L2PA1"
"17406";"ATL2-2L2PP1";"ATL2-2L2PP1"
"17404";"ATL2-2L2PP2";"ATL2-2L2PP2"
"17398";"ATL2-2SACP1";"ATL2-2SACP1"
"17399";"ATL2-2SACP2";"ATL2-2SACP2"
"17418";"ATL2-2T1CD1";"ATL2-2T1CD1"
"17419";"ATL2-2T1CP1";"ATL2-2T1CP1"
"17416";"ATL2-2T1PA1";"ATL2-2T1PA1"
"17417";"ATL2-2T1PP1";"ATL2-2T1PP1"
"17415";"ATL2-2T1PP2";"ATL2-2T1PP2"
"17425";"ATL2-2T2CD1";"ATL2-2T2CD1"
"17426";"ATL2-2T2CP1";"ATL2-2T2CP1"
"17423";"ATL2-2T2PA1";"ATL2-2T2PA1"
"17424";"ATL2-2T2PP1";"ATL2-2T2PP1"
"17422";"ATL2-2T2PP2";"ATL2-2T2PP2"
"17432";"ATL2-2T3CD1";"ATL2-2T3CD1"
"17433";"ATL2-2T3CP1";"ATL2-2T3CP1"
"17430";"ATL2-2T3PA1";"ATL2-2T3PA1"
"17431";"ATL2-2T3PP1";"ATL2-2T3PP1"
"17429";"ATL2-2T3PP2";"ATL2-2T3PP2"
"16528";"ATL2-DM705-01";"ATL2-DM705-01"
"16529";"ATL2-DM705-02";"ATL2-DM705-02"
"16472";"ATL2-DM880-01";"ATL2-DM880-01"
"16473";"ATL2-DM880-02";"ATL2-DM880-02"
"14547";"ATL2RDP_230_1";"ATL2RDP_230_1"
"15982";"ATL2RDP_230_2";"ATL2RDP_230_2"
"14546";"ATL2RDP_69_1";"ATL2RDP_69_1"
"10734";"atl2-rgr-87.123";"atl2-rgr-87.123"
"16951";"atl2-sw1";"atl2-sw1"
"16952";"atl2-sw2";"atl2-sw2"
"16953";"atl2-sw3";"atl2-sw3"
"16954";"atl2-sw4";"atl2-sw4"
"16955";"atl2-sw5";"atl2-sw5"
"16956";"atl2-sw6";"atl2-sw6"
"16957";"atl2-sw7";"atl2-sw7"
"16958";"atl2-sw8";"atl2-sw8"
"16760";"atl2-tmo";"atl2-tmo"
"17397";"ATL2-TSA1_2";"ATL2-TSA1_2"
"19979";"ATL2TW_230_1";"ATL2TW_230_1"
"14001";"ATL2-UCS1";"ATL2-UCS1"
"16215";"ATL2-UCS1-alta";"ATL2-UCS1-alta"
"14002";"ATL2-UCS2";"ATL2-UCS2"
"16216";"ATL2-UCS2-baixa";"ATL2-UCS2-baixa"
"14392";"BIG_HL_RGR";"BIG_HL_RGR"
"14391";"BIG_HL2";"BIG_HL2"
"13855";"BIG_HOTLINES";"BIG_HOTLINES"
"15547";"BIG_HOTLINES_eth1";"BIG_HOTLINES_eth1"
"15548";"BIG_HOTLINES_eth2";"BIG_HOTLINES_eth2"
"10433";"BIG_PRI1";"BIG_PRI1"
"10434";"BIG_PRI2";"BIG_PRI2"
"10435";"BIG_SEC1";"BIG_SEC1"
"10436";"BIG_SEC2";"BIG_SEC2"
"17504";"BIG-1L03CD2";"BIG-1L03CD2"
"17505";"BIG-1L03CP2";"BIG-1L03CP2"
"17499";"BIG-1L04FD1";"BIG-1L04FD1"
"17500";"BIG-1L04PP1";"BIG-1L04PP1"
"17501";"BIG-1L04PP2";"BIG-1L04PP2"
"17453";"BIG-1L05CD1";"BIG-1L05CD1"
"17454";"BIG-1L05CP1";"BIG-1L05CP1"
"17475";"BIG-1L07FD1";"BIG-1L07FD1"
"17476";"BIG-1L07PP1";"BIG-1L07PP1"
"17477";"BIG-1L07PP2";"BIG-1L07PP2"
"17441";"BIG-1L08FD1";"BIG-1L08FD1"
"17503";"BIG-1L3PP1";"BIG-1L3PP1"
"17506";"BIG-1LO3CD1";"BIG-1LO3CD1"
"17507";"BIG-1LO3CP1";"BIG-1LO3CP1"
"17502";"BIG-1LO3FD1";"BIG-1LO3FD1"
"17455";"BIG-1LO5CD2";"BIG-1LO5CD2"
"17456";"BIG-1LO5CP2";"BIG-1LO5CP2"
"17450";"BIG-1LO5FD1";"BIG-1LO5FD1"
"17451";"BIG-1LO5PP1";"BIG-1LO5PP1"
"17452";"BIG-1LO5PP2";"BIG-1LO5PP2"
"17495";"BIG-1LO6CD1";"BIG-1LO6CD1"
"17496";"BIG-1LO6CD2";"BIG-1LO6CD2"
"17497";"BIG-1LO6CP1";"BIG-1LO6CP1"
"17498";"BIG-1LO6CP2";"BIG-1LO6CP2"
"17492";"BIG-1LO6FD1";"BIG-1LO6FD1"
"17493";"BIG-1LO6PP1";"BIG-1LO6PP1"
"17494";"BIG-1LO6PP2";"BIG-1LO6PP2"
"17461";"BIG-1PBPP1";"BIG-1PBPP1"
"17462";"BIG-1PBPP2";"BIG-1PBPP2"
"17463";"BIG-1PBPP3";"BIG-1PBPP3"
"17534";"BIG-1T5FD1";"BIG-1T5FD1"
"17540";"BIG-1T6FD1";"BIG-1T6FD1"
"17549";"BIG-1T7CD1";"BIG-1T7CD1"
"17550";"BIG-1T7CP1";"BIG-1T7CP1"
"17548";"BIG-1T7FD1";"BIG-1T7FD1"
"17559";"BIG-1T8CD1";"BIG-1T8CD1"
"17560";"BIG-1T8CP1";"BIG-1T8CP1"
"17558";"BIG-1T8FD1";"BIG-1T8FD1"
"17459";"BIG-1TIEFD1";"BIG-1TIEFD1"
"17439";"BIG-2C1CD1";"BIG-2C1CD1"
"17440";"BIG-2C1CP1";"BIG-2C1CP1"
"17437";"BIG-2C1PA1";"BIG-2C1PA1"
"17438";"BIG-2C1PP1";"BIG-2C1PP1"
"17445";"BIG-2L04FD1";"BIG-2L04FD1"
"17446";"BIG-2L04PA1";"BIG-2L04PA1"
"17447";"BIG-2L04PP1";"BIG-2L04PP1"
"17472";"BIG-2L09FD1";"BIG-2L09FD1"
"17473";"BIG-2L09PA1";"BIG-2L09PA1"
"17474";"BIG-2L09PP1";"BIG-2L09PP1"
"17442";"BIG-2L11FD1";"BIG-2L11FD1"
"17443";"BIG-2L11PA1";"BIG-2L11PA1"
"17444";"BIG-2L11PP1";"BIG-2L11PP1"
"17457";"BIG-2L5PA1";"BIG-2L5PA1"
"17458";"BIG-2L5PP1";"BIG-2L5PP1"
"17464";"BIG-2PBPP1";"BIG-2PBPP1"
"17508";"BIG-2T1FD1";"BIG-2T1FD1"
"17515";"BIG-2T2CD1";"BIG-2T2CD1"
"17516";"BIG-2T2CP1";"BIG-2T2CP1"
"17514";"BIG-2T2FD1";"BIG-2T2FD1"
"17526";"BIG-2T3CD1";"BIG-2T3CD1"
"17527";"BIG-2T3CP1";"BIG-2T3CP1"
"17525";"BIG-2T3FD1";"BIG-2T3FD1"
"17535";"BIG-2T5FD1";"BIG-2T5FD1"
"17536";"BIG-2T5PA1";"BIG-2T5PA1"
"17537";"BIG-2T5PA2";"BIG-2T5PA2"
"17538";"BIG-2T5PP1";"BIG-2T5PP1"
"17539";"BIG-2T5PP2";"BIG-2T5PP2"
"17541";"BIG-2T6FD1";"BIG-2T6FD1"
"17542";"BIG-2T6PA1";"BIG-2T6PA1"
"17543";"BIG-2T6PA2";"BIG-2T6PA2"
"17544";"BIG-2T6PA3";"BIG-2T6PA3"
"17545";"BIG-2T6PP1";"BIG-2T6PP1"
"17546";"BIG-2T6PP2";"BIG-2T6PP2"
"17547";"BIG-2T6PP3";"BIG-2T6PP3"
"17556";"BIG-2T7CD1";"BIG-2T7CD1"
"17557";"BIG-2T7CP1";"BIG-2T7CP1"
"17551";"BIG-2T7FD1";"BIG-2T7FD1"
"17552";"BIG-2T7PA1";"BIG-2T7PA1"
"17553";"BIG-2T7PA2";"BIG-2T7PA2"
"17554";"BIG-2T7PP1";"BIG-2T7PP1"
"17555";"BIG-2T7PP2";"BIG-2T7PP2"
"17564";"BIG-2T8CD1";"BIG-2T8CD1"
"17565";"BIG-2T8CP1";"BIG-2T8CP1"
"17561";"BIG-2T8FD1";"BIG-2T8FD1"
"17562";"BIG-2T8PA1";"BIG-2T8PA1"
"17563";"BIG-2T8PP1";"BIG-2T8PP1"
"17460";"BIG-2TIEFD1";"BIG-2TIEFD1"
"17465";"BIG-2UCSD1";"BIG-2UCSD1"
"17466";"BIG-2UCSP1";"BIG-2UCSP1"
"17488";"BIG-50ACD1";"BIG-50ACD1"
"17489";"BIG-50ACP1";"BIG-50ACP1"
"17484";"BIG-50AFD1";"BIG-50AFD1"
"17490";"BIG-50CCD1";"BIG-50CCD1"
"17491";"BIG-50CCP1";"BIG-50CCP1"
"17485";"BIG-50CFD1";"BIG-50CFD1"
"17478";"BIG-51AFD2";"BIG-51AFD2"
"17509";"BIG-51BFD1";"BIG-51BFD1"
"17434";"BIG-52AFD1";"BIG-52AFD1"
"17517";"BIG-52BFD1";"BIG-52BFD1"
"17467";"BIG-52CFD1";"BIG-52CFD1"
"17528";"BIG-53BFD1";"BIG-53BFD1"
"17468";"BIG-53CFD1";"BIG-53CFD1"
"17470";"BIG-5CPTR3";"BIG-5CPTR3"
"17471";"BIG-5CPTR4";"BIG-5CPTR4"
"17435";"BIG-5L1PA1";"BIG-5L1PA1"
"17436";"BIG-5L1PP1";"BIG-5L1PP1"
"17448";"BIG-5LA3PA1";"BIG-5LA3PA1"
"17449";"BIG-5LA3PP1";"BIG-5LA3PP1"
"17469";"BIG-5PBPP1";"BIG-5PBPP1"
"17486";"BIG-5R3PA1";"BIG-5R3PA1"
"17487";"BIG-5R3PP1";"BIG-5R3PP1"
"17479";"BIG-5RBPA1";"BIG-5RBPA1"
"17480";"BIG-5RBPP1";"BIG-5RBPP1"
"17481";"BIG-5RL1FD1";"BIG-5RL1FD1"
"17482";"BIG-5RL1PA1";"BIG-5RL1PA1"
"17483";"BIG-5RL1PP1";"BIG-5RL1PP1"
"17510";"BIG-5T1PA1";"BIG-5T1PA1"
"17511";"BIG-5T1PA2";"BIG-5T1PA2"
"17512";"BIG-5T1PP1";"BIG-5T1PP1"
"17513";"BIG-5T1PP2";"BIG-5T1PP2"
"17523";"BIG-5T2CD1";"BIG-5T2CD1"
"17524";"BIG-5T2CP1";"BIG-5T2CP1"
"17518";"BIG-5T2PA1";"BIG-5T2PA1"
"17519";"BIG-5T2PA2";"BIG-5T2PA2"
"17520";"BIG-5T2PP1";"BIG-5T2PP1"
"17521";"BIG-5T2PP2";"BIG-5T2PP2"
"17522";"BIG-5T2PP3";"BIG-5T2PP3"
"17531";"BIG-5T3CD1";"BIG-5T3CD1"
"17532";"BIG-5T3CP1";"BIG-5T3CP1"
"17529";"BIG-5T3PA1";"BIG-5T3PA1"
"17530";"BIG-5T3PP1";"BIG-5T3PP1"
"16530";"BIG-DM705-01";"BIG-DM705-01"
"16531";"BIG-DM705-02";"BIG-DM705-02"
"16440";"BIG-DM880-01";"BIG-DM880-01"
"16441";"BIG-DM880-02";"BIG-DM880-02"
"14548";"BIGRDP_138_1";"BIGRDP_138_1"
"14549";"BIGRDP_138_2";"BIGRDP_138_2"
"15785";"BIGRDP_138_3";"BIGRDP_138_3"
"14550";"BIGRDP_230_1";"BIGRDP_230_1"
"14551";"BIGRDP_230_2";"BIGRDP_230_2"
"11559";"BIGRDP_230_3";"BIGRDP_230_3"
"11954";"BIGRDP_230_4";"BIGRDP_230_4"
"15784";"BIGRDP_230_5";"BIGRDP_230_5"
"14552";"BIGRDP_525_1";"BIGRDP_525_1"
"11955";"BIGRDP_525_2";"BIGRDP_525_2"
"16959";"big-sw";"big-sw"
"16960";"big-sw3";"big-sw3"
"16761";"big-tmo";"big-tmo"
"19983";"BIGTW_525_1";"BIGTW_525_1"
"14190";"BIG-UCS1";"BIG-UCS1"
"16217";"BIG-UCS1-alta";"BIG-UCS1-alta"
"14191";"BIG-UCS2";"BIG-UCS2"
"16220";"BIG-UCS2-baixa";"BIG-UCS2-baixa"
"17533";"BIG-UT3CP1";"BIG-UT3CP1"
"14394";"BLU_HL_RGR";"BLU_HL_RGR"
"14393";"BLU_HL1";"BLU_HL1"
"13856";"BLU_HOTLINES";"BLU_HOTLINES"
"15549";"BLU_HOTLINES_eth1";"BLU_HOTLINES_eth1"
"15550";"BLU_HOTLINES_eth2";"BLU_HOTLINES_eth2"
"10520";"BLU_PRI1";"BLU_PRI1"
"10522";"BLU_PRI2";"BLU_PRI2"
"10521";"BLU_SEC1";"BLU_SEC1"
"10523";"BLU_SEC2";"BLU_SEC2"
"17585";"BLU-21";"BLU-21"
"17586";"BLU-21A";"BLU-21A"
"17588";"BLU-21P";"BLU-21P"
"17598";"BLU-25_138";"BLU-25_138"
"17597";"BLU-25_230";"BLU-25_230"
"17596";"BLU-25_525";"BLU-25_525"
"17566";"BLU-2C1SY";"BLU-2C1SY"
"17567";"BLU-2C2SY";"BLU-2C2SY"
"17568";"BLU-2L06PA1";"BLU-2L06PA1"
"17569";"BLU-2L06PP1";"BLU-2L06PP1"
"17589";"BLU-2L1PA1";"BLU-2L1PA1"
"17590";"BLU-2L1PP1";"BLU-2L1PP1"
"17591";"BLU-2L2PA1";"BLU-2L2PA1"
"17592";"BLU-2L2PP1";"BLU-2L2PP1"
"17570";"BLU-2L7PA1";"BLU-2L7PA1"
"17571";"BLU-2L7PP1";"BLU-2L7PP1"
"17594";"BLU-2LPA1";"BLU-2LPA1"
"17593";"BLU-2LPP1";"BLU-2LPP1"
"17574";"BLU-4DBCD1";"BLU-4DBCD1"
"17575";"BLU-4DBCD2";"BLU-4DBCD2"
"17576";"BLU-4DBCP1";"BLU-4DBCP1"
"17577";"BLU-4DBCP2";"BLU-4DBCP2"
"17578";"BLU-4DCCD1";"BLU-4DCCD1"
"17579";"BLU-4DCCP1";"BLU-4DCCP1"
"17605";"BLU-50BF";"BLU-50BF"
"17613";"BLU-51_51G";"BLU-51_51G"
"17614";"BLU-51_51G_2F";"BLU-51_51G_2F"
"17615";"BLU-51_51G_2R";"BLU-51_51G_2R"
"17612";"BLU-51_51G_3F";"BLU-51_51G_3F"
"17582";"BLU-52BFC";"BLU-52BFC"
"17580";"BLU-5LA0PA1";"BLU-5LA0PA1"
"17581";"BLU-5LA0PP1";"BLU-5LA0PP1"
"17572";"BLU-5LB4PA1";"BLU-5LB4PA1"
"17573";"BLU-5LB4PP1";"BLU-5LB4PP1"
"17595";"BLU-5R1SY";"BLU-5R1SY"
"17608";"BLU-5R2CD1";"BLU-5R2CD1"
"17609";"BLU-5R2CP1";"BLU-5R2CP1"
"17606";"BLU-5R2PA1";"BLU-5R2PA1"
"17607";"BLU-5R2PP1";"BLU-5R2PP1"
"17610";"BLU-5R2SD1";"BLU-5R2SD1"
"17611";"BLU-5R2SP1";"BLU-5R2SP1"
"17599";"BLU-87AC";"BLU-87AC"
"17600";"BLU-87BC";"BLU-87BC"
"17587";"BLU-COM";"BLU-COM"
"16697";"BLU-DM4100";"BLU-DM4100"
"16532";"BLU-DM705-01";"BLU-DM705-01"
"16533";"BLU-DM705-02";"BLU-DM705-02"
"16442";"BLU-DM880-01";"BLU-DM880-01"
"16443";"BLU-DM880-02";"BLU-DM880-02"
"14553";"BLURDP_230_1";"BLURDP_230_1"
"14554";"BLURDP_230_2";"BLURDP_230_2"
"20082";"BLURDP_230_3";"BLURDP_230_3"
"14555";"BLURDP_525_1";"BLURDP_525_1"
"14556";"BLURDP_525_2";"BLURDP_525_2"
"15983";"BLURDP_525_3";"BLURDP_525_3"
"17603";"BLU-SK1APP1";"BLU-SK1APP1"
"17604";"BLU-SK1BPP1";"BLU-SK1BPP1"
"16961";"blu-sw1";"blu-sw1"
"16962";"blu-sw2";"blu-sw2"
"16963";"blu-sw3";"blu-sw3"
"16964";"blu-sw4";"blu-sw4"
"16965";"blu-sw5";"blu-sw5"
"16966";"blu-sw6";"blu-sw6"
"17601";"BLU-TD50_1";"BLU-TD50_1"
"17602";"BLU-TD50_2";"BLU-TD50_2"
"16762";"blu-tmo";"blu-tmo"
"14198";"BLU-UCS1";"BLU-UCS1"
"16218";"BLU-UCS1-alta";"BLU-UCS1-alta"
"14199";"BLU-UCS2";"BLU-UCS2"
"16219";"BLU-UCS2-baixa";"BLU-UCS2-baixa"
"17583";"BLU-UP21";"BLU-UP21"
"17584";"BLU-UP67";"BLU-UP67"
"17616";"BNE-PAL1";"BNE-PAL1"
"17617";"BNE-PPL1";"BNE-PPL1"
"20065";"BOA-CGR-NAD";"BOA-CGR-NAD"
"19925";"BOA-CIA-MGA";"BOA-CIA-MGA"
"19926";"BOA-MGA-CIA";"BOA-MGA-CIA"
"20064";"BOA-NAD-CGR";"BOA-NAD-CGR"
"19976";"BOA-RRS-LIV2";"BOA-RRS-LIV2"
"14395";"CAM3_HL1";"CAM3_HL1"
"14396";"CAM3_HL2";"CAM3_HL2"
"13857";"CAM3_HOTLINES";"CAM3_HOTLINES"
"15551";"CAM3_HOTLINES_eth1";"CAM3_HOTLINES_eth1"
"15552";"CAM3_HOTLINES_eth2";"CAM3_HOTLINES_eth2"
"13792";"CAM3_PRI";"CAM3_PRI"
"13926";"CAM3_SEC";"CAM3_SEC"
"17622";"CAM3-1BPCP1";"CAM3-1BPCP1"
"17620";"CAM3-1L1PP";"CAM3-1L1PP"
"17621";"CAM3-1L1PR";"CAM3-1L1PR"
"17645";"CAM3-1L2PP";"CAM3-1L2PP"
"17646";"CAM3-1L2PR";"CAM3-1L2PR"
"17618";"CAM3-1L3PP";"CAM3-1L3PP"
"17619";"CAM3-1L3PR";"CAM3-1L3PR"
"17635";"CAM3-1T1CP1";"CAM3-1T1CP1"
"17640";"CAM3-1T2CP1";"CAM3-1T2CP1"
"17623";"CAM3-2BPCD1";"CAM3-2BPCD1"
"17624";"CAM3-2BPCP1";"CAM3-2BPCP1"
"17625";"CAM3-2CU01";"CAM3-2CU01"
"17633";"CAM3-2L1CD1";"CAM3-2L1CD1"
"17634";"CAM3-2L1CP1";"CAM3-2L1CP1"
"17631";"CAM3-2L1PA";"CAM3-2L1PA"
"17632";"CAM3-2L1PP";"CAM3-2L1PP"
"17629";"CAM3-2L4CD1";"CAM3-2L4CD1"
"17630";"CAM3-2L4CP1";"CAM3-2L4CP1"
"17627";"CAM3-2L4PA";"CAM3-2L4PA"
"17628";"CAM3-2L4PP";"CAM3-2L4PP"
"17626";"CAM3-2SACP1";"CAM3-2SACP1"
"17638";"CAM3-2T1CD1";"CAM3-2T1CD1"
"17639";"CAM3-2T1CP1";"CAM3-2T1CP1"
"17636";"CAM3-2T1PA";"CAM3-2T1PA"
"17637";"CAM3-2T1PP";"CAM3-2T1PP"
"17643";"CAM3-2T2CD1";"CAM3-2T2CD1"
"17644";"CAM3-2T2CP1";"CAM3-2T2CP1"
"17641";"CAM3-2T2PA";"CAM3-2T2PA"
"17642";"CAM3-2T2PP";"CAM3-2T2PP"
"16534";"CAM3-DM705-01";"CAM3-DM705-01"
"16535";"CAM3-DM705-02";"CAM3-DM705-02"
"16474";"CAM3-DM880-01";"CAM3-DM880-01"
"16475";"CAM3-DM880-02";"CAM3-DM880-02"
"14557";"CAM3RDP_230";"CAM3RDP_230"
"10632";"cam3-rgr-20.154.125";"cam3-rgr-20.154.125"
"16763";"cam3-tmo";"cam3-tmo"
"14003";"CAM3-UCS1";"CAM3-UCS1"
"16221";"CAM3-UCS1-alta";"CAM3-UCS1-alta"
"14004";"CAM3-UCS2";"CAM3-UCS2"
"16222";"CAM3-UCS2-baixa";"CAM3-UCS2-baixa"
"12525";"CAM-ABT-01";"CAM-ABT-01"
"12526";"CAM-ABT-02";"CAM-ABT-02"
"12527";"CAM-ANA-01";"CAM-ANA-01"
"12528";"CAM-ANA-02";"CAM-ANA-02"
"12529";"CAM-ANA-03";"CAM-ANA-03"
"19989";"CAM-ANA-04";"CAM-ANA-04"
"19990";"CAM-ANA-05";"CAM-ANA-05"
"19988";"CAM-ANA-06";"CAM-ANA-06"
"12530";"CAM-ARE-01";"CAM-ARE-01"
"12531";"CAM-ARE-02";"CAM-ARE-02"
"12532";"CAM-ARE-03";"CAM-ARE-03"
"12533";"CAM-ARE-04";"CAM-ARE-04"
"12534";"CAM-ARE-05";"CAM-ARE-05"
"12535";"CAM-ARE-06";"CAM-ARE-06"
"12536";"CAM-ARE-07";"CAM-ARE-07"
"12537";"CAM-ARE-08";"CAM-ARE-08"
"12538";"CAM-ARE-09";"CAM-ARE-09"
"12539";"CAM-ARE-10";"CAM-ARE-10"
"12540";"CAM-ARE-11";"CAM-ARE-11"
"16855";"CAM-ASS-01";"CAM-ASS-01"
"16856";"CAM-ASS-02";"CAM-ASS-02"
"16857";"CAM-ASS-03";"CAM-ASS-03"
"16858";"CAM-ASS-04";"CAM-ASS-04"
"16859";"CAM-ASS-05";"CAM-ASS-05"
"12541";"CAM-ATL2-01";"CAM-ATL2-01"
"12542";"CAM-ATL2-02";"CAM-ATL2-02"
"12543";"CAM-BIG-01";"CAM-BIG-01"
"12544";"CAM-BIG-02";"CAM-BIG-02"
"12545";"CAM-BIG-03";"CAM-BIG-03"
"12546";"CAM-BIG-04";"CAM-BIG-04"
"12547";"CAM-BIG-05";"CAM-BIG-05"
"12548";"CAM-BIG-06";"CAM-BIG-06"
"12549";"CAM-BIG-07";"CAM-BIG-07"
"12884";"CAM-BIG-08";"CAM-BIG-08"
"12550";"CAM-BIG-09";"CAM-BIG-09"
"12551";"CAM-BIG-10";"CAM-BIG-10"
"12552";"CAM-BIG-11";"CAM-BIG-11"
"12553";"CAM-BIG-12";"CAM-BIG-12"
"12554";"CAM-BIG-13";"CAM-BIG-13"
"20023";"CAM-BIG-14";"CAM-BIG-14"
"12555";"CAM-BIG-COC-01";"CAM-BIG-COC-01"
"16875";"CAM-BIG-COC-02";"CAM-BIG-COC-02"
"16876";"CAM-BIG-COC-03";"CAM-BIG-COC-03"
"12556";"CAM-BLU-01";"CAM-BLU-01"
"12557";"CAM-BLU-02";"CAM-BLU-02"
"12558";"CAM-BLU-03";"CAM-BLU-03"
"12559";"CAM-BLU-04";"CAM-BLU-04"
"12560";"CAM-BLU-05";"CAM-BLU-05"
"12561";"CAM-BLU-06";"CAM-BLU-06"
"12562";"CAM-BLU-07";"CAM-BLU-07"
"12563";"CAM-BLU-08";"CAM-BLU-08"
"12564";"CAM-BLU-09";"CAM-BLU-09"
"12565";"CAM-BLU-10";"CAM-BLU-10"
"12566";"CAM-BLU-11";"CAM-BLU-11"
"12567";"CAM-BLU-12";"CAM-BLU-12"
"12568";"CAM-BLU-13";"CAM-BLU-13"
"12569";"CAM-BLU-Telecom";"CAM-BLU-Telecom"
"12576";"CAM-CAN-01";"CAM-CAN-01"
"12577";"CAM-CAN-02";"CAM-CAN-02"
"12578";"CAM-CAN-03";"CAM-CAN-03"
"12579";"CAM-CAX-01";"CAM-CAX-01"
"12580";"CAM-CAX-02";"CAM-CAX-02"
"12581";"CAM-CAX-03";"CAM-CAX-03"
"12582";"CAM-CAX-04";"CAM-CAX-04"
"12583";"CAM-CAX-05";"CAM-CAX-05"
"12584";"CAM-CAX-06";"CAM-CAX-06"
"12585";"CAM-CAX-07";"CAM-CAX-07"
"12586";"CAM-CAX-08";"CAM-CAX-08"
"12587";"CAM-CAX-09";"CAM-CAX-09"
"12588";"CAM-CAX-10";"CAM-CAX-10"
"16036";"CAM-CAX-11";"CAM-CAX-11"
"12589";"CAM-CAX5-01";"CAM-CAX5-01"
"12590";"CAM-CAX5-02";"CAM-CAX5-02"
"12591";"CAM-CAX5-03";"CAM-CAX5-03"
"12592";"CAM-CAX5-04";"CAM-CAX5-04"
"12593";"CAM-CAX5-05";"CAM-CAX5-05"
"12594";"CAM-CAX5-06";"CAM-CAX5-06"
"12595";"CAM-CAX6-01";"CAM-CAX6-01"
"12596";"CAM-CBA-01";"CAM-CBA-01"
"12597";"CAM-CBA-02";"CAM-CBA-02"
"12885";"CAM-CBA-03";"CAM-CBA-03"
"12598";"CAM-CBA-04";"CAM-CBA-04"
"12599";"CAM-CBA-05";"CAM-CBA-05"
"16360";"CAM-CBA-06";"CAM-CBA-06"
"16361";"CAM-CBA-07";"CAM-CBA-07"
"12600";"CAM-CGR-01";"CAM-CGR-01"
"12601";"CAM-CGR-02";"CAM-CGR-02"
"12602";"CAM-CGR-03";"CAM-CGR-03"
"12603";"CAM-CGR-04";"CAM-CGR-04"
"12604";"CAM-CGR-05";"CAM-CGR-05"
"16128";"CAM-CGR-06";"CAM-CGR-06"
"12605";"CAM-CHA-01";"CAM-CHA-01"
"12606";"CAM-CHA-02";"CAM-CHA-02"
"12607";"CAM-CHA-03";"CAM-CHA-03"
"12608";"CAM-CHA-04";"CAM-CHA-04"
"12609";"CAM-CMO-01";"CAM-CMO-01"
"12610";"CAM-CMO-02";"CAM-CMO-02"
"19914";"CAM-CMO-02-Sala-Controle";"CAM-CMO-02-Sala-Controle"
"16060";"CAM-CNE-01";"CAM-CNE-01"
"16064";"CAM-CNE-02";"CAM-CNE-02"
"16061";"CAM-CNE-03";"CAM-CNE-03"
"16062";"CAM-CNE-04";"CAM-CNE-04"
"16063";"CAM-CNE-05";"CAM-CNE-05"
"16059";"CAM-CNE-06";"CAM-CNE-06"
"16058";"CAM-CNE-07";"CAM-CNE-07"
"16056";"CAM-CNE-08";"CAM-CNE-08"
"16057";"CAM-CNE-09";"CAM-CNE-09"
"12622";"CAM-CNE-10";"CAM-CNE-10"
"12933";"CAM-CNG2-01";"CAM-CNG2-01"
"12934";"CAM-CNG2-02";"CAM-CNG2-02"
"12935";"CAM-CNG2-03";"CAM-CNG2-03"
"12936";"CAM-CNG2-04";"CAM-CNG2-04"
"12937";"CAM-CNG2-05";"CAM-CNG2-05"
"12938";"CAM-CNG2-06";"CAM-CNG2-06"
"12939";"CAM-CNG2-07";"CAM-CNG2-07"
"12940";"CAM-CNG2-08";"CAM-CNG2-08"
"12941";"CAM-CNG2-09";"CAM-CNG2-09"
"16053";"CAM-CNG3-01";"CAM-CNG3-01"
"16054";"CAM-CNG3-02";"CAM-CNG3-02"
"16055";"CAM-CNG3-03";"CAM-CNG3-03"
"16047";"CAM-CNG3-04";"CAM-CNG3-04"
"16048";"CAM-CNG3-05";"CAM-CNG3-05"
"16049";"CAM-CNG3-06";"CAM-CNG3-06"
"16050";"CAM-CNG3-07";"CAM-CNG3-07"
"16051";"CAM-CNG3-08";"CAM-CNG3-08"
"16052";"CAM-CNG3-09";"CAM-CNG3-09"
"12611";"CAM-CNO-01";"CAM-CNO-01"
"12612";"CAM-CNO-02";"CAM-CNO-02"
"12613";"CAM-CNO-03";"CAM-CNO-03"
"12614";"CAM-CNO-04";"CAM-CNO-04"
"12615";"CAM-CNO-05";"CAM-CNO-05"
"12616";"CAM-CNO-06";"CAM-CNO-06"
"12617";"CAM-CNO-07";"CAM-CNO-07"
"12618";"CAM-CNO-08";"CAM-CNO-08"
"12619";"CAM-CNO-09";"CAM-CNO-09"
"12620";"CAM-CNO-10";"CAM-CNO-10"
"12621";"CAM-CNO-11";"CAM-CNO-11"
"16152";"CAM-CNO-12";"CAM-CNO-12"
"13647";"CAM-CNO-13";"CAM-CNO-13"
"13648";"CAM-CNO-14";"CAM-CNO-14"
"20024";"CAM-CNO-15";"CAM-CNO-15"
"12623";"CAM-CNO-Telecom";"CAM-CNO-Telecom"
"20041";"CAM-CSE-01";"CAM-CSE-01"
"20042";"CAM-CSE-02";"CAM-CSE-02"
"20043";"CAM-CSE-03";"CAM-CSE-03"
"20044";"CAM-CSE-04";"CAM-CSE-04"
"20045";"CAM-CSE-05";"CAM-CSE-05"
"20046";"CAM-CSE-06";"CAM-CSE-06"
"12624";"CAM-CVO-01";"CAM-CVO-01"
"12625";"CAM-CVO-02";"CAM-CVO-02"
"20019";"CAM-CVO-03";"CAM-CVO-03"
"12626";"CAM-DOU-01";"CAM-DOU-01"
"12627";"CAM-DOU-02";"CAM-DOU-02"
"12628";"CAM-DOU-03";"CAM-DOU-03"
"12629";"CAM-DOU-04";"CAM-DOU-04"
"19954";"CAM-DOU-05";"CAM-DOU-05"
"12630";"CAM-DRO-01";"CAM-DRO-01"
"12631";"CAM-DRO-02";"CAM-DRO-02"
"16719";"CAM-DRO-03";"CAM-DRO-03"
"19995";"CAM-DRO-04";"CAM-DRO-04"
"12633";"CAM-FAR-01";"CAM-FAR-01"
"12634";"CAM-FAR-02";"CAM-FAR-02"
"12635";"CAM-FAR-03";"CAM-FAR-03"
"12636";"CAM-FAR-04";"CAM-FAR-04"
"12637";"CAM-FAR-05";"CAM-FAR-05"
"12638";"CAM-FCO-01";"CAM-FCO-01"
"12639";"CAM-FCO-02";"CAM-FCO-02"
"12640";"CAM-FCO-03";"CAM-FCO-03"
"12641";"CAM-FCO-04";"CAM-FCO-04"
"12642";"CAM-FCO-05";"CAM-FCO-05"
"12643";"CAM-FCO-06";"CAM-FCO-06"
"12644";"CAM-FCO-07";"CAM-FCO-07"
"12645";"CAM-FHA-01";"CAM-FHA-01"
"12646";"CAM-FHA-02";"CAM-FHA-02"
"20002";"CAM-FHA-03";"CAM-FHA-03"
"12647";"CAM-GAR1-01";"CAM-GAR1-01"
"12648";"CAM-GAR1-02";"CAM-GAR1-02"
"12649";"CAM-GAS2-01";"CAM-GAS2-01"
"12650";"CAM-GAS2-02";"CAM-GAS2-02"
"16134";"CAM-GAS2-03";"CAM-GAS2-03"
"16135";"CAM-GAS2-04";"CAM-GAS2-04"
"16136";"CAM-GAS2-05";"CAM-GAS2-05"
"16137";"CAM-GAS2-06";"CAM-GAS2-06"
"16138";"CAM-GAS2-07";"CAM-GAS2-07"
"16139";"CAM-GAS2-08";"CAM-GAS2-08"
"16140";"CAM-GAS2-09";"CAM-GAS2-09"
"16141";"CAM-GAS2-10";"CAM-GAS2-10"
"16142";"CAM-GAS2-11";"CAM-GAS2-11"
"16143";"CAM-GAS2-12";"CAM-GAS2-12"
"16144";"CAM-GAS2-13";"CAM-GAS2-13"
"16145";"CAM-GAS2-14";"CAM-GAS2-14"
"16880";"CAM-GAS2-SALACOM1";"CAM-GAS2-SALACOM1"
"16881";"CAM-GAS2-SALACOM2";"CAM-GAS2-SALACOM2"
"12651";"CAM-GRA-01";"CAM-GRA-01"
"12652";"CAM-GRA-02";"CAM-GRA-02"
"12654";"CAM-GRA-03";"CAM-GRA-03"
"12655";"CAM-GRA-04";"CAM-GRA-04"
"12656";"CAM-GRA-05";"CAM-GRA-05"
"12653";"CAM-GRA-06";"CAM-GRA-06"
"19913";"CAM-GRA-07";"CAM-GRA-07"
"12657";"CAM-GRA2-01";"CAM-GRA2-01"
"12658";"CAM-GRA2-02";"CAM-GRA2-02"
"12659";"CAM-GRA3-01";"CAM-GRA3-01"
"12660";"CAM-GRA3-02";"CAM-GRA3-02"
"12661";"CAM-GRA3-03";"CAM-GRA3-03"
"12662";"CAM-GRA3-04";"CAM-GRA3-04"
"12663";"CAM-GRA3-05";"CAM-GRA3-05"
"12664";"CAM-GRT-01";"CAM-GRT-01"
"12665";"CAM-GRT-02";"CAM-GRT-02"
"19955";"CAM-GRT-03";"CAM-GRT-03"
"12666";"CAM-GUA-01";"CAM-GUA-01"
"12667";"CAM-GUA-02";"CAM-GUA-02"
"16860";"CAM-GUA3-01";"CAM-GUA3-01"
"16861";"CAM-GUA3-02";"CAM-GUA3-02"
"16862";"CAM-GUA3-03";"CAM-GUA3-03"
"16863";"CAM-GUA3-04";"CAM-GUA3-04"
"16864";"CAM-GUA3-05";"CAM-GUA3-05"
"16865";"CAM-GUA3-06";"CAM-GUA3-06"
"12570";"CAM-GUO-01";"CAM-GUO-01"
"12571";"CAM-GUO-02";"CAM-GUO-02"
"12572";"CAM-GUO-03";"CAM-GUO-03"
"12573";"CAM-GUO-04";"CAM-GUO-04"
"12574";"CAM-GUO-05";"CAM-GUO-05"
"12575";"CAM-GUO-06";"CAM-GUO-06"
"12668";"CAM-IJU2-01";"CAM-IJU2-01"
"12669";"CAM-IJU2-02";"CAM-IJU2-02"
"12670";"CAM-IJU2-03";"CAM-IJU2-03"
"19994";"CAM-IJU2-04";"CAM-IJU2-04"
"19915";"CAM-IRN-01";"CAM-IRN-01"
"19916";"CAM-IRN-02";"CAM-IRN-02"
"19917";"CAM-IRN-03";"CAM-IRN-03"
"19918";"CAM-IRN-04";"CAM-IRN-04"
"19919";"CAM-IRN-05";"CAM-IRN-05"
"19920";"CAM-IRN-06";"CAM-IRN-06"
"12671";"CAM-ITJ-01";"CAM-ITJ-01"
"12672";"CAM-ITJ-02";"CAM-ITJ-02"
"12673";"CAM-ITJ-03";"CAM-ITJ-03"
"12674";"CAM-ITJ-04";"CAM-ITJ-04"
"15908";"CAM-ITJ-05";"CAM-ITJ-05"
"15909";"CAM-ITJ-06";"CAM-ITJ-06"
"20009";"CAM-ITJ-07";"CAM-ITJ-07"
"20034";"CAM-ITR-01";"CAM-ITR-01"
"20035";"CAM-ITR-02";"CAM-ITR-02"
"16889";"CAM-IVI2-01";"CAM-IVI2-01"
"16888";"CAM-IVI2-02";"CAM-IVI2-02"
"16887";"CAM-IVI2-03";"CAM-IVI2-03"
"16886";"CAM-IVI2-04";"CAM-IVI2-04"
"16885";"CAM-IVI2-05";"CAM-IVI2-05"
"16884";"CAM-IVI2-06-SalaComando";"CAM-IVI2-06-SalaComando"
"16883";"CAM-IVI2-07-SalaReles";"CAM-IVI2-07-SalaReles"
"16878";"CAM-IVI2-08-SalaReles";"CAM-IVI2-08-SalaReles"
"16877";"CAM-IVI2-09-TorreTelecomDESATIVADA";"CAM-IVI2-09-TorreTelecomDESATIVADA"
"12675";"CAM-IVP-01";"CAM-IVP-01"
"12676";"CAM-IVP-02";"CAM-IVP-02"
"12677";"CAM-IVP-03";"CAM-IVP-03"
"12678";"CAM-IVP-04";"CAM-IVP-04"
"12679";"CAM-IVP-05";"CAM-IVP-05"
"14909";"CAM-IVP-06";"CAM-IVP-06"
"14910";"CAM-IVP-07";"CAM-IVP-07"
"19929";"CAM-IVP-08";"CAM-IVP-08"
"16842";"CAM-JAS-01";"CAM-JAS-01"
"16843";"CAM-JAS-02";"CAM-JAS-02"
"16844";"CAM-JAS-03";"CAM-JAS-03"
"16845";"CAM-JAS-04";"CAM-JAS-04"
"16846";"CAM-JAS-05";"CAM-JAS-05"
"16847";"CAM-JAS-06";"CAM-JAS-06"
"16848";"CAM-JAS-07";"CAM-JAS-07"
"16849";"CAM-JAS-08";"CAM-JAS-08"
"16850";"CAM-JAS-09";"CAM-JAS-09"
"16851";"CAM-JAS-10";"CAM-JAS-10"
"16852";"CAM-JAS-11";"CAM-JAS-11"
"12680";"CAM-JLA-01";"CAM-JLA-01"
"12681";"CAM-JLA-02";"CAM-JLA-02"
"20003";"CAM-JLB-01-Sala de Comando";"CAM-JLB-01-Sala de Comando"
"12682";"CAM-JNO-01";"CAM-JNO-01"
"12683";"CAM-JNO-02";"CAM-JNO-02"
"12684";"CAM-JNO-03";"CAM-JNO-03"
"12685";"CAM-JNO-04";"CAM-JNO-04"
"12686";"CAM-JNO-05";"CAM-JNO-05"
"12687";"CAM-JNO-06";"CAM-JNO-06"
"12688";"CAM-JNO-07";"CAM-JNO-07"
"12689";"CAM-JNO-08";"CAM-JNO-08"
"12690";"CAM-JNO-09";"CAM-JNO-09"
"12691";"CAM-JOI-01";"CAM-JOI-01"
"12692";"CAM-JOI-02";"CAM-JOI-02"
"12693";"CAM-JOI-03";"CAM-JOI-03"
"12694";"CAM-JOI-04";"CAM-JOI-04"
"12695";"CAM-JOI-05";"CAM-JOI-05"
"12696";"CAM-JOI-06";"CAM-JOI-06"
"19936";"CAM-JSU-01";"CAM-JSU-01"
"19937";"CAM-JSU-02";"CAM-JSU-02"
"19938";"CAM-JSU-03";"CAM-JSU-03"
"19939";"CAM-JSU-04";"CAM-JSU-04"
"19940";"CAM-JSU-05";"CAM-JSU-05"
"19941";"CAM-JSU-06";"CAM-JSU-06"
"19942";"CAM-JSU-07";"CAM-JSU-07"
"19943";"CAM-JSU-08";"CAM-JSU-08"
"19944";"CAM-JSU-09";"CAM-JSU-09"
"19945";"CAM-JSU-10";"CAM-JSU-10"
"19946";"CAM-JSU-11";"CAM-JSU-11"
"19947";"CAM-JSU-12";"CAM-JSU-12"
"19948";"CAM-JSU-13";"CAM-JSU-13"
"19949";"CAM-JSU-14";"CAM-JSU-14"
"19950";"CAM-JSU-15";"CAM-JSU-15"
"19951";"CAM-JSU-16";"CAM-JSU-16"
"19952";"CAM-JSU-17";"CAM-JSU-17"
"12697";"CAM-LGR-01";"CAM-LGR-01"
"12698";"CAM-LGR-02";"CAM-LGR-02"
"12699";"CAM-LGR-03";"CAM-LGR-03"
"12948";"CAM-LIV3-01";"CAM-LIV3-01"
"12949";"CAM-LIV3-02";"CAM-LIV3-02"
"16065";"CAM-LIV3-03";"CAM-LIV3-03"
"16066";"CAM-LIV3-04";"CAM-LIV3-04"
"16067";"CAM-LIV3-05";"CAM-LIV3-05"
"12700";"CAM-LNA-01";"CAM-LNA-01"
"12701";"CAM-LNA-02";"CAM-LNA-02"
"17261";"CAM-LNA-03";"CAM-LNA-03"
"17262";"CAM-LNA-04";"CAM-LNA-04"
"12702";"CAM-LNS-01";"CAM-LNS-01"
"12703";"CAM-LNS-02";"CAM-LNS-02"
"12704";"CAM-LNS-03";"CAM-LNS-03"
"12705";"CAM-LNS-04";"CAM-LNS-04"
"12706";"CAM-LNS-05";"CAM-LNS-05"
"12707";"CAM-LNS-06";"CAM-LNS-06"
"12708";"CAM-LON-01";"CAM-LON-01"
"12709";"CAM-LON-02";"CAM-LON-02"
"12710";"CAM-LON-03";"CAM-LON-03"
"12711";"CAM-LON-04";"CAM-LON-04"
"12712";"CAM-LON-05";"CAM-LON-05"
"12713";"CAM-LON-06";"CAM-LON-06"
"12714";"CAM-LON-07";"CAM-LON-07"
"12715";"CAM-LON-08";"CAM-LON-08"
"12716";"CAM-LON-09";"CAM-LON-09"
"12717";"CAM-LON-10";"CAM-LON-10"
"12718";"CAM-LON-11";"CAM-LON-11"
"19933";"CAM-LON-12";"CAM-LON-12"
"12719";"CAM-LON-TELECOM";"CAM-LON-TELECOM"
"12720";"CAM-MBR-01";"CAM-MBR-01"
"12721";"CAM-MBR-02";"CAM-MBR-02"
"12722";"CAM-MBR3-01";"CAM-MBR3-01"
"12723";"CAM-MBR3-02";"CAM-MBR3-02"
"12724";"CAM-MBR3-03";"CAM-MBR3-03"
"12725";"CAM-MBR3-04";"CAM-MBR3-04"
"12726";"CAM-MBR3-05";"CAM-MBR3-05"
"12727";"CAM-MBR3-06";"CAM-MBR3-06"
"12728";"CAM-MCH-01";"CAM-MCH-01"
"12729";"CAM-MCH-02";"CAM-MCH-02"
"12730";"CAM-MCL-01";"CAM-MCL-01"
"12731";"CAM-MCL-02";"CAM-MCL-02"
"12732";"CAM-MIM-01";"CAM-MIM-01"
"12733";"CAM-MIM-02";"CAM-MIM-02"
"12876";"CAM-MIM2-01";"CAM-MIM2-01"
"13390";"CAM-MIM2-02";"CAM-MIM2-02"
"13391";"CAM-MIM2-03";"CAM-MIM2-03"
"13392";"CAM-MIM2-04";"CAM-MIM2-04"
"13393";"CAM-MIM2-05";"CAM-MIM2-05"
"13394";"CAM-MIM2-06";"CAM-MIM2-06"
"13395";"CAM-MIM2-07";"CAM-MIM2-07"
"13396";"CAM-MIM2-08";"CAM-MIM2-08"
"13397";"CAM-MIM2-09-G";"CAM-MIM2-09-G"
"13398";"CAM-MIM2-09-SB";"CAM-MIM2-09-SB"
"12734";"CAM-MIS-01";"CAM-MIS-01"
"12735";"CAM-MIS-02";"CAM-MIS-02"
"12736";"CAM-MIS-03";"CAM-MIS-03"
"12737";"CAM-MIS-04";"CAM-MIS-04"
"19981";"CAM-MIS-05";"CAM-MIS-05"
"20050";"CAM-MRO2-01";"CAM-MRO2-01"
"20051";"CAM-MRO2-02";"CAM-MRO2-02"
"20052";"CAM-MRO2-03";"CAM-MRO2-03"
"20053";"CAM-MRO2-04";"CAM-MRO2-04"
"12738";"CAM-MRO2-05";"CAM-MRO2-05"
"20054";"CAM-MRO2-06";"CAM-MRO2-06"
"20055";"CAM-MRO2-07";"CAM-MRO2-07"
"20056";"CAM-MRO2-08";"CAM-MRO2-08"
"20057";"CAM-MRO2-09";"CAM-MRO2-09"
"12739";"CAM-NPE2-01";"CAM-NPE2-01"
"12740";"CAM-NPE2-02";"CAM-NPE2-02"
"12741";"CAM-NPE2-03";"CAM-NPE2-03"
"12742";"CAM-NPE2-04";"CAM-NPE2-04"
"12743";"CAM-NPR2-01";"CAM-NPR2-01"
"12744";"CAM-NPR2-02";"CAM-NPR2-02"
"12745";"CAM-NSR-01";"CAM-NSR-01"
"12746";"CAM-NSR-02";"CAM-NSR-02"
"12747";"CAM-NSR-03";"CAM-NSR-03"
"12748";"CAM-NSR-04";"CAM-NSR-04"
"12749";"CAM-NSR-05";"CAM-NSR-05"
"12750";"CAM-NSR-06";"CAM-NSR-06"
"12751";"CAM-NSR-07";"CAM-NSR-07"
"12752";"CAM-NSR-08";"CAM-NSR-08"
"12753";"CAM-NSR-09";"CAM-NSR-09"
"12754";"CAM-NSR-10";"CAM-NSR-10"
"12755";"CAM-NSR-11";"CAM-NSR-11"
"12756";"CAM-NSR-12";"CAM-NSR-12"
"12757";"CAM-NSR-13";"CAM-NSR-13"
"12758";"CAM-NSR-14";"CAM-NSR-14"
"12759";"CAM-NSR-Telecom";"CAM-NSR-Telecom"
"12760";"CAM-OSO2-01";"CAM-OSO2-01"
"12761";"CAM-PAL-01";"CAM-PAL-01"
"12762";"CAM-PAL-02";"CAM-PAL-02"
"12763";"CAM-PAL-03";"CAM-PAL-03"
"12764";"CAM-PAL-04";"CAM-PAL-04"
"12765";"CAM-PAL-05";"CAM-PAL-05"
"19993";"CAM-PAL-30";"CAM-PAL-30"
"12766";"CAM-PFU-01";"CAM-PFU-01"
"12767";"CAM-PFU-02";"CAM-PFU-02"
"12768";"CAM-PFU-03";"CAM-PFU-03"
"12769";"CAM-PGR-01";"CAM-PGR-01"
"12770";"CAM-PGR-02";"CAM-PGR-02"
"12771";"CAM-PGR-03";"CAM-PGR-03"
"12772";"CAM-PGR-04";"CAM-PGR-04"
"12773";"CAM-PGR-05";"CAM-PGR-05"
"12774";"CAM-PGR-06";"CAM-PGR-06"
"20010";"CAM-PIN2-01";"CAM-PIN2-01"
"20011";"CAM-PIN2-02";"CAM-PIN2-02"
"20012";"CAM-PIN2-03";"CAM-PIN2-03"
"20013";"CAM-PIN2-04";"CAM-PIN2-04"
"20014";"CAM-PIN2-05";"CAM-PIN2-05"
"20015";"CAM-PIN2-06";"CAM-PIN2-06"
"20016";"CAM-PIN2-07";"CAM-PIN2-07"
"20017";"CAM-PIN2-08";"CAM-PIN2-08"
"20067";"CAM-PNO-01";"CAM-PNO-01"
"20068";"CAM-PNO-02";"CAM-PNO-02"
"20070";"CAM-PNO-03";"CAM-PNO-03"
"20069";"CAM-PNO-04";"CAM-PNO-04"
"20071";"CAM-PNO-05";"CAM-PNO-05"
"20072";"CAM-PNO-06";"CAM-PNO-06"
"20073";"CAM-PNO-07";"CAM-PNO-07"
"20074";"CAM-PNO-08";"CAM-PNO-08"
"12775";"CAM-SCR1-01";"CAM-SCR1-01"
"12776";"CAM-SCR1-02";"CAM-SCR1-02"
"16716";"CAM-SDI-01";"CAM-SDI-01"
"16717";"CAM-SDI-02";"CAM-SDI-02"
"16718";"CAM-SDI-03";"CAM-SDI-03"
"16917";"CAM-SDI-04";"CAM-SDI-04"
"16918";"CAM-SDI-05";"CAM-SDI-05"
"12784";"CAM-SED-CPD-01";"CAM-SED-CPD-01"
"12785";"CAM-SED-TELECOM-01";"CAM-SED-TELECOM-01"
"12786";"CAM-SED-TELECOM-02";"CAM-SED-TELECOM-02"
"12787";"CAM-SED-TELEFONIA";"CAM-SED-TELEFONIA"
"12788";"CAM-SID-01";"CAM-SID-01"
"12789";"CAM-SID-02";"CAM-SID-02"
"12790";"CAM-SID-03";"CAM-SID-03"
"20001";"CAM-SID-04";"CAM-SID-04"
"12791";"CAM-SMA3-01";"CAM-SMA3-01"
"12792";"CAM-SMA3-02";"CAM-SMA3-02"
"12793";"CAM-SMA3-03";"CAM-SMA3-03"
"12794";"CAM-SMA3-04";"CAM-SMA3-04"
"12795";"CAM-SMA3-05";"CAM-SMA3-05"
"12796";"CAM-SMA3-06";"CAM-SMA3-06"
"12797";"CAM-SMA3-07";"CAM-SMA3-07"
"12798";"CAM-SMA3-08";"CAM-SMA3-08"
"12799";"CAM-SOS-01";"CAM-SOS-01"
"12800";"CAM-SOS-02";"CAM-SOS-02"
"12801";"CAM-SOS-03";"CAM-SOS-03"
"12802";"CAM-SOS-04";"CAM-SOS-04"
"12803";"CAM-SOS-05";"CAM-SOS-05"
"19934";"CAM-SOS-06";"CAM-SOS-06"
"12804";"CAM-SSA-01";"CAM-SSA-01"
"12805";"CAM-SSA-02";"CAM-SSA-02"
"12806";"CAM-SSA-03";"CAM-SSA-03"
"12807";"CAM-SSA-04";"CAM-SSA-04"
"12808";"CAM-SSA-05";"CAM-SSA-05"
"12809";"CAM-SSA-06";"CAM-SSA-06"
"19932";"CAM-SSA-07";"CAM-SSA-07"
"12810";"CAM-STA-01";"CAM-STA-01"
"12811";"CAM-STA-02";"CAM-STA-02"
"12812";"CAM-STA-03";"CAM-STA-03"
"12813";"CAM-STA-04";"CAM-STA-04"
"12814";"CAM-STA-05";"CAM-STA-05"
"12815";"CAM-STA-06";"CAM-STA-06"
"12816";"CAM-STA-07";"CAM-STA-07"
"12817";"CAM-STA-08";"CAM-STA-08"
"12818";"CAM-STA-09";"CAM-STA-09"
"12819";"CAM-STA-10";"CAM-STA-10"
"12820";"CAM-STA-11";"CAM-STA-11"
"12821";"CAM-STA-12";"CAM-STA-12"
"12822";"CAM-STA-13";"CAM-STA-13"
"12823";"CAM-TPR2-01";"CAM-TPR2-01"
"12824";"CAM-TPR2-02";"CAM-TPR2-02"
"12825";"CAM-TPR2-03";"CAM-TPR2-03"
"20059";"CAM-TPR2-30";"CAM-TPR2-30"
"12826";"CAM-UHBC-CF-EXT";"CAM-UHBC-CF-EXT"
"12827";"CAM-UHBC-CF-INT";"CAM-UHBC-CF-INT"
"12828";"CAM-UHBC-Montante";"CAM-UHBC-Montante"
"12836";"CAM-UHJB-09-Vertedouro";"CAM-UHJB-09-Vertedouro"
"12829";"CAM-UHJB-Canal-Fuga";"CAM-UHJB-Canal-Fuga"
"12830";"CAM-UHJB-Cubiculo";"CAM-UHJB-Cubiculo"
"12831";"CAM-UHJB-Descarga";"CAM-UHJB-Descarga"
"12832";"CAM-UHJB-Tomada";"CAM-UHJB-Tomada"
"12833";"CAM-UHJB-UG1";"CAM-UHJB-UG1"
"12834";"CAM-UHJB-UG2";"CAM-UHJB-UG2"
"12835";"CAM-UHJB-UG3";"CAM-UHJB-UG3"
"12838";"CAM-UHPJ-Comporta-Flap";"CAM-UHPJ-Comporta-Flap"
"12839";"CAM-UHPJ-Descarga-Montagem";"CAM-UHPJ-Descarga-Montagem"
"12840";"CAM-UHPJ-Estacionamento";"CAM-UHPJ-Estacionamento"
"12841";"CAM-UHPJ-Galeria-Turbinas";"CAM-UHPJ-Galeria-Turbinas"
"12842";"CAM-UHPJ-Geradores";"CAM-UHPJ-Geradores"
"12843";"CAM-UHPJ-Guarita";"CAM-UHPJ-Guarita"
"12844";"CAM-UHPJ-Mec-Inf";"CAM-UHPJ-Mec-Inf"
"12845";"CAM-UHPJ-Mec-Sup";"CAM-UHPJ-Mec-Sup"
"12846";"CAM-UHPJ-Regua-Montante";"CAM-UHPJ-Regua-Montante"
"12848";"CAM-UHPJ-Sala-Paineis-1";"CAM-UHPJ-Sala-Paineis-1"
"12849";"CAM-UHPJ-Sala-Paineis-2";"CAM-UHPJ-Sala-Paineis-2"
"12847";"CAM-UHPJ-SE-ROQ";"CAM-UHPJ-SE-ROQ"
"12850";"CAM-UHPJ-Tomada-Agua";"CAM-UHPJ-Tomada-Agua"
"12851";"CAM-UHPJ-UG1";"CAM-UHPJ-UG1"
"12852";"CAM-UHPJ-UG2";"CAM-UHPJ-UG2"
"12853";"CAM-UHPJ-Vertedouro-1";"CAM-UHPJ-Vertedouro-1"
"12854";"CAM-UHPJ-Vertedouro-2";"CAM-UHPJ-Vertedouro-2"
"12855";"CAM-UHPJ-Vertedouro-3";"CAM-UHPJ-Vertedouro-3"
"12856";"CAM-UHPJ-Vertedouro-4";"CAM-UHPJ-Vertedouro-4"
"12857";"CAM-UHPJ-Vertedouro-5";"CAM-UHPJ-Vertedouro-5"
"12858";"CAM-UHPJ-Vertedouro-6";"CAM-UHPJ-Vertedouro-6"
"12859";"CAM-UHPJ-Vertedouro-7";"CAM-UHPJ-Vertedouro-7"
"12866";"CAM-UHSD-10-Torre-Telecom";"CAM-UHSD-10-Torre-Telecom"
"19935";"CAM-UHSD-16-Escada-Peixes";"CAM-UHSD-16-Escada-Peixes"
"12860";"CAM-UHSD-Caixa-Separadora-Oleo";"CAM-UHSD-Caixa-Separadora-Oleo"
"16120";"CAM-UHSD-CanalFuga";"CAM-UHSD-CanalFuga"
"16742";"CAM-UHSD-CGH";"CAM-UHSD-CGH"
"12861";"CAM-UHSD-Hidraulica";"CAM-UHSD-Hidraulica"
"12862";"CAM-UHSD-Jusante";"CAM-UHSD-Jusante"
"12863";"CAM-UHSD-Montagem";"CAM-UHSD-Montagem"
"12864";"CAM-UHSD-Poco-Drenagem";"CAM-UHSD-Poco-Drenagem"
"16121";"CAM-UHSD-ReguaNivelMontante";"CAM-UHSD-ReguaNivelMontante"
"12865";"CAM-UHSD-Tomada";"CAM-UHSD-Tomada"
"12867";"CAM-UHSD-UG1";"CAM-UHSD-UG1"
"12868";"CAM-UHSD-UG2";"CAM-UHSD-UG2"
"12869";"CAM-UHSD-Vertedouro1-Estatica";"CAM-UHSD-Vertedouro1-Estatica"
"12870";"CAM-UHSD-Vertedouro2-Comporta";"CAM-UHSD-Vertedouro2-Comporta"
"12871";"CAM-UHSD-Vertedouro2-Estatica";"CAM-UHSD-Vertedouro2-Estatica"
"12872";"CAM-VIN-01";"CAM-VIN-01"
"12873";"CAM-VIN-02";"CAM-VIN-02"
"16710";"CAM-VMT-01";"CAM-VMT-01"
"16711";"CAM-VMT-02";"CAM-VMT-02"
"16712";"CAM-VMT-03";"CAM-VMT-03"
"16713";"CAM-VMT-04";"CAM-VMT-04"
"16714";"CAM-VMT-05";"CAM-VMT-05"
"16715";"CAM-VMT-06";"CAM-VMT-06"
"12874";"CAM-XAN-01";"CAM-XAN-01"
"12875";"CAM-XAN-02";"CAM-XAN-02"
"13785";"CAM-XAN-03";"CAM-XAN-03"
"12877";"CAM-XAN-04";"CAM-XAN-04"
"12878";"CAM-XAN-05";"CAM-XAN-05"
"12879";"CAM-XAN-06";"CAM-XAN-06"
"20021";"CAM-XAN-07";"CAM-XAN-07"
"12880";"CAM-YTA-01";"CAM-YTA-01"
"12881";"CAM-YTA-02";"CAM-YTA-02"
"12882";"CAM-YTA-03";"CAM-YTA-03"
"12883";"CAM-YTA-04";"CAM-YTA-04"
"20022";"CAM-YTA-05";"CAM-YTA-05"
"20028";"CAM-YTA-06";"CAM-YTA-06"
"20029";"CAM-YTA-07";"CAM-YTA-07"
"20030";"CAM-YTA-30";"CAM-YTA-30"
"14397";"CAN_HL1";"CAN_HL1"
"14398";"CAN_HL2";"CAN_HL2"
"13858";"CAN_HOTLINES";"CAN_HOTLINES"
"15553";"CAN_HOTLINES_eth1";"CAN_HOTLINES_eth1"
"15554";"CAN_HOTLINES_eth2";"CAN_HOTLINES_eth2"
"13793";"CAN_PRI";"CAN_PRI"
"13927";"CAN_SEC";"CAN_SEC"
"17649";"CAN-2C1CD1";"CAN-2C1CD1"
"17650";"CAN-2C1CD2";"CAN-2C1CD2"
"17651";"CAN-2C1CP1";"CAN-2C1CP1"
"17652";"CAN-2C1CP2";"CAN-2C1CP2"
"17647";"CAN-2C1PA1";"CAN-2C1PA1"
"17648";"CAN-2C1PP1";"CAN-2C1PP1"
"17653";"CAN-2SACP1";"CAN-2SACP1"
"17655";"CAN-2T1PA1";"CAN-2T1PA1"
"17656";"CAN-2T1PP1";"CAN-2T1PP1"
"17657";"CAN-2T2PA1";"CAN-2T2PA1"
"17658";"CAN-2T2PP1";"CAN-2T2PP1"
"17659";"CAN-2T3PA1";"CAN-2T3PA1"
"17660";"CAN-2T3PP1";"CAN-2T3PP1"
"17654";"CAN-87B";"CAN-87B"
"16536";"CAN-DM705-01";"CAN-DM705-01"
"16537";"CAN-DM705-02";"CAN-DM705-02"
"16444";"CAN-DM880-01";"CAN-DM880-01"
"16445";"CAN-DM880-02";"CAN-DM880-02"
"14558";"CANRDP_230_1";"CANRDP_230_1"
"14559";"CANRDP_230_2";"CANRDP_230_2"
"16967";"can-swt1";"can-swt1"
"16968";"can-swt2";"can-swt2"
"16969";"can-swt3";"can-swt3"
"16970";"can-swt4";"can-swt4"
"16764";"can-tmo";"can-tmo"
"14204";"CAN-UCS1";"CAN-UCS1"
"16223";"CAN-UCS1-alta";"CAN-UCS1-alta"
"14205";"CAN-UCS2";"CAN-UCS2"
"16224";"CAN-UCS2-baixa";"CAN-UCS2-baixa"
"17266";"CAX_5PMU1";"CAX_5PMU1"
"17267";"CAX_5PMU2";"CAX_5PMU2"
"14403";"CAX_HL1";"CAX_HL1"
"14404";"CAX_HL2";"CAX_HL2"
"13861";"CAX_HOTLINES";"CAX_HOTLINES"
"15559";"CAX_HOTLINES_eth1";"CAX_HOTLINES_eth1"
"15560";"CAX_HOTLINES_eth2";"CAX_HOTLINES_eth2"
"13796";"CAX_PRI";"CAX_PRI"
"13929";"CAX_SEC";"CAX_SEC"
"17738";"CAX-1DAPP2";"CAX-1DAPP2"
"17672";"CAX-1DCPP1";"CAX-1DCPP1"
"17673";"CAX-1DCPP2";"CAX-1DCPP2"
"17712";"CAX-2DBPP2";"CAX-2DBPP2"
"17674";"CAX-2DCPP1";"CAX-2DCPP1"
"17675";"CAX-2DCPP2";"CAX-2DCPP2"
"17663";"CAX-2L2CD1";"CAX-2L2CD1"
"17664";"CAX-2L2CP1";"CAX-2L2CP1"
"17662";"CAX-2L2PA1";"CAX-2L2PA1"
"17665";"CAX-2L2PA2";"CAX-2L2PA2"
"17661";"CAX-2L2PP1";"CAX-2L2PP1"
"17714";"CAX-2T1PA1";"CAX-2T1PA1"
"17715";"CAX-2T1PA2";"CAX-2T1PA2"
"17716";"CAX-2T1PA3";"CAX-2T1PA3"
"17717";"CAX-2T1PA4";"CAX-2T1PA4"
"17713";"CAX-2T1PP1";"CAX-2T1PP1"
"17718";"CAX-3DBPP2";"CAX-3DBPP2"
"17676";"CAX-3DCPP1";"CAX-3DCPP1"
"17677";"CAX-3DCPP2";"CAX-3DCPP2"
"17720";"CAX-3T2PA1";"CAX-3T2PA1"
"17721";"CAX-3T2PA2";"CAX-3T2PA2"
"17722";"CAX-3T2PA3";"CAX-3T2PA3"
"17723";"CAX-3T2PA4";"CAX-3T2PA4"
"17719";"CAX-3T2PP1";"CAX-3T2PP1"
"17705";"CAX-4DAPP2";"CAX-4DAPP2"
"17726";"CAX-4DBCD1";"CAX-4DBCD1"
"17727";"CAX-4DBCP1";"CAX-4DBCP1"
"17728";"CAX-4DBPP2";"CAX-4DBPP2"
"17678";"CAX-4DCPP2";"CAX-4DCPP2"
"17703";"CAX-4RAPA1";"CAX-4RAPA1"
"17704";"CAX-4RAPA2";"CAX-4RAPA2"
"17702";"CAX-4RAPP1";"CAX-4RAPP1"
"17729";"CAX-4T3CD1";"CAX-4T3CD1"
"17730";"CAX-4T3CP1";"CAX-4T3CP1"
"17735";"CAX-4T3PA1";"CAX-4T3PA1"
"17736";"CAX-4T3PA2";"CAX-4T3PA2"
"17737";"CAX-4T3PA3";"CAX-4T3PA3"
"17731";"CAX-4T3PP1";"CAX-4T3PP1"
"17732";"CAX-4T3PP2";"CAX-4T3PP2"
"17733";"CAX-4T3PP3";"CAX-4T3PP3"
"17734";"CAX-4T3PP4";"CAX-4T3PP4"
"14399";"CAX5_HL1";"CAX5_HL1"
"14400";"CAX5_HL2";"CAX5_HL2"
"13859";"CAX5_HOTLINES";"CAX5_HOTLINES"
"15555";"CAX5_HOTLINES_eth1";"CAX5_HOTLINES_eth1"
"15556";"CAX5_HOTLINES_eth2";"CAX5_HOTLINES_eth2"
"13794";"CAX5_PRI";"CAX5_PRI"
"12985";"CAX5_SEC";"CAX5_SEC"
"17681";"CAX-50CCD1";"CAX-50CCD1"
"17682";"CAX-50CCP1";"CAX-50CCP1"
"17679";"CAX-50CPA1";"CAX-50CPA1"
"17680";"CAX-50CPP1";"CAX-50CPP1"
"17683";"CAX-50CSD1";"CAX-50CSD1"
"17684";"CAX-50CSP1";"CAX-50CSP1"
"17744";"CAX5-2L1PA1";"CAX5-2L1PA1"
"17745";"CAX5-2L1PP1";"CAX5-2L1PP1"
"17746";"CAX5-2L2PAC";"CAX5-2L2PAC"
"17747";"CAX5-2L2PPC";"CAX5-2L2PPC"
"17742";"CAX5-2L3CD1";"CAX5-2L3CD1"
"17743";"CAX5-2L3CP1";"CAX5-2L3CP1"
"17740";"CAX5-2L3PA1";"CAX5-2L3PA1"
"17741";"CAX5-2L3PA2";"CAX5-2L3PA2"
"17739";"CAX5-2L3PP1";"CAX5-2L3PP1"
"17696";"CAX-5BAPA1";"CAX-5BAPA1"
"17697";"CAX-5BAPP1";"CAX-5BAPP1"
"17698";"CAX-5BBPA1";"CAX-5BBPA1"
"17699";"CAX-5BBPP1";"CAX-5BBPP1"
"16540";"CAX5-DM705-01";"CAX5-DM705-01"
"16541";"CAX5-DM705-02";"CAX5-DM705-02"
"16478";"CAX5-DM880-01";"CAX5-DM880-01"
"16479";"CAX5-DM880-02";"CAX5-DM880-02"
"17670";"CAX-5L3PA1";"CAX-5L3PA1"
"17671";"CAX-5L3PP1";"CAX-5L3PP1"
"17668";"CAX-5LA1PA1";"CAX-5LA1PA1"
"17669";"CAX-5LA1PP1";"CAX-5LA1PP1"
"17666";"CAX-5LA2PA1";"CAX-5LA2PA1"
"17667";"CAX-5LA2PP1";"CAX-5LA2PP1"
"17708";"CAX-5R2CD1";"CAX-5R2CD1"
"17709";"CAX-5R2CP1";"CAX-5R2CP1"
"17706";"CAX-5R2PA1";"CAX-5R2PA1"
"17707";"CAX-5R2PP1";"CAX-5R2PP1"
"17710";"CAX-5R2SD1";"CAX-5R2SD1"
"17711";"CAX-5R2SP1";"CAX-5R2SP1"
"14560";"CAX5RDP_230_1";"CAX5RDP_230_1"
"14561";"CAX5RDP_230_2";"CAX5RDP_230_2"
"14562";"CAX5RDP_230_3";"CAX5RDP_230_3"
"14563";"CAX5RDP_230_4";"CAX5RDP_230_4"
"20085";"CAX5RDP_230_5";"CAX5RDP_230_5"
"10546";"cax5-rgr-27.254";"cax5-rgr-27.254"
"16979";"cax5-sw1";"cax5-sw1"
"16980";"cax5-sw2";"cax5-sw2"
"16981";"cax5-sw3";"cax5-sw3"
"16982";"cax5-sw4";"cax5-sw4"
"16766";"cax5-tmo";"cax5-tmo"
"17748";"CAX5-UC1";"CAX5-UC1"
"17749";"CAX5-UC2";"CAX5-UC2"
"17750";"CAX5-UC3";"CAX5-UC3"
"17751";"CAX5-UC4";"CAX5-UC4"
"17752";"CAX5-UC5";"CAX5-UC5"
"14019";"CAX5-UCS1";"CAX5-UCS1"
"16228";"CAX5-UCS1-alta";"CAX5-UCS1-alta"
"14020";"CAX5-UCS2";"CAX5-UCS2"
"16229";"CAX5-UCS2-baixa";"CAX5-UCS2-baixa"
"14401";"CAX6_HL1";"CAX6_HL1"
"14402";"CAX6_HL2";"CAX6_HL2"
"13860";"CAX6_HOTLINES";"CAX6_HOTLINES"
"15557";"CAX6_HOTLINES_eth1";"CAX6_HOTLINES_eth1"
"15558";"CAX6_HOTLINES_eth2";"CAX6_HOTLINES_eth2"
"13795";"CAX6_PRI";"CAX6_PRI"
"13928";"CAX6_SEC";"CAX6_SEC"
"17761";"CAX6-1BPCP1";"CAX6-1BPCP1"
"17755";"CAX6-1L2PP";"CAX6-1L2PP"
"17756";"CAX6-1L2PR";"CAX6-1L2PR"
"17753";"CAX6-1L3PP";"CAX6-1L3PP"
"17754";"CAX6-1L3PR";"CAX6-1L3PR"
"17757";"CAX6-1L4PP1";"CAX6-1L4PP1"
"17758";"CAX6-1L4PR1";"CAX6-1L4PR1"
"17759";"CAX6-1L5PP1";"CAX6-1L5PP1"
"17760";"CAX6-1L5PR1";"CAX6-1L5PR1"
"17766";"CAX6-1T1CP1";"CAX6-1T1CP1"
"17767";"CAX6-1T1CP2";"CAX6-1T1CP2"
"17773";"CAX6-1T2CP1";"CAX6-1T2CP1"
"17774";"CAX6-1T2CP2";"CAX6-1T2CP2"
"17762";"CAX6-2BPCP1";"CAX6-2BPCP1"
"17763";"CAX6-2BPCP2";"CAX6-2BPCP2"
"17764";"CAX6-2CU01";"CAX6-2CU01"
"17765";"CAX6-2SACP1";"CAX6-2SACP1"
"17768";"CAX6-2T1CP1";"CAX6-2T1CP1"
"17769";"CAX6-2T1PA1";"CAX6-2T1PA1"
"17770";"CAX6-2T1PA2";"CAX6-2T1PA2"
"17771";"CAX6-2T1PP1";"CAX6-2T1PP1"
"17772";"CAX6-2T1PP2";"CAX6-2T1PP2"
"17775";"CAX6-2T2CP1";"CAX6-2T2CP1"
"17776";"CAX6-2T2PA1";"CAX6-2T2PA1"
"17777";"CAX6-2T2PA2";"CAX6-2T2PA2"
"17778";"CAX6-2T2PP1";"CAX6-2T2PP1"
"17779";"CAX6-2T2PP2";"CAX6-2T2PP2"
"14564";"CAX6RDP_230_1";"CAX6RDP_230_1"
"10720";"cax6-rgr-20.136.125";"cax6-rgr-20.136.125"
"16983";"cax6-sw1";"cax6-sw1"
"16984";"cax6-sw2";"cax6-sw2"
"16985";"cax6-sw3";"cax6-sw3"
"16986";"cax6-sw4";"cax6-sw4"
"16767";"cax6-tmo";"cax6-tmo"
"14025";"CAX6-UCS1";"CAX6-UCS1"
"16230";"CAX6-UCS1-alta";"CAX6-UCS1-alta"
"14026";"CAX6-UCS2";"CAX6-UCS2"
"16231";"CAX6-UCS2-baixa";"CAX6-UCS2-baixa"
"17690";"CAX-BUSL01";"CAX-BUSL01"
"17691";"CAX-BUSL02";"CAX-BUSL02"
"17692";"CAX-BUSL03";"CAX-BUSL03"
"17693";"CAX-BUSL04";"CAX-BUSL04"
"17687";"CAX-BUSPP1";"CAX-BUSPP1"
"17685";"CAX-BUSPP2";"CAX-BUSPP2"
"17686";"CAX-BUSPP3";"CAX-BUSPP3"
"17694";"CAX-BUSTF1";"CAX-BUSTF1"
"17695";"CAX-BUSTF2";"CAX-BUSTF2"
"17688";"CAX-BUSTF3";"CAX-BUSTF3"
"17689";"CAX-BUSTIE";"CAX-BUSTIE"
"16700";"CAX-DM4100";"CAX-DM4100"
"16538";"CAX-DM705-01";"CAX-DM705-01"
"16539";"CAX-DM705-02";"CAX-DM705-02"
"16476";"CAX-DM880-01";"CAX-DM880-01"
"16477";"CAX-DM880-02";"CAX-DM880-02"
"14565";"CAXRDP_230_1";"CAXRDP_230_1"
"14566";"CAXRDP_525_1";"CAXRDP_525_1"
"14567";"CAXRDP_525_2";"CAXRDP_525_2"
"20083";"CAXRDP_525_3";"CAXRDP_525_3"
"20084";"CAXRDP_525_4";"CAXRDP_525_4"
"10557";"cax-rgr-24.54";"cax-rgr-24.54"
"16971";"cax-sw1";"cax-sw1"
"16972";"cax-sw2";"cax-sw2"
"16973";"cax-sw3";"cax-sw3"
"16974";"cax-sw4";"cax-sw4"
"16975";"cax-sw5";"cax-sw5"
"16976";"cax-sw6";"cax-sw6"
"16977";"cax-sw7";"cax-sw7"
"16978";"cax-sw8";"cax-sw8"
"17724";"CAX-TF3CD1";"CAX-TF3CD1"
"17725";"CAX-TF3CP1";"CAX-TF3CP1"
"16765";"cax-tmo";"cax-tmo"
"17700";"CAX-TR1PP1";"CAX-TR1PP1"
"17701";"CAX-TR2PP1";"CAX-TR2PP1"
"14013";"CAX-UCS1";"CAX-UCS1"
"16225";"CAX-UCS1-alta";"CAX-UCS1-alta"
"14014";"CAX-UCS2";"CAX-UCS2"
"16226";"CAX-UCS2-baixa";"CAX-UCS2-baixa"
"16174";"CBA_HL_RGR";"CBA_HL_RGR"
"14405";"CBA_HL1";"CBA_HL1"
"13797";"CBA_PRI";"CBA_PRI"
"13930";"CBA_SEC";"CBA_SEC"
"17788";"CBA-21";"CBA-21"
"17793";"CBA-25";"CBA-25"
"17785";"CBA-2L4PA1";"CBA-2L4PA1"
"17786";"CBA-2L4PP1";"CBA-2L4PP1"
"17794";"CBA-3DRPP1";"CBA-3DRPP1"
"17798";"CBA-3DRSY";"CBA-3DRSY"
"17799";"CBA-51UPBF";"CBA-51UPBF"
"17796";"CBA-51UPR";"CBA-51UPR"
"17797";"CBA-51UPS";"CBA-51UPS"
"17787";"CBA-52BFC";"CBA-52BFC"
"17780";"CBA-5A3PP1";"CBA-5A3PP1"
"17782";"CBA-5LA3PA1";"CBA-5LA3PA1"
"17781";"CBA-5LA3PP1";"CBA-5LA3PP1"
"17783";"CBA-5LB2PA1";"CBA-5LB2PA1"
"17784";"CBA-5LB2PP1";"CBA-5LB2PP1"
"17789";"CBA-87B_A";"CBA-87B_A"
"17790";"CBA-87B_B";"CBA-87B_B"
"17795";"CBA-87UPU";"CBA-87UPU"
"16542";"CBA-DM705-01";"CBA-DM705-01"
"16543";"CBA-DM705-02";"CBA-DM705-02"
"16420";"CBA-DM880-01";"CBA-DM880-01"
"16421";"CBA-DM880-02";"CBA-DM880-02"
"14568";"CBARDP_230_1";"CBARDP_230_1"
"14569";"CBARDP_525_1";"CBARDP_525_1"
"15984";"CBARDP_525_2";"CBARDP_525_2"
"10484";"cba-rgr-255.19";"cba-rgr-255.19"
"16987";"cba-sw1";"cba-sw1"
"16988";"cba-sw2";"cba-sw2"
"16989";"cba-sw3";"cba-sw3"
"16990";"cba-sw4";"cba-sw4"
"17791";"CBA-TD1";"CBA-TD1"
"17792";"CBA-TD2";"CBA-TD2"
"16768";"cba-tmo";"cba-tmo"
"14206";"CBA-UCS1";"CBA-UCS1"
"16232";"CBA-UCS1-alta";"CBA-UCS1-alta"
"14207";"CBA-UCS2";"CBA-UCS2"
"16233";"CBA-UCS2-baixa";"CBA-UCS2-baixa"
"16179";"CCH_HL_1";"CCH_HL_1"
"14406";"CCH_HL_RGR";"CCH_HL_RGR"
"13798";"CCH_PRI";"CCH_PRI"
"13931";"CCH_SEC";"CCH_SEC"
"17814";"CCH-1L1CSP";"CCH-1L1CSP"
"17837";"CCH-1L1GAP";"CCH-1L1GAP"
"17834";"CCH-1L1INP";"CCH-1L1INP"
"17815";"CCH-1L2CSP";"CCH-1L2CSP"
"17816";"CCH-1L3CSP";"CCH-1L3CSP"
"17800";"CCH-1LE1P1";"CCH-1LE1P1"
"17801";"CCH-1LE1P2";"CCH-1LE1P2"
"17802";"CCH-1LE1P3";"CCH-1LE1P3"
"17803";"CCH-1LE2P1";"CCH-1LE2P1"
"17804";"CCH-1LE2P2";"CCH-1LE2P2"
"17805";"CCH-1LE2P3";"CCH-1LE2P3"
"17806";"CCH-1LE3P1";"CCH-1LE3P1"
"17807";"CCH-1LE3P2";"CCH-1LE3P2"
"17808";"CCH-1LE3P3";"CCH-1LE3P3"
"17809";"CCH-1LE4P1";"CCH-1LE4P1"
"17813";"CCH-1LE4P2";"CCH-1LE4P2"
"17810";"CCH-1LE4P3";"CCH-1LE4P3"
"17811";"CCH-1LE5P1";"CCH-1LE5P1"
"17812";"CCH-1LE5P2";"CCH-1LE5P2"
"17817";"CCH-1LE6P1";"CCH-1LE6P1"
"17818";"CCH-1LE6P2";"CCH-1LE6P2"
"17819";"CCH-2L1PA1";"CCH-2L1PA1"
"17820";"CCH-2L1PP1";"CCH-2L1PP1"
"17823";"CCH-2SACP1";"CCH-2SACP1"
"17824";"CCH-2SACP2";"CCH-2SACP2"
"17825";"CCH-2SACP3";"CCH-2SACP3"
"17826";"CCH-2T1PA1";"CCH-2T1PA1"
"17827";"CCH-2T1PP1";"CCH-2T1PP1"
"17828";"CCH-2T2PA1";"CCH-2T2PA1"
"17829";"CCH-2T2PP1";"CCH-2T2PP1"
"17830";"CCH-2T3PA1";"CCH-2T3PA1"
"17831";"CCH-2T3PP1";"CCH-2T3PP1"
"17832";"CCH-2T4PA1";"CCH-2T4PA1"
"17833";"CCH-2T4PP1";"CCH-2T4PP1"
"17835";"CCH-2T5PA1";"CCH-2T5PA1"
"17836";"CCH-2T5PP1";"CCH-2T5PP1"
"17838";"CCH-2T6PA1";"CCH-2T6PA1"
"17839";"CCH-2T6PP1";"CCH-2T6PP1"
"17840";"CCH-2T7PA1";"CCH-2T7PA1"
"17841";"CCH-2T7PP1";"CCH-2T7PP1"
"17821";"CCH-2TIECD1";"CCH-2TIECD1"
"17822";"CCH-2TIECP1";"CCH-2TIECP1"
"11788";"cch-fw-scada";"cch-fw-scada"
"14570";"CCHRDP_230_1";"CCHRDP_230_1"
"14571";"CCHRDP_230_2";"CCHRDP_230_2"
"14572";"CCHRDP_230_3";"CCHRDP_230_3"
"19977";"cch-rgr-taesa";"cch-rgr-taesa"
"10536";"cch-rgr-vsat-20.20.253";"cch-rgr-vsat-20.20.253"
"15954";"cch-rgr-vsat-LINK-TELESPAZIO";"cch-rgr-vsat-LINK-TELESPAZIO"
"16991";"cch-sw1";"cch-sw1"
"16997";"cch-sw10";"cch-sw10"
"16992";"cch-sw2";"cch-sw2"
"16993";"cch-sw3";"cch-sw3"
"16994";"cch-sw4";"cch-sw4"
"16995";"cch-sw5";"cch-sw5"
"16996";"cch-sw9";"cch-sw9"
"16825";"cch-tmo";"cch-tmo"
"16702";"CCH-UCS1";"CCH-UCS1"
"16703";"CCH-UCS2";"CCH-UCS2"
"13651";"CEF-ABT-050";"CEF-ABT-050"
"13652";"CEF-ANA-801";"CEF-ANA-801"
"13653";"CEF-ARE-037";"CEF-ARE-037"
"13654";"CEF-ARE-038";"CEF-ARE-038"
"13655";"CEF-ATL2-064";"CEF-ATL2-064"
"13656";"CEF-BIG-039";"CEF-BIG-039"
"13658";"CEF-BLU-023";"CEF-BLU-023"
"13659";"CEF-BLU-024";"CEF-BLU-024"
"14735";"CEF-CAM3-010";"CEF-CAM3-010"
"13660";"CEF-CAN-077";"CEF-CAN-077"
"13661";"CEF-CAP-016";"CEF-CAP-016"
"13662";"CEF-CAP-022";"CEF-CAP-022"
"13663";"CEF-CAP-030";"CEF-CAP-030"
"13664";"CEF-CAX-084";"CEF-CAX-084"
"13665";"CEF-CAX5-079";"CEF-CAX5-079"
"13666";"CEF-CAX6-091";"CEF-CAX6-091"
"13667";"CEF-CBA-047";"CEF-CBA-047"
"13668";"CEF-CBA-048";"CEF-CBA-048"
"13669";"CEF-CBA-049";"CEF-CBA-049"
"13670";"CEF-CCH-062";"CEF-CCH-062"
"13671";"CEF-CGR-802";"CEF-CGR-802"
"13672";"CEF-CGR-803";"CEF-CGR-803"
"13673";"CEF-CHA-075";"CEF-CHA-075"
"13674";"CEF-CMO-044";"CEF-CMO-044"
"13675";"CEF-CNO-031";"CEF-CNO-031"
"13676";"CEF-CNO-032";"CEF-CNO-032"
"13677";"CEF-CTA-012";"CEF-CTA-012"
"13678";"CEF-CUR-068";"CEF-CUR-068"
"14744";"CEF-CVO-0400";"CEF-CVO-0400"
"13679";"CEF-DOU-804";"CEF-DOU-804"
"13680";"CEF-DRO-060";"CEF-DRO-060"
"13681";"CEF-FAR-054";"CEF-FAR-054"
"13682";"CEF-FAR-055";"CEF-FAR-055"
"13683";"CEF-FCO-027";"CEF-FCO-027"
"13684";"CEF-FHA-015";"CEF-FHA-015"
"13685";"CEF-GAR-095";"CEF-GAR-095"
"13686";"CEF-GAS2-017";"CEF-GAS2-017"
"13687";"CEF-GRA-080";"CEF-GRA-080"
"13688";"CEF-GRA-081";"CEF-GRA-081"
"13689";"CEF-GRA-082";"CEF-GRA-082"
"13690";"CEF-GRA-096";"CEF-GRA-096"
"13691";"CEF-GRA3-083";"CEF-GRA3-083"
"14740";"CEF-GRT-009";"CEF-GRT-009"
"14734";"CEF-GUO-005";"CEF-GUO-005"
"13692";"CEF-IJU2-098";"CEF-IJU2-098"
"14742";"CEF-IRN-057";"CEF-IRN-057"
"13693";"CEF-ITJ-026";"CEF-ITJ-026"
"13694";"CEF-ITR-097";"CEF-ITR-097"
"13695";"CEF-IVI2-807";"CEF-IVI2-807"
"13696";"CEF-IVP-040";"CEF-IVP-040"
"13697";"CEF-JNO-043";"CEF-JNO-043"
"13698";"CEF-JOI-028";"CEF-JOI-028"
"13699";"CEF-LAR-045";"CEF-LAR-045"
"13700";"CEF-LGR-085";"CEF-LGR-085"
"13701";"CEF-LIV-094";"CEF-LIV-094"
"13702";"CEF-LIV2-070";"CEF-LIV2-070"
"14745";"CEF-LON-008";"CEF-LON-008"
"13703";"CEF-LON-041";"CEF-LON-041"
"13704";"CEF-LON-042";"CEF-LON-042"
"14746";"CEF-MAUAPR-056";"CEF-MAUAPR-056"
"13705";"CEF-MCH-087";"CEF-MCH-087"
"13706";"CEF-MCL-089";"CEF-MCL-089"
"14741";"CEF-MIM2-810";"CEF-MIM2-810"
"13707";"CEF-MIM-808";"CEF-MIM-808"
"13708";"CEF-MIS-046";"CEF-MIS-046"
"14737";"CEF-MRO2-073";"CEF-MRO2-073"
"13709";"CEF-NPE2-092";"CEF-NPE2-092"
"13710";"CEF-NPR2-099";"CEF-NPR2-099"
"13711";"CEF-NSR-063";"CEF-NSR-063"
"13712";"CEF-OSO2-072";"CEF-OSO2-072"
"13713";"CEF-PAL-020";"CEF-PAL-020"
"13714";"CEF-PFU-067";"CEF-PFU-067"
"14739";"CEF-PGR-007";"CEF-PGR-007"
"13715";"CEF-PIN2-036";"CEF-PIN2-036"
"13716";"CEF-PME-011";"CEF-PME-011"
"14736";"CEF-PNO-069";"CEF-PNO-069"
"13717";"CEF-SCR2-086";"CEF-SCR2-086"
"13718";"CEF-SEDE-013";"CEF-SEDE-013"
"13719";"CEF-SEDE-014";"CEF-SEDE-014"
"13720";"CEF-SEDE-101";"CEF-SEDE-101"
"13721";"CEF-SEDE-102";"CEF-SEDE-102"
"13722";"CEF-SEDE-103";"CEF-SEDE-103"
"13723";"CEF-SEDE-104";"CEF-SEDE-104"
"13724";"CEF-SEDE-105";"CEF-SEDE-105"
"13725";"CEF-SEDE-106";"CEF-SEDE-106"
"13726";"CEF-SEDE-107";"CEF-SEDE-107"
"13727";"CEF-SEDE-108";"CEF-SEDE-108"
"13728";"CEF-SEDE-109";"CEF-SEDE-109"
"13729";"CEF-SEDE-901";"CEF-SEDE-901"
"13730";"CEF-SERT-120";"CEF-SERT-120"
"13731";"CEF-SERT-121";"CEF-SERT-121"
"13732";"CEF-SERT-122";"CEF-SERT-122"
"13733";"CEF-SERT-123";"CEF-SERT-123"
"13734";"CEF-SERT-124";"CEF-SERT-124"
"13735";"CEF-SERT-200";"CEF-SERT-200"
"13736";"CEF-SID-021";"CEF-SID-021"
"14743";"CEF-SMA3-019";"CEF-SMA3-019"
"13737";"CEF-SOS-053";"CEF-SOS-053"
"14738";"CEF-SPA2-074";"CEF-SPA2-074"
"13738";"CEF-SSA-051";"CEF-SSA-051"
"13739";"CEF-STA-061";"CEF-STA-061"
"13740";"CEF-STA-065";"CEF-STA-065"
"13741";"CEF-TPR2-052";"CEF-TPR2-052"
"13742";"CEF-UHBC-059";"CEF-UHBC-059"
"13743";"CEF-UHJB-093";"CEF-UHJB-093"
"13744";"CEF-UHPJ-088";"CEF-UHPJ-088"
"13745";"CEF-UHSD-806";"CEF-UHSD-806"
"13746";"CEF-VIN";"CEF-VIN"
"13747";"CEF-VMT";"CEF-VMT"
"13748";"CEF-XAN-034";"CEF-XAN-034"
"13749";"CEF-XAN-035";"CEF-XAN-035"
"13750";"CEF-YTA-033";"CEF-YTA-033"
"14407";"CGR_HL_RGR";"CGR_HL_RGR"
"14408";"CGR_HL2";"CGR_HL2"
"13862";"CGR_HOTLINES";"CGR_HOTLINES"
"15561";"CGR_HOTLINES_eth1";"CGR_HOTLINES_eth1"
"15562";"CGR_HOTLINES_eth2";"CGR_HOTLINES_eth2"
"13799";"CGR_PRI";"CGR_PRI"
"13932";"CGR_SEC";"CGR_SEC"
"17850";"CGR-1L6PA1";"CGR-1L6PA1"
"17851";"CGR-1L6PP1";"CGR-1L6PP1"
"17848";"CGR-1L7PA1";"CGR-1L7PA1"
"17849";"CGR-1L7PP1";"CGR-1L7PP1"
"17846";"CGR-1L8PA1";"CGR-1L8PA1"
"17847";"CGR-1L8PP1";"CGR-1L8PP1"
"17842";"CGR-25";"CGR-25"
"17843";"CGR-87";"CGR-87"
"16544";"CGR-DM705-01";"CGR-DM705-01"
"16545";"CGR-DM705-02";"CGR-DM705-02"
"16412";"CGR-DM880-01";"CGR-DM880-01"
"16413";"CGR-DM880-02";"CGR-DM880-02"
"14573";"CGRRDP_138_1";"CGRRDP_138_1"
"14574";"CGRRDP_138_2";"CGRRDP_138_2"
"14575";"CGRRDP_138_3";"CGRRDP_138_3"
"10547";"cgr-rgr-29.254";"cgr-rgr-29.254"
"10728";"cgr-rgr-32.221";"cgr-rgr-32.221"
"11821";"cgr-rgr-32.222";"cgr-rgr-32.222"
"16998";"cgr-sw1";"cgr-sw1"
"16999";"cgr-sw2";"cgr-sw2"
"17000";"cgr-swrgr";"cgr-swrgr"
"17844";"CGR-TD1";"CGR-TD1"
"17845";"CGR-TD2";"CGR-TD2"
"16769";"cgr-tmo";"cgr-tmo"
"14215";"CGR-UCS1";"CGR-UCS1"
"16234";"CGR-UCS1-alta";"CGR-UCS1-alta"
"14216";"CGR-UCS2";"CGR-UCS2"
"16235";"CGR-UCS2-baixa";"CGR-UCS2-baixa"
"14409";"CHA_HL1";"CHA_HL1"
"13800";"CHA_PRI";"CHA_PRI"
"13933";"CHA_SEC";"CHA_SEC"
"17857";"CHA_UCS1";"CHA_UCS1"
"17858";"CHA_UCS2";"CHA_UCS2"
"17854";"CHA-2L2PA1";"CHA-2L2PA1"
"17855";"CHA-2L2PP1";"CHA-2L2PP1"
"17852";"CHA-2L3PA1";"CHA-2L3PA1"
"17853";"CHA-2L3PP1";"CHA-2L3PP1"
"17856";"CHA-2SACP1";"CHA-2SACP1"
"14577";"CHARDP_230_1";"CHARDP_230_1"
"14578";"CHARDP_230_2";"CHARDP_230_2"
"20086";"CHARDP_230_3";"CHARDP_230_3"
"14576";"CHARDP_69_1";"CHARDP_69_1"
"10548";"cha-rgr-30.254";"cha-rgr-30.254"
"14027";"CHA-UCS1";"CHA-UCS1"
"16236";"CHA-UCS1-alta";"CHA-UCS1-alta"
"14028";"CHA-UCS2";"CHA-UCS2"
"16237";"CHA-UCS2-baixa";"CHA-UCS2-baixa"
"17877";"CHU-1B1PP1";"CHU-1B1PP1"
"17885";"CHU-1L1PP1";"CHU-1L1PP1"
"17886";"CHU-1L1PR1";"CHU-1L1PR1"
"17879";"CHU-1SACP1";"CHU-1SACP1"
"17880";"CHU-1SACP2";"CHU-1SACP2"
"17889";"CHU-1T1PP1";"CHU-1T1PP1"
"17890";"CHU-1T1PR1";"CHU-1T1PR1"
"17878";"CHU-1UABP1";"CHU-1UABP1"
"17859";"CHU-CH01_1";"CHU-CH01_1"
"17860";"CHU-CH01_2";"CHU-CH01_2"
"17861";"CHU-CH02_1";"CHU-CH02_1"
"17862";"CHU-CH02_2";"CHU-CH02_2"
"17863";"CHU-CH04_1";"CHU-CH04_1"
"17864";"CHU-CH04_2";"CHU-CH04_2"
"17865";"CHU-CH05_1";"CHU-CH05_1"
"17866";"CHU-CH05_2";"CHU-CH05_2"
"17867";"CHU-CH05_3";"CHU-CH05_3"
"17868";"CHU-CH09_1";"CHU-CH09_1"
"17869";"CHU-CH09_2";"CHU-CH09_2"
"17888";"CHU-CP1";"CHU-CP1"
"17873";"CHU-CP1_";"CHU-CP1_"
"17872";"CHU-CP2";"CHU-CP2"
"17874";"CHU-CP2_";"CHU-CP2_"
"17875";"CHU-CP3";"CHU-CP3"
"17871";"CHU-CP3_";"CHU-CP3_"
"17870";"CHU-CP4";"CHU-CP4"
"17876";"CHU-CP4_";"CHU-CP4_"
"17887";"CHU-CP5";"CHU-CP5"
"17881";"CHU-MI01_1";"CHU-MI01_1"
"17882";"CHU-MI01_2";"CHU-MI01_2"
"17883";"CHU-MI02_1";"CHU-MI02_1"
"17884";"CHU-MI02_2";"CHU-MI02_2"
"17891";"CMB-21P";"CMB-21P"
"17892";"CMB-67R";"CMB-67R"
"14410";"CMO_HL1";"CMO_HL1"
"14411";"CMO_HL2";"CMO_HL2"
"13863";"CMO_HOTLINES";"CMO_HOTLINES"
"15563";"CMO_HOTLINES_eth1";"CMO_HOTLINES_eth1"
"15564";"CMO_HOTLINES_eth2";"CMO_HOTLINES_eth2"
"13801";"CMO_PRI";"CMO_PRI"
"13934";"CMO_SEC";"CMO_SEC"
"17893";"CMO-2L1PA1";"CMO-2L1PA1"
"17894";"CMO-2L1PP1";"CMO-2L1PP1"
"16696";"CMO-DM4100";"CMO-DM4100"
"16546";"CMO-DM705-01";"CMO-DM705-01"
"16547";"CMO-DM705-02";"CMO-DM705-02"
"16422";"CMO-DM880-01";"CMO-DM880-01"
"16423";"CMO-DM880-02";"CMO-DM880-02"
"14579";"CMORDP_230_1";"CMORDP_230_1"
"10726";"cmo-rgr-32.54";"cmo-rgr-32.54"
"17001";"cmo-sw1";"cmo-sw1"
"17002";"cmo-sw2";"cmo-sw2"
"16770";"cmo-tmo";"cmo-tmo"
"14219";"CMO-UCS1";"CMO-UCS1"
"16238";"CMO-UCS1-alta";"CMO-UCS1-alta"
"14220";"CMO-UCS2";"CMO-UCS2"
"16239";"CMO-UCS2-baixa";"CMO-UCS2-baixa"
"17268";"CNE_5PMU1";"CNE_5PMU1"
"17269";"CNE_5PMU2";"CNE_5PMU2"
"17270";"CNE_5PMU3";"CNE_5PMU3"
"17271";"CNE_5PMU4";"CNE_5PMU4"
"16026";"CNE_PRI";"CNE_PRI"
"16027";"CNE_SEC";"CNE_SEC"
"17903";"CNE-2L5PA1";"CNE-2L5PA1"
"17904";"CNE-2L5PP1";"CNE-2L5PP1"
"17899";"CNE-2L7PA1";"CNE-2L7PA1"
"17900";"CNE-2L7PP1";"CNE-2L7PP1"
"17906";"CNE-5LA1PA1";"CNE-5LA1PA1"
"17907";"CNE-5LA1PP1";"CNE-5LA1PP1"
"17897";"CNE-5LA2PA1";"CNE-5LA2PA1"
"17898";"CNE-5LA2PP1";"CNE-5LA2PP1"
"17895";"CNE-5LA3PA1";"CNE-5LA3PA1"
"17896";"CNE-5LA3PP1";"CNE-5LA3PP1"
"17901";"CNE-5LA4PA1";"CNE-5LA4PA1"
"17902";"CNE-5LA4PP1";"CNE-5LA4PP1"
"17905";"CNE-5SACP1";"CNE-5SACP1"
"16550";"CNE-DM705-01";"CNE-DM705-01"
"16551";"CNE-DM705-02";"CNE-DM705-02"
"16480";"CNE-DM880-01";"CNE-DM880-01"
"16481";"CNE-DM880-02";"CNE-DM880-02"
"20076";"CNERDP_230_5";"CNERDP_230_5"
"20077";"CNERDP_230_7";"CNERDP_230_7"
"20078";"CNERDP_525_1";"CNERDP_525_1"
"20079";"CNERDP_525_2";"CNERDP_525_2"
"20080";"CNERDP_525_3";"CNERDP_525_3"
"20081";"CNERDP_525_4";"CNERDP_525_4"
"16033";"cne-rgr-214.125";"cne-rgr-214.125"
"16771";"cne-tmo";"cne-tmo"
"14412";"CNG2_HL1";"CNG2_HL1"
"12953";"CNG2_PRI";"CNG2_PRI"
"12391";"CNG2_SEC";"CNG2_SEC"
"17919";"CNG2-1QMG1PAC";"CNG2-1QMG1PAC"
"17920";"CNG2-1QMG1PPC";"CNG2-1QMG1PPC"
"17921";"CNG2-1QMG2PAC";"CNG2-1QMG2PAC"
"17922";"CNG2-1QMG2PPC";"CNG2-1QMG2PPC"
"17913";"CNG2-1QMG3PAC";"CNG2-1QMG3PAC"
"17914";"CNG2-1QMG3PPC";"CNG2-1QMG3PPC"
"17915";"CNG2-1QMG4PAC";"CNG2-1QMG4PAC"
"17916";"CNG2-1QMG4PPC";"CNG2-1QMG4PPC"
"17910";"CNG2-2BPPAC";"CNG2-2BPPAC"
"17911";"CNG2-2BPPPC";"CNG2-2BPPPC"
"17908";"CNG2-2L1PAC";"CNG2-2L1PAC"
"17909";"CNG2-2L1PPC";"CNG2-2L1PPC"
"17912";"CNG2-2SACP1";"CNG2-2SACP1"
"17917";"CNG2-2T1PAC";"CNG2-2T1PAC"
"17918";"CNG2-2T1PPC";"CNG2-2T1PPC"
"17923";"CNG2-2T2PAC";"CNG2-2T2PAC"
"17924";"CNG2-2T2PPC";"CNG2-2T2PPC"
"12478";"cng2-rgr-222.253";"cng2-rgr-222.253"
"14580";"CNG2RP_230_1";"CNG2RP_230_1"
"14581";"CNG2RP_230_2";"CNG2RP_230_2"
"17003";"cng2-sw1";"cng2-sw1"
"17004";"cng2-sw2";"cng2-sw2"
"16827";"cng2-tmo";"cng2-tmo"
"16704";"CNG2-UCS1";"CNG2-UCS1"
"16705";"CNG2-UCS2";"CNG2-UCS2"
"16038";"CNG3_PRI";"CNG3_PRI"
"16039";"CNG3_SEC";"CNG3_SEC"
"16037";"cng3-rgr-20.223.253";"cng3-rgr-20.223.253"
"16046";"CNG3RP_230_1";"CNG3RP_230_1"
"17005";"cng3-sw1";"cng3-sw1"
"17006";"cng3-sw2";"cng3-sw2"
"16828";"cng3-tmo";"cng3-tmo"
"16706";"CNG3-UCS1";"CNG3-UCS1"
"16707";"CNG3-UCS2";"CNG3-UCS2"
"19996";"CNO_5PMU1";"CNO_5PMU1"
"14413";"CNO_HL1";"CNO_HL1"
"14414";"CNO_HL2";"CNO_HL2"
"13864";"CNO_HOTLINES";"CNO_HOTLINES"
"15565";"CNO_HOTLINES_eth1";"CNO_HOTLINES_eth1"
"15566";"CNO_HOTLINES_eth2";"CNO_HOTLINES_eth2"
"10516";"CNO_PRI1";"CNO_PRI1"
"10518";"CNO_PRI2";"CNO_PRI2"
"10517";"CNO_SEC1";"CNO_SEC1"
"10519";"CNO_SEC2";"CNO_SEC2"
"17983";"CNO-0BAPP1";"CNO-0BAPP1"
"17984";"CNO-0BBPP1";"CNO-0BBPP1"
"17967";"CNO-1BPCD1";"CNO-1BPCD1"
"17969";"CNO-1BPCP1";"CNO-1BPCP1"
"17968";"CNO-1BPPP2";"CNO-1BPPP2"
"17971";"CNO-1BUPP1";"CNO-1BUPP1"
"18002";"CNO-1L1CD1";"CNO-1L1CD1"
"18003";"CNO-1L1CP1";"CNO-1L1CP1"
"17949";"CNO-1L2CD1";"CNO-1L2CD1"
"17950";"CNO-1L2CP1";"CNO-1L2CP1"
"17972";"CNO-1L3PP2";"CNO-1L3PP2"
"17973";"CNO-1L4PP2";"CNO-1L4PP2"
"18000";"CNO-1RAPA1";"CNO-1RAPA1"
"18001";"CNO-1RAPP1";"CNO-1RAPP1"
"17974";"CNO-1SACP1";"CNO-1SACP1"
"18022";"CNO-1T3CD1";"CNO-1T3CD1"
"18023";"CNO-1T3CP1";"CNO-1T3CP1"
"18021";"CNO-1T3PP2";"CNO-1T3PP2"
"18027";"CNO-1T4CD1";"CNO-1T4CD1"
"18028";"CNO-1T4CP1";"CNO-1T4CP1"
"18026";"CNO-1T4PP2";"CNO-1T4PP2"
"18032";"CNO-1T5CD1";"CNO-1T5CD1"
"18033";"CNO-1T5CP1";"CNO-1T5CP1"
"17930";"CNO-21A";"CNO-21A"
"17954";"CNO-21A_";"CNO-21A_"
"17953";"CNO-21P";"CNO-21P"
"17929";"CNO-21P_";"CNO-21P_"
"17941";"CNO-21P__";"CNO-21P__"
"17946";"CNO-21P___";"CNO-21P___"
"17942";"CNO-21PA";"CNO-21PA"
"17976";"CNO-2BPCD1";"CNO-2BPCD1"
"17977";"CNO-2BPCP1";"CNO-2BPCP1"
"17978";"CNO-2SACP1";"CNO-2SACP1"
"18004";"CNO-2T1CD1";"CNO-2T1CD1"
"18005";"CNO-2T1CP1";"CNO-2T1CP1"
"18014";"CNO-2T2CD1";"CNO-2T2CD1"
"18015";"CNO-2T2CP1";"CNO-2T2CP1"
"18013";"CNO-2T2PP2";"CNO-2T2PP2"
"18024";"CNO-2T3PAC";"CNO-2T3PAC"
"18025";"CNO-2T3PPC";"CNO-2T3PPC"
"18030";"CNO-2T4PA1";"CNO-2T4PA1"
"18031";"CNO-2T4PP1";"CNO-2T4PP1"
"18029";"CNO-2T4PP2";"CNO-2T4PP2"
"18034";"CNO-2T5PAC";"CNO-2T5PAC"
"18035";"CNO-2T5PPC";"CNO-2T5PPC"
"18036";"CNO-2T7CD1";"CNO-2T7CD1"
"18037";"CNO-2T7CP1";"CNO-2T7CP1"
"18048";"CNO-4DAPP1";"CNO-4DAPP1"
"17943";"CNO-4DBPP1";"CNO-4DBPP1"
"17959";"CNO-4DCPP1";"CNO-4DCPP1"
"18045";"CNO-4T7PA1";"CNO-4T7PA1"
"18046";"CNO-4T7PA2";"CNO-4T7PA2"
"18047";"CNO-4T7PA3";"CNO-4T7PA3"
"18042";"CNO-4T7PP1";"CNO-4T7PP1"
"18043";"CNO-4T7PP2";"CNO-4T7PP2"
"18044";"CNO-4T7PP3";"CNO-4T7PP3"
"17935";"CNO-50_51";"CNO-50_51"
"17931";"CNO-50BF";"CNO-50BF"
"17979";"CNO-51_AL1";"CNO-51_AL1"
"17980";"CNO-51_AL2";"CNO-51_AL2"
"17998";"CNO-5A1CD1";"CNO-5A1CD1"
"17999";"CNO-5A1CP1";"CNO-5A1CP1"
"17936";"CNO-5A3CD1";"CNO-5A3CD1"
"17937";"CNO-5A3CP1";"CNO-5A3CP1"
"18040";"CNO-5A4CD1";"CNO-5A4CD1"
"18041";"CNO-5A4CP1";"CNO-5A4CP1"
"18008";"CNO-5A5CD1";"CNO-5A5CD1"
"18009";"CNO-5A5CP1";"CNO-5A5CP1"
"17951";"CNO-5B3CD1";"CNO-5B3CD1"
"17952";"CNO-5B3CP1";"CNO-5B3CP1"
"17944";"CNO-5B4CD1";"CNO-5B4CD1"
"17945";"CNO-5B4CP1";"CNO-5B4CP1"
"17955";"CNO-5C1CD1";"CNO-5C1CD1"
"17956";"CNO-5C1CP1";"CNO-5C1CP1"
"17957";"CNO-5C3CD1";"CNO-5C3CD1"
"17958";"CNO-5C3CP1";"CNO-5C3CP1"
"17960";"CNO-5C4CD1";"CNO-5C4CD1"
"17961";"CNO-5C4CP1";"CNO-5C4CP1"
"17962";"CNO-5C5CD1";"CNO-5C5CD1"
"17963";"CNO-5C5CP1";"CNO-5C5CP1"
"17965";"CNO-5C6CD1";"CNO-5C6CD1"
"17966";"CNO-5C6CP1";"CNO-5C6CP1"
"17989";"CNO-5DBPP1";"CNO-5DBPP1"
"17985";"CNO-5L5CD1";"CNO-5L5CD1"
"17986";"CNO-5L5CP1";"CNO-5L5CP1"
"17988";"CNO-5L5PA1";"CNO-5L5PA1"
"17987";"CNO-5L5PP1";"CNO-5L5PP1"
"17947";"CNO-5LB4PA1";"CNO-5LB4PA1"
"17948";"CNO-5LB4PP1";"CNO-5LB4PP1"
"17990";"CNO-5R1CD1";"CNO-5R1CD1"
"17991";"CNO-5R1CP1";"CNO-5R1CP1"
"17993";"CNO-5R1PA1";"CNO-5R1PA1"
"17994";"CNO-5R1PAC";"CNO-5R1PAC"
"17992";"CNO-5R1PP1";"CNO-5R1PP1"
"17995";"CNO-5R1PPC";"CNO-5R1PPC"
"17996";"CNO-5R2PAC";"CNO-5R2PAC"
"17997";"CNO-5R2PPC";"CNO-5R2PPC"
"17981";"CNO-5SACP1";"CNO-5SACP1"
"17982";"CNO-5SACP2";"CNO-5SACP2"
"18011";"CNO-5T1PA1";"CNO-5T1PA1"
"18012";"CNO-5T1PA2";"CNO-5T1PA2"
"18006";"CNO-5T1PAC";"CNO-5T1PAC"
"18010";"CNO-5T1PP2";"CNO-5T1PP2"
"18007";"CNO-5T1PPC";"CNO-5T1PPC"
"18038";"CNO-5T7PAC";"CNO-5T7PAC"
"18039";"CNO-5T7PPC";"CNO-5T7PPC"
"18016";"CNO-6DAPP1";"CNO-6DAPP1"
"17925";"CNO-6DBCD1";"CNO-6DBCD1"
"17926";"CNO-6DBCD2";"CNO-6DBCD2"
"17927";"CNO-6DBCP1";"CNO-6DBCP1"
"17928";"CNO-6DBCP2";"CNO-6DBCP2"
"17964";"CNO-6DCPP1";"CNO-6DCPP1"
"17932";"CNO-6RBCD1";"CNO-6RBCD1"
"17933";"CNO-6RBCP1";"CNO-6RBCP1"
"17934";"CNO-6RBPP1";"CNO-6RBPP1"
"18019";"CNO-6T2PA1";"CNO-6T2PA1"
"18020";"CNO-6T2PA2";"CNO-6T2PA2"
"18017";"CNO-6T2PP";"CNO-6T2PP"
"18018";"CNO-6T2PP2";"CNO-6T2PP2"
"17975";"CNO-87B";"CNO-87B"
"16548";"CNO-DM705-01";"CNO-DM705-01"
"16549";"CNO-DM705-02";"CNO-DM705-02"
"16446";"CNO-DM880-01";"CNO-DM880-01"
"16447";"CNO-DM880-02";"CNO-DM880-02"
"17940";"CNO-FD_25";"CNO-FD_25"
"17939";"CNO-PA1";"CNO-PA1"
"17938";"CNO-PP1";"CNO-PP1"
"15694";"CNORDP_138_1";"CNORDP_138_1"
"14582";"CNORDP_138_11";"CNORDP_138_11"
"14583";"CNORDP_230_1";"CNORDP_230_1"
"16734";"CNORDP_230_21";"CNORDP_230_21"
"16731";"CNORDP_230_22";"CNORDP_230_22"
"16732";"CNORDP_230_23";"CNORDP_230_23"
"11563";"CNORDP_525_1";"CNORDP_525_1"
"16409";"CNORDP_525_11";"CNORDP_525_11"
"14589";"CNORDP_525_12";"CNORDP_525_12"
"14590";"CNORDP_525_13";"CNORDP_525_13"
"11969";"CNORDP_525_2";"CNORDP_525_2"
"14587";"CNORDP_525_21";"CNORDP_525_21"
"14591";"CNORDP_525_22";"CNORDP_525_22"
"14585";"CNORDP_525_3";"CNORDP_525_3"
"16735";"CNORDP_525_41";"CNORDP_525_41"
"14588";"CNORDP_5OSC1A";"CNORDP_5OSC1A"
"11820";"cno-rgr-24.2";"cno-rgr-24.2"
"17970";"CNO-TIEPP1";"CNO-TIEPP1"
"16772";"cno-tmo";"cno-tmo"
"14029";"CNO-UCS1";"CNO-UCS1"
"16240";"CNO-UCS1-alta";"CNO-UCS1-alta"
"14030";"CNO-UCS2";"CNO-UCS2"
"16241";"CNO-UCS2-baixa";"CNO-UCS2-baixa"
"15981";"COC-GWO2";"COC-GWO2"
"15973";"COC-SERV4";"COC-MANUT"
"16113";"COC-MANUT-104";"COC-MANUT-104"
"16087";"COC-MANUT-106";"COC-MANUT-106"
"11765";"coc-ons-19.16.126";"coc-ons-19.16.126"
"14381";"coc-rack-sw1";"coc-rack-sw1"
"15972";"coc-rack-sw2";"coc-rack-sw2"
"13175";"COC-SERV1";"COC-SERV1"
"16081";"COC-SERV1-104";"COC-SERV1-104"
"16085";"COC-SERV1-106";"COC-SERV1-106"
"13176";"COC-SERV2";"COC-SERV2"
"16082";"COC-SERV2-104";"COC-SERV2-104"
"16086";"COC-SERV2-106";"COC-SERV2-106"
"16012";"COC-TO1";"COC-TO1"
"16023";"COC-TO10";"COC-TO10 (Posto Avançado)"
"16017";"COC-TO11";"COC-TO11 (Posto Avançado)"
"16013";"COC-TO2";"COC-TO2"
"16014";"COC-TO3";"COC-TO3"
"16015";"COC-TO4";"COC-TO4"
"16016";"COC-TO5";"COC-TO5"
"16019";"COC-TO6";"COC-TO6"
"16020";"COC-TO7";"COC-TO7"
"16021";"COC-TO8";"COC-TO8"
"16022";"COC-TO9";"COC-TO9"
"16024";"COC-TV1";"COC-TV1"
"16025";"COC-TV2";"COC-TV2"
"16018";"COC-TV3";"COC-TV3 (Posto Avançado)"
"15977";"COI-GWO1";"COI-GWO1"
"15978";"COI-GWO2";"COI-GWO2"
"13636";"COI-SERV4";"COI-MANUT"
"13634";"COI-SERV1";"COI-SERV1"
"16092";"COI-SERV1-94";"COI-SERV1-94"
"16100";"COI-SERV1-96";"COI-SERV1-96"
"13635";"COI-SERV2";"COI-SERV2"
"16093";"COI-SERV2-94";"COI-SERV2-94"
"16101";"COI-SERV2-96";"COI-SERV2-96"
"16083";"COI-SERV4-94";"COI-SERV4-94"
"16102";"COI-SERV4-96";"COI-SERV4-96"
"14747";"ControlONE BIG";"ControlONE BIG"
"10937";"ControlONE Sede";"ControlONE Sede"
"14379";"cose-rack1-sw1";"cose-rack1-sw1"
"14380";"cose-rack2-sw1";"cose-rack2-sw1"
"11937";"cose-sw1-94.46";"cose-sw1-94.46"
"16107";"COSE-T10";"COSE-T10"
"16094";"COSE-TO1";"COSE-TO1"
"16111";"COSE-TO10";"COSE-TO10"
"16108";"COSE-TO11";"COSE-TO11"
"16099";"COSE-TO12";"COSE-TO12 (Video Wall)"
"16095";"COSE-TO2";"COSE-TO2"
"16096";"COSE-TO3";"COSE-TO3"
"16097";"COSE-TO4";"COSE-TO4"
"16098";"COSE-TO5";"COSE-TO5"
"16103";"COSE-TO6";"COSE-TO6"
"16104";"COSE-TO7";"COSE-TO7"
"16105";"COSE-TO8";"COSE-TO8"
"16106";"COSE-TO9";"COSE-TO9"
"20031";"CSE_PRI";"CSE_PRI"
"20032";"CSE_SEC";"CSE_SEC"
"20089";"CSERDP_230_1";"CSERDP_230_1"
"20036";"cse-rgr-19.8.137";"cse-rgr-19.8.137"
"14500";"CTA_HL1";"CTA_HL1"
"16355";"CTA_HL2";"CTA_HL2"
"13821";"CTA_PRI";"CTA_PRI"
"13935";"CTA_SEC";"CTA_SEC"
"18054";"CTA-0BAPP1";"CTA-0BAPP1"
"18055";"CTA-0BBPP1";"CTA-0BBPP1"
"18056";"CTA-1DBPP1";"CTA-1DBPP1"
"18068";"CTA-1DBPP1_";"CTA-1DBPP1_"
"18049";"CTA-1DCPP1";"CTA-1DCPP1"
"18064";"CTA-1DRPP1";"CTA-1DRPP1"
"18057";"CTA-1LAPA1";"CTA-1LAPA1"
"18058";"CTA-1LAPA2";"CTA-1LAPA2"
"18059";"CTA-1LAPP1";"CTA-1LAPP1"
"18060";"CTA-1LAPP2";"CTA-1LAPP2"
"18069";"CTA-1T1PA1";"CTA-1T1PA1"
"18070";"CTA-1T1PP1";"CTA-1T1PP1"
"18050";"CTA-2BPFD1";"CTA-2BPFD1"
"18051";"CTA-2BUPP1";"CTA-2BUPP1"
"18052";"CTA-2BUPP2";"CTA-2BUPP2"
"18053";"CTA-2BUPP3";"CTA-2BUPP3"
"18061";"CTA-2L3FD1";"CTA-2L3FD1"
"18062";"CTA-2L3PA1";"CTA-2L3PA1"
"18063";"CTA-2L3PP1";"CTA-2L3PP1"
"18065";"CTA-2R1PA1";"CTA-2R1PA1"
"18066";"CTA-2R1PP1";"CTA-2R1PP1"
"18067";"CTA-2T1FD1";"CTA-2T1FD1"
"14593";"CTARDP_230_1";"CTARDP_230_1"
"14594";"CTARDP_525_1";"CTARDP_525_1"
"11832";"cta-rgr-vsat-20.160.125";"cta-rgr-vsat-20.160.125"
"15955";"cta-rgr-vsat-LINK-TELESPAZIO";"cta-rgr-vsat-LINK-TELESPAZIO"
"14031";"cta-sw1-p";"cta-sw1-p"
"14032";"cta-sw1-s";"cta-sw1-s"
"14033";"cta-sw2-p";"cta-sw2-p"
"14034";"cta-sw2-s";"cta-sw2-s"
"17007";"cta-sw3-p";"cta-sw3-p"
"17008";"cta-sw3-s";"cta-sw3-s"
"14037";"CTA-UCS1";"CTA-UCS1"
"16242";"CTA-UCS1-alta";"CTA-UCS1-alta"
"14038";"CTA-UCS2";"CTA-UCS2"
"16243";"CTA-UCS2-baixa";"CTA-UCS2-baixa"
"14418";"CVO_HL1";"CVO_HL1"
"14419";"CVO_HL2";"CVO_HL2"
"13866";"CVO_HOTLINES";"CVO_HOTLINES"
"15567";"CVO_HOTLINES_eth1";"CVO_HOTLINES_eth1"
"15568";"CVO_HOTLINES_eth2";"CVO_HOTLINES_eth2"
"12923";"CVO_PRI";"CVO_PRI"
"11936";"CVO_SEC";"CVO_SEC"
"18073";"CVO-5LA6CD1";"CVO-5LA6CD1"
"18074";"CVO-5LA6CP1";"CVO-5LA6CP1"
"18071";"CVO-5LA6PA1";"CVO-5LA6PA1"
"18072";"CVO-5LA6PP1";"CVO-5LA6PP1"
"18075";"CVO-5SACP1";"CVO-5SACP1"
"14595";"CVORDP_525_2";"CVORDP_525_2"
"12012";"cvo-rgr-20.207.125";"cvo-rgr-20.207.125"
"17009";"cvo-sw1";"cvo-sw1"
"17010";"cvo-sw2";"cvo-sw2"
"16773";"cvo-tmo";"cvo-tmo"
"14223";"CVO-UCS1";"CVO-UCS1"
"16244";"CVO-UCS1-alta";"CVO-UCS1-alta"
"14224";"CVO-UCS2";"CVO-UCS2"
"16245";"CVO-UCS2-baixa";"CVO-UCS2-baixa"
"18076";"DOD-21A";"DOD-21A"
"18077";"DOD-21P";"DOD-21P"
"14421";"DOU_HL_RGR";"DOU_HL_RGR"
"14420";"DOU_HL1";"DOU_HL1"
"13867";"DOU_HOTLINES";"DOU_HOTLINES"
"15569";"DOU_HOTLINES_eth1";"DOU_HOTLINES_eth1"
"15570";"DOU_HOTLINES_eth2";"DOU_HOTLINES_eth2"
"13822";"DOU_PRI";"DOU_PRI"
"13936";"DOU_SEC";"DOU_SEC"
"18110";"DOU-1T2FD1";"DOU-1T2FD1"
"18111";"DOU-1UAT2P";"DOU-1UAT2P"
"18096";"DOU-21A";"DOU-21A"
"18095";"DOU-21P";"DOU-21P"
"18099";"DOU-25";"DOU-25"
"18097";"DOU-2BPFD1";"DOU-2BPFD1"
"18084";"DOU-2C1CD1";"DOU-2C1CD1"
"18085";"DOU-2C1CP1";"DOU-2C1CP1"
"18081";"DOU-2C1FD1";"DOU-2C1FD1"
"18082";"DOU-2C1PA1";"DOU-2C1PA1"
"18083";"DOU-2C1PP1";"DOU-2C1PP1"
"18086";"DOU-2C1SD1";"DOU-2C1SD1"
"18087";"DOU-2C1SP1";"DOU-2C1SP1"
"18091";"DOU-2C2CD1";"DOU-2C2CD1"
"18092";"DOU-2C2CP1";"DOU-2C2CP1"
"18088";"DOU-2C2FD1";"DOU-2C2FD1"
"18089";"DOU-2C2PA1";"DOU-2C2PA1"
"18090";"DOU-2C2PP1";"DOU-2C2PP1"
"18093";"DOU-2C2SD1";"DOU-2C2SD1"
"18094";"DOU-2C2SP1";"DOU-2C2SP1"
"18112";"DOU-2F2FD1";"DOU-2F2FD1"
"18079";"DOU-2L1FD1";"DOU-2L1FD1"
"18078";"DOU-2L1PA1";"DOU-2L1PA1"
"18080";"DOU-2L1PP1";"DOU-2L1PP1"
"18098";"DOU-2PBPP1";"DOU-2PBPP1"
"18102";"DOU-2R1FD1";"DOU-2R1FD1"
"18103";"DOU-2R1PA1";"DOU-2R1PA1"
"18104";"DOU-2R1PP1";"DOU-2R1PP1"
"18105";"DOU-2R2FD1";"DOU-2R2FD1"
"18106";"DOU-2R2PA1";"DOU-2R2PA1"
"18107";"DOU-2R2PP1";"DOU-2R2PP1"
"18108";"DOU-2T1PA1";"DOU-2T1PA1"
"18109";"DOU-2T1PP1";"DOU-2T1PP1"
"18113";"DOU-2T2PA1";"DOU-2T2PA1"
"18114";"DOU-2T2PA2";"DOU-2T2PA2"
"18115";"DOU-2T2PA3";"DOU-2T2PA3"
"18116";"DOU-2T2PA4";"DOU-2T2PA4"
"18122";"DOU-2T3FD1";"DOU-2T3FD1"
"18123";"DOU-2T3PA1";"DOU-2T3PA1"
"18124";"DOU-2T3PP1";"DOU-2T3PP1"
"18125";"DOU-2T4FD1";"DOU-2T4FD1"
"18126";"DOU-2T4PA1";"DOU-2T4PA1"
"18127";"DOU-2T4PP1";"DOU-2T4PP1"
"18117";"DOU-87P";"DOU-87P"
"16552";"DOU-DM705-01";"DOU-DM705-01"
"16553";"DOU-DM705-02";"DOU-DM705-02"
"16414";"DOU-DM880-01";"DOU-DM880-01"
"16415";"DOU-DM880-02";"DOU-DM880-02"
"14596";"DOURDP_230_1";"DOURDP_230_1"
"14597";"DOURDP_230_4";"DOURDP_230_4"
"10549";"dou-rgr-20.176.125";"dou-rgr-20.176.125"
"11822";"dou-rgr-32.46";"dou-rgr-32.46"
"10737";"dou-rgr-35.253";"dou-rgr-35.253"
"17011";"dou-sw1";"dou-sw1"
"17012";"dou-sw2";"dou-sw2"
"17013";"dou-sw3";"dou-sw3"
"17014";"dou-sw4";"dou-sw4"
"17015";"dou-sw5";"dou-sw5"
"17016";"dou-sw6";"dou-sw6"
"17017";"dou-sw7";"dou-sw7"
"17018";"dou-sw8";"dou-sw8"
"18100";"DOU-TD1";"DOU-TD1"
"18101";"DOU-TD2";"DOU-TD2"
"16774";"dou-tmo";"dou-tmo"
"19992";"DOUTW_230_1";"DOUTW_230_1"
"18118";"DOU-UAC1";"DOU-UAC1"
"18120";"DOU-UAC1_";"DOU-UAC1_"
"18121";"DOU-UAC2";"DOU-UAC2"
"18119";"DOU-UAC2_";"DOU-UAC2_"
"14233";"DOU-UCS1";"DOU-UCS1"
"16246";"DOU-UCS1-alta";"DOU-UCS1-alta"
"14234";"DOU-UCS2";"DOU-UCS2"
"16247";"DOU-UCS2-baixa";"DOU-UCS2-baixa"
"16006";"DRO_HL_RGR";"DRO_HL_RGR"
"14422";"DRO_HL1";"DRO_HL1"
"13868";"DRO_HOTLINES";"DRO_HOTLINES"
"15571";"DRO_HOTLINES_eth1";"DRO_HOTLINES_eth1"
"16007";"DRO_HOTLINES_eth2_rgr";"DRO_HOTLINES_eth2_rgr"
"13823";"DRO_PRI";"DRO_PRI"
"13937";"DRO_SEC";"DRO_SEC"
"18133";"DRO-1L04PP1";"DRO-1L04PP1"
"18149";"DRO-1L05PP1";"DRO-1L05PP1"
"18140";"DRO-1PBPP1";"DRO-1PBPP1"
"18150";"DRO-1T1FD1";"DRO-1T1FD1"
"18158";"DRO-1T2FD1";"DRO-1T2FD1"
"18135";"DRO-1TIECD1";"DRO-1TIECD1"
"18136";"DRO-1TIECP1";"DRO-1TIECP1"
"18134";"DRO-1TIEFD1";"DRO-1TIEFD1"
"18129";"DRO-2L01PA1";"DRO-2L01PA1"
"18130";"DRO-2L01PP1";"DRO-2L01PP1"
"18131";"DRO-2L1CD1";"DRO-2L1CD1"
"18132";"DRO-2L1CP1";"DRO-2L1CP1"
"18128";"DRO-2LO1FD1";"DRO-2LO1FD1"
"18141";"DRO-2PBPP1";"DRO-2PBPP1"
"18144";"DRO-2R1CD1";"DRO-2R1CD1"
"18142";"DRO-2R1PA1";"DRO-2R1PA1"
"18143";"DRO-2R1PP1";"DRO-2R1PP1"
"18147";"DRO-2R2CD1";"DRO-2R2CD1"
"18148";"DRO-2R2CP1";"DRO-2R2CP1"
"18145";"DRO-2R2PA1";"DRO-2R2PA1"
"18146";"DRO-2R2PP1";"DRO-2R2PP1"
"18151";"DRO-2T1FD1";"DRO-2T1FD1"
"18152";"DRO-2T1PA1";"DRO-2T1PA1"
"18153";"DRO-2T1PA2";"DRO-2T1PA2"
"18154";"DRO-2T1PA3";"DRO-2T1PA3"
"18155";"DRO-2T1PP1";"DRO-2T1PP1"
"18156";"DRO-2T1PP2";"DRO-2T1PP2"
"18157";"DRO-2T1PP3";"DRO-2T1PP3"
"18159";"DRO-2T2FD1";"DRO-2T2FD1"
"18160";"DRO-2T2PA1";"DRO-2T2PA1"
"18161";"DRO-2T2PP1";"DRO-2T2PP1"
"18138";"DRO-2TIECD1";"DRO-2TIECD1"
"18139";"DRO-2TIECP1";"DRO-2TIECP1"
"18137";"DRO-2TIEFD1";"DRO-2TIEFD1"
"16554";"DRO-DM705-01";"DRO-DM705-01"
"16555";"DRO-DM705-02";"DRO-DM705-02"
"16448";"DRO-DM880-01";"DRO-DM880-01"
"16449";"DRO-DM880-02";"DRO-DM880-02"
"14598";"DRORDP_138_1";"DRORDP_138_1"
"14599";"DRORDP_230_1";"DRORDP_230_1"
"17019";"dro-sw1";"dro-sw1"
"17020";"dro-sw2";"dro-sw2"
"17021";"dro-sw3";"dro-sw3"
"17022";"dro-sw4";"dro-sw4"
"17023";"dro-sw5";"dro-sw5"
"17024";"dro-sw6";"dro-sw6"
"16775";"dro-tmo";"dro-tmo"
"14241";"DRO-UCS1";"DRO-UCS1"
"16248";"DRO-UCS1-alta";"DRO-UCS1-alta"
"14242";"DRO-UCS2";"DRO-UCS2"
"16249";"DRO-UCS2-baixa";"DRO-UCS2-baixa"
"11880";"EDD-ALE-1";"EDD-ALE-1"
"11888";"EDD-ANA";"EDD-ANA"
"11889";"EDD-AQU";"EDD-AQU"
"11848";"EDD-ARA";"EDD-ARA"
"11846";"EDD-ASS";"EDD-ASS"
"11852";"EDD-BNE";"EDD-BNE"
"11867";"EDD-BNE-2";"EDD-BNE-2"
"11929";"EDD-CAN";"EDD-CAN"
"11877";"EDD-CCH";"EDD-CCH"
"11881";"EDD-CCH-2";"EDD-CCH-2"
"11916";"EDD-CEEE-01";"EDD-CEEE-01"
"11917";"EDD-CEEE-02";"EDD-CEEE-02"
"11837";"EDD-CGR";"EDD-CGR"
"11910";"EDD-CHA-01";"EDD-CHA-01"
"11912";"EDD-CHA-02";"EDD-CHA-02"
"11856";"EDD-CIA";"EDD-CIA"
"11872";"EDD-CNO-1";"EDD-CNO-1"
"11907";"EDD-CZA";"EDD-CZA"
"11930";"EDD-DOM";"EDD-DOM"
"11931";"EDD-DOS";"EDD-DOS"
"11861";"EDD-DOU";"EDD-DOU"
"11932";"EDD-DOU-2";"EDD-DOU-2"
"11862";"EDD-DOU-VIVO-G79";"EDD-DOU-VIVO-G79"
"11918";"EDD-FAR";"EDD-FAR"
"11915";"EDD-GRA";"EDD-GRA"
"11858";"EDD-GUI";"EDD-GUI"
"11870";"EDD-IJUI2-1";"EDD-IJUI2-1"
"11869";"EDD-IJUI2-2";"EDD-IJUI2-2"
"11859";"EDD-ITQ";"EDD-ITQ"
"11926";"EDD-IVI";"EDD-IVI"
"11927";"EDD-IVI2";"EDD-IVI2"
"11849";"EDD-IVP";"EDD-IVP"
"11854";"EDD-JLB";"EDD-JLB"
"11847";"EDD-JUP";"EDD-JUP"
"11860";"EDD-JUT";"EDD-JUT"
"11878";"EDD-LIV2-1";"EDD-LIV2-1"
"11879";"EDD-LIV2-2";"EDD-LIV2-2"
"11923";"EDD-LND";"EDD-LND"
"11845";"EDD-LON";"EDD-LON"
"11874";"EDD-MBR";"EDD-MBR"
"11893";"EDD-MBR-2";"EDD-MBR-2"
"11887";"EDD-MCH";"EDD-MCH"
"11863";"EDD-MGA";"EDD-MGA"
"11871";"EDD-MGA-2";"EDD-MGA-2"
"12476";"EDD-MIS";"EDD-MIS"
"11838";"EDD-NAD";"EDD-NAD"
"11925";"EDD-NAN";"EDD-NAN"
"11904";"EDD-NPR2";"EDD-NPR2"
"11914";"EDD-NSR-1";"EDD-NSR-1"
"11844";"EDD-NSR-230";"EDD-NSR-230"
"11882";"EDD-PFU";"EDD-PFU"
"11921";"EDD-PIY";"EDD-PIY"
"11890";"EDD-PME-1";"EDD-PME-1"
"11891";"EDD-PME-2";"EDD-PME-2"
"11922";"EDD-PVA";"EDD-PVA"
"11866";"EDD-QUI";"EDD-QUI"
"11924";"EDD-ROS";"EDD-ROS"
"19906";"EDD-RTB-RET";"EDD-RTB-RET"
"19908";"EDD-RVE-RET";"EDD-RVE-RET"
"11840";"EDD-SCR1";"EDD-SCR1"
"11841";"EDD-SCR1-02";"EDD-SCR1-02"
"11868";"EDD-SID";"EDD-SID"
"11892";"EDD-SMA3-10";"EDD-SMA3-10"
"12475";"EDD-SMA3-11";"EDD-SMA3-11"
"11928";"EDD-SMS";"EDD-SMS"
"11909";"EDD-SMT";"EDD-SMT"
"11875";"EDD-STA";"EDD-STA"
"11876";"EDD-STA-2";"EDD-STA-2"
"11850";"EDD-STIV";"EDD-STIV"
"11908";"EDD-TPR2";"EDD-TPR2"
"11839";"EDD-TRN";"EDD-TRN"
"11842";"EDD-UHBC-1";"EDD-UHBC-1"
"11843";"EDD-UHBC-2";"EDD-UHBC-2"
"11857";"EDD-UMR";"EDD-UMR"
"19907";"EDD-UNI-RET";"EDD-UNI-RET"
"14424";"FAR_HL1";"FAR_HL1"
"16188";"FAR_HL2";"FAR_HL2"
"13824";"FAR_PRI";"FAR_PRI"
"13938";"FAR_SEC";"FAR_SEC"
"18195";"FAR-1T3CD1";"FAR-1T3CD1"
"18196";"FAR-1T3CP1";"FAR-1T3CP1"
"18180";"FAR-2BPPA1";"FAR-2BPPA1"
"18181";"FAR-2BPPP1";"FAR-2BPPP1"
"18172";"FAR-2L1PA1";"FAR-2L1PA1"
"18173";"FAR-2L1PA3";"FAR-2L1PA3"
"18175";"FAR-2L1PP1";"FAR-2L1PP1"
"18174";"FAR-2L1PP3";"FAR-2L1PP3"
"18170";"FAR-2L2PA1";"FAR-2L2PA1"
"18171";"FAR-2L2PP1";"FAR-2L2PP1"
"18176";"FAR-2L3PA1";"FAR-2L3PA1"
"18177";"FAR-2L3PA2";"FAR-2L3PA2"
"18179";"FAR-2L3PP1";"FAR-2L3PP1"
"18178";"FAR-2L3PP2";"FAR-2L3PP2"
"18188";"FAR-2L4CD1";"FAR-2L4CD1"
"18189";"FAR-2L4CP1";"FAR-2L4CP1"
"18186";"FAR-2L4PA1";"FAR-2L4PA1"
"18187";"FAR-2L4PP1";"FAR-2L4PP1"
"18166";"FAR-2L5PA1";"FAR-2L5PA1"
"18167";"FAR-2L5PP1";"FAR-2L5PP1"
"18164";"FAR-2L6PA1";"FAR-2L6PA1"
"18165";"FAR-2L6PP1";"FAR-2L6PP1"
"18168";"FAR-2L7PA1";"FAR-2L7PA1"
"18169";"FAR-2L7PP1";"FAR-2L7PP1"
"18162";"FAR-2L8PA1";"FAR-2L8PA1"
"18163";"FAR-2L8PP1";"FAR-2L8PP1"
"18182";"FAR-2PBPA1";"FAR-2PBPA1"
"18183";"FAR-2PBPP1";"FAR-2PBPP1"
"18184";"FAR-2SACP1";"FAR-2SACP1"
"18191";"FAR-2T1PA1";"FAR-2T1PA1"
"18192";"FAR-2T1PP1";"FAR-2T1PP1"
"18193";"FAR-2T2PA1";"FAR-2T2PA1"
"18194";"FAR-2T2PP1";"FAR-2T2PP1"
"18199";"FAR-2T3CD1";"FAR-2T3CD1"
"18200";"FAR-2T3CP1";"FAR-2T3CP1"
"18197";"FAR-2T3PA1";"FAR-2T3PA1"
"18198";"FAR-2T3PP1";"FAR-2T3PP1"
"18190";"FAR-51T1";"FAR-51T1"
"18185";"FAR-87B";"FAR-87B"
"16556";"FAR-DM705-01";"FAR-DM705-01"
"16557";"FAR-DM705-02";"FAR-DM705-02"
"16482";"FAR-DM880-01";"FAR-DM880-01"
"16483";"FAR-DM880-02";"FAR-DM880-02"
"14600";"FARRDP_230_1";"FARRDP_230_1"
"14601";"FARRDP_230_2";"FARRDP_230_2"
"16736";"FARRDP_230_3";"FARRDP_230_3"
"16737";"FARRDP_230_4";"FARRDP_230_4"
"10550";"far-rgr-36.254";"far-rgr-36.254"
"17025";"far-sw1";"far-sw1"
"17026";"far-sw2";"far-sw2"
"17027";"far-sw3";"far-sw3"
"17028";"far-sw4";"far-sw4"
"16776";"far-tmo";"far-tmo"
"14043";"FAR-UCS1";"FAR-UCS1"
"16250";"FAR-UCS1-alta";"FAR-UCS1-alta"
"14044";"FAR-UCS2";"FAR-UCS2"
"16251";"FAR-UCS2-baixa";"FAR-UCS2-baixa"
"14425";"FCO_HL1";"FCO_HL1"
"14426";"FCO_HL2";"FCO_HL2"
"13869";"FCO_HOTLINES";"FCO_HOTLINES"
"15573";"FCO_HOTLINES_eth1";"FCO_HOTLINES_eth1"
"15574";"FCO_HOTLINES_eth2";"FCO_HOTLINES_eth2"
"13825";"FCO_PRI";"FCO_PRI"
"13939";"FCO_SEC";"FCO_SEC"
"18208";"FCO-1BPCP1";"FCO-1BPCP1"
"18209";"FCO-1BPPP1";"FCO-1BPPP1"
"18230";"FCO-1L1PA1";"FCO-1L1PA1"
"18231";"FCO-1L1PP1";"FCO-1L1PP1"
"18201";"FCO-1L2PA1";"FCO-1L2PA1"
"18202";"FCO-1L2PP1";"FCO-1L2PP1"
"18215";"FCO-1SPS90";"FCO-1SPS90"
"18236";"FCO-1T3CD1";"FCO-1T3CD1"
"18237";"FCO-1T3CP1";"FCO-1T3CP1"
"18242";"FCO-1T4CD1";"FCO-1T4CD1"
"18243";"FCO-1T4CP1";"FCO-1T4CP1"
"18220";"FCO-2L3CD1";"FCO-2L3CD1"
"18221";"FCO-2L3CD2";"FCO-2L3CD2"
"18222";"FCO-2L3CP1";"FCO-2L3CP1"
"18223";"FCO-2L3CP2";"FCO-2L3CP2"
"18218";"FCO-2L3PA1";"FCO-2L3PA1"
"18219";"FCO-2L3PP1";"FCO-2L3PP1"
"18226";"FCO-2L4CD1";"FCO-2L4CD1"
"18227";"FCO-2L4CD2";"FCO-2L4CD2"
"18228";"FCO-2L4CP1";"FCO-2L4CP1"
"18229";"FCO-2L4CP2";"FCO-2L4CP2"
"18224";"FCO-2L4PA1";"FCO-2L4PA1"
"18225";"FCO-2L4PP1";"FCO-2L4PP1"
"18216";"FCO-2SACP1";"FCO-2SACP1"
"18232";"FCO-2T1PA1";"FCO-2T1PA1"
"18233";"FCO-2T1PP1";"FCO-2T1PP1"
"18234";"FCO-2T2PA1";"FCO-2T2PA1"
"18235";"FCO-2T2PP1";"FCO-2T2PP1"
"18240";"FCO-2T3CD1";"FCO-2T3CD1"
"18241";"FCO-2T3CP1";"FCO-2T3CP1"
"18238";"FCO-2T3PA1";"FCO-2T3PA1"
"18239";"FCO-2T3PP1";"FCO-2T3PP1"
"18246";"FCO-2T4CD1";"FCO-2T4CD1"
"18247";"FCO-2T4CP1";"FCO-2T4CP1"
"18244";"FCO-2T4PA1";"FCO-2T4PA1"
"18245";"FCO-2T4PP1";"FCO-2T4PP1"
"14602";"FCORDP_230_1";"FCORDP_230_1"
"14603";"FCORDP_230_2";"FCORDP_230_2"
"14604";"FCORDP_230_3";"FCORDP_230_3"
"14605";"FCORDP_230_4";"FCORDP_230_4"
"20090";"FCORDP_230_5";"FCORDP_230_5"
"17029";"fco-sw1";"fco-sw1"
"17030";"fco-sw2";"fco-sw2"
"17031";"fco-sw3";"fco-sw3"
"17032";"fco-sw4";"fco-sw4"
"17033";"fco-sw5";"fco-sw5"
"17034";"fco-sw6";"fco-sw6"
"16777";"fco-tmo";"fco-tmo"
"18249";"FCO-UCD1";"FCO-UCD1"
"18204";"FCO-UCD1_";"FCO-UCD1_"
"18210";"FCO-UCD1__";"FCO-UCD1__"
"18254";"FCO-UCD1___";"FCO-UCD1___"
"18211";"FCO-UCD1_X";"FCO-UCD1_X"
"18205";"FCO-UCD2";"FCO-UCD2"
"18212";"FCO-UCD2_";"FCO-UCD2_"
"18250";"FCO-UCD2__";"FCO-UCD2__"
"18255";"FCO-UCD2___";"FCO-UCD2___"
"18217";"FCO-UCP1";"FCO-UCP1"
"14051";"FCO-UCS1";"FCO-UCS1"
"16252";"FCO-UCS1-alta";"FCO-UCS1-alta"
"14052";"FCO-UCS2";"FCO-UCS2"
"16253";"FCO-UCS2-baixa";"FCO-UCS2-baixa"
"18203";"FCO-UPD1";"FCO-UPD1"
"18248";"FCO-UPD1_";"FCO-UPD1_"
"18253";"FCO-UPD1__";"FCO-UPD1__"
"18206";"FCO-UPD2";"FCO-UPD2"
"18251";"FCO-UPD2_";"FCO-UPD2_"
"18256";"FCO-UPD2__";"FCO-UPD2__"
"18207";"FCO-UPD4";"FCO-UPD4"
"18213";"FCO-UPD4_";"FCO-UPD4_"
"18252";"FCO-UPD4__";"FCO-UPD4__"
"18257";"FCO-UPD4___";"FCO-UPD4___"
"18214";"FCO-UPDB";"FCO-UPDB"
"16008";"FHA_HL_RGR";"FHA_HL_RGR"
"14428";"FHA_HL2";"FHA_HL2"
"13870";"FHA_HOTLINES";"FHA_HOTLINES"
"16009";"FHA_HOTLINES_eth1_rgr";"FHA_HOTLINES_eth1_rgr"
"15576";"FHA_HOTLINES_eth2";"FHA_HOTLINES_eth2"
"13827";"FHA_PRI";"FHA_PRI"
"13940";"FHA_SEC";"FHA_SEC"
"18258";"FHA-2L1PAC";"FHA-2L1PAC"
"18259";"FHA-2L1PPC";"FHA-2L1PPC"
"18261";"FHA-2L2PA1";"FHA-2L2PA1"
"18262";"FHA-2L2PP1";"FHA-2L2PP1"
"16558";"FHA-DM705-01";"FHA-DM705-01"
"16559";"FHA-DM705-02";"FHA-DM705-02"
"16750";"FHA-DM706KE-remota";"FHA-DM706KE-remota"
"16450";"FHA-DM880-01";"FHA-DM880-01"
"16451";"FHA-DM880-02";"FHA-DM880-02"
"14606";"FHARDP_230_1";"FHARDP_230_1"
"10735";"fha-rgr-20.131.125";"fha-rgr-20.131.125"
"17035";"fha-sw1";"fha-sw1"
"17036";"fha-sw2";"fha-sw2"
"17037";"fha-sw3";"fha-sw3"
"17038";"fha-sw4";"fha-sw4"
"16778";"fha-tmo";"fha-tmo"
"18260";"FHA-UCL";"FHA-UCL"
"18263";"FHA-UCL_D";"FHA-UCL_D"
"18264";"FHA-UCL_P";"FHA-UCL_P"
"14247";"FHA-UCS1";"FHA-UCS1"
"16254";"FHA-UCS1-alta";"FHA-UCS1-alta"
"14248";"FHA-UCS2";"FHA-UCS2"
"16255";"FHA-UCS2-baixa";"FHA-UCS2-baixa"
"10998";"FW-ARE-PRI";"FW-ARE-PRI"
"10999";"FW-ARE-SEC";"FW-ARE-SEC"
"11004";"FW-BIG-PRI";"FW-BIG-PRI"
"11005";"FW-BIG-SEC";"FW-BIG-SEC"
"11006";"FW-BLU-PRI";"FW-BLU-PRI"
"11007";"FW-BLU-SEC";"FW-BLU-SEC"
"16070";"FW-CCH-PRI";"FW-CCH-PRI"
"16071";"FW-CCH-SEC";"FW-CCH-SEC"
"11000";"FW-CNO-PRI";"FW-CNO-PRI"
"11001";"FW-CNO-SEC";"FW-CNO-SEC"
"13186";"FW-COSE-PRI";"FW-COSE-PRI"
"13187";"FW-COSE-SEC";"FW-COSE-SEC"
"11002";"FW-LON-PRI";"FW-LON-PRI"
"11003";"FW-LON-SEC";"FW-LON-SEC"
"12887";"FW-MRO2-PRI";"FW-MRO2-PRI"
"12888";"FW-MRO2-SEC";"FW-MRO2-SEC"
"10997";"FW-NSR-PRI";"FW-NSR-PRI"
"10996";"FW-NSR-SEC";"FW-NSR-SEC"
"14904";"FW-PNO-PRI";"FW-PNO-PRI"
"14905";"FW-PNO-SEC";"FW-PNO-SEC"
"12889";"FW-SPA2-PRI";"FW-SPA2-PRI"
"12890";"FW-SPA2-SEC";"FW-SPA2-SEC"
"14429";"GAR1_HL1";"GAR1_HL1"
"14430";"GAR1_HL2";"GAR1_HL2"
"13871";"GAR1_HOTLINES";"GAR1_HOTLINES"
"15577";"GAR1_HOTLINES_eth1";"GAR1_HOTLINES_eth1"
"15578";"GAR1_HOTLINES_eth2";"GAR1_HOTLINES_eth2"
"13826";"GAR1_PRI";"GAR1_PRI"
"13941";"GAR1_SEC";"GAR1_SEC"
"18265";"GAR1-2L2CD1";"GAR1-2L2CD1"
"18267";"GAR1-2L2CP1";"GAR1-2L2CP1"
"18266";"GAR1-2L2PA";"GAR1-2L2PA"
"18268";"GAR1-2L2PP";"GAR1-2L2PP"
"10639";"gar1-rgr-20.139.125";"gar1-rgr-20.139.125"
"16779";"gar1-tmo";"gar1-tmo"
"14053";"GAR1-UCS1";"GAR1-UCS1"
"16256";"GAR1-UCS1-alta";"GAR1-UCS1-alta"
"14054";"GAR1-UCS2";"GAR1-UCS2"
"16257";"GAR1-UCS2-baixa";"GAR1-UCS2-baixa"
"14607";"GARRDP_230_1";"GARRDP_230_1"
"15693";"GAS2_5PMU1";"GAS2_5PMU1"
"14431";"GAS2_HL1";"GAS2_HL1"
"14432";"GAS2_HL2";"GAS2_HL2"
"13872";"GAS2_HOTLINES";"GAS2_HOTLINES"
"15579";"GAS2_HOTLINES_eth1";"GAS2_HOTLINES_eth1"
"15580";"GAS2_HOTLINES_eth2";"GAS2_HOTLINES_eth2"
"13639";"GAS2_PRI";"GAS2_PRI"
"13638";"GAS2_SEC";"GAS2_SEC"
"16560";"GAS2-230-DM705-01";"GAS2-230-DM705-01"
"16561";"GAS2-230-DM705-02";"GAS2-230-DM705-02"
"16520";"GAS2-230-DM880-01";"GAS2-230-DM880-01"
"16521";"GAS2-230-DM880-02";"GAS2-230-DM880-02"
"18271";"GAS2-2L01CD1";"GAS2-2L01CD1"
"18272";"GAS2-2L01CP1";"GAS2-2L01CP1"
"18269";"GAS2-2L01PA1";"GAS2-2L01PA1"
"18270";"GAS2-2L01PP1";"GAS2-2L01PP1"
"18279";"GAS2-2L02CD1";"GAS2-2L02CD1"
"18280";"GAS2-2L02CP1";"GAS2-2L02CP1"
"18277";"GAS2-2L02PA1";"GAS2-2L02PA1"
"18278";"GAS2-2L02PP1";"GAS2-2L02PP1"
"18301";"GAS2-2L03CD1";"GAS2-2L03CD1"
"18302";"GAS2-2L03CP1";"GAS2-2L03CP1"
"18299";"GAS2-2L03PA1";"GAS2-2L03PA1"
"18300";"GAS2-2L03PP1";"GAS2-2L03PP1"
"18283";"GAS2-2L04CD1";"GAS2-2L04CD1"
"18284";"GAS2-2L04CP1";"GAS2-2L04CP1"
"18281";"GAS2-2L04PA1";"GAS2-2L04PA1"
"18282";"GAS2-2L04PP1";"GAS2-2L04PP1"
"18297";"GAS2-2SACP1";"GAS2-2SACP1"
"16382";"GAS2-525-DM705-01";"GAS2-525-DM705-01"
"16383";"GAS2-525-DM705-02";"GAS2-525-DM705-02"
"16380";"GAS2-525-DM880-01";"GAS2-525-DM880-01"
"16381";"GAS2-525-DM880-02";"GAS2-525-DM880-02"
"18275";"GAS2-5LB1CD1";"GAS2-5LB1CD1"
"18276";"GAS2-5LB1CP1";"GAS2-5LB1CP1"
"18273";"GAS2-5LB1PA1";"GAS2-5LB1PA1"
"18274";"GAS2-5LB1PP1";"GAS2-5LB1PP1"
"18287";"GAS2-5LB2CD1";"GAS2-5LB2CD1"
"18288";"GAS2-5LB2CP1";"GAS2-5LB2CP1"
"18285";"GAS2-5LB2PA1";"GAS2-5LB2PA1"
"18286";"GAS2-5LB2PP1";"GAS2-5LB2PP1"
"18295";"GAS2-5LB3CD1";"GAS2-5LB3CD1"
"18296";"GAS2-5LB3CP1";"GAS2-5LB3CP1"
"18293";"GAS2-5LB3PA1";"GAS2-5LB3PA1"
"18294";"GAS2-5LB3PP1";"GAS2-5LB3PP1"
"18291";"GAS2-5LB4CD1";"GAS2-5LB4CD1"
"18292";"GAS2-5LB4CP1";"GAS2-5LB4CP1"
"18289";"GAS2-5LB4PA1";"GAS2-5LB4PA1"
"18290";"GAS2-5LB4PP1";"GAS2-5LB4PP1"
"18298";"GAS2-5SACP1";"GAS2-5SACP1"
"14608";"GAS2RDP_230";"GAS2RDP_230"
"15985";"GAS2RDP_525";"GAS2RDP_525"
"17039";"gas2-sw1";"gas2-sw1"
"17040";"gas2-sw2";"gas2-sw2"
"16780";"gas2-tmo";"gas2-tmo"
"14251";"GAS2-UCS1";"GAS2-UCS1"
"16258";"GAS2-UCS1-alta";"GAS2-UCS1-alta"
"14252";"GAS2-UCS2";"GAS2-UCS2"
"16259";"GAS2-UCS2-baixa";"GAS2-UCS2-baixa"
"18303";"GER-1B1PP1";"GER-1B1PP1"
"18321";"GER-1L1PP1";"GER-1L1PP1"
"18322";"GER-1L1PR1";"GER-1L1PR1"
"18309";"GER-1SACP1";"GER-1SACP1"
"18310";"GER-1SACP2";"GER-1SACP2"
"18323";"GER-1T1PP1";"GER-1T1PP1"
"18324";"GER-1T1PR1";"GER-1T1PR1"
"18325";"GER-1T2PP1";"GER-1T2PP1"
"18326";"GER-1T2PR1";"GER-1T2PR1"
"18304";"GER-1UABP1";"GER-1UABP1"
"18305";"GER-CP1";"GER-CP1"
"18311";"GER-CP1_";"GER-CP1_"
"18314";"GER-CP1__";"GER-CP1__"
"18318";"GER-CP1___";"GER-CP1___"
"18327";"GER-CP1____";"GER-CP1____"
"18331";"GER-CP1_____";"GER-CP1_____"
"18329";"GER-CP1______";"GER-CP1______"
"18306";"GER-CP2";"GER-CP2"
"18312";"GER-CP2_";"GER-CP2_"
"18315";"GER-CP2__";"GER-CP2__"
"18319";"GER-CP2___";"GER-CP2___"
"18328";"GER-CP2____";"GER-CP2____"
"18330";"GER-CP2_____";"GER-CP2_____"
"18332";"GER-CP2______";"GER-CP2______"
"18307";"GER-CP3";"GER-CP3"
"18313";"GER-CP3_";"GER-CP3_"
"18316";"GER-CP3__";"GER-CP3__"
"18320";"GER-CP3___";"GER-CP3___"
"18308";"GER-CP4";"GER-CP4"
"18317";"GER-CP4_";"GER-CP4_"
"16739";"GPE-DM706KE-remota";"GPE-DM706KE-remota"
"16484";"GPE-DM880-01";"GPE-DM880-01"
"16485";"GPE-DM880-02";"GPE-DM880-02"
"14609";"GR2RDP_230_1";"GR2RDP_230_1"
"14435";"GRA_HL1";"GRA_HL1"
"14436";"GRA_HL2";"GRA_HL2"
"13874";"GRA_HOTLINES";"GRA_HOTLINES"
"15583";"GRA_HOTLINES_eth1";"GRA_HOTLINES_eth1"
"15584";"GRA_HOTLINES_eth2";"GRA_HOTLINES_eth2"
"13829";"GRA_PRI";"GRA_PRI"
"13943";"GRA_SEC";"GRA_SEC"
"18348";"GRA-1LAPA1";"GRA-1LAPA1"
"18347";"GRA-1LAPP1";"GRA-1LAPP1"
"20038";"GRA2_PRI";"GRA2_PRI"
"20039";"GRA2_SEC";"GRA2_SEC"
"18359";"GRA2-2BC4SY1";"GRA2-2BC4SY1"
"18363";"GRA2-2BC5SY1";"GRA2-2BC5SY1"
"18360";"GRA2-2BCC1";"GRA2-2BCC1"
"18361";"GRA2-2C4PA1";"GRA2-2C4PA1"
"18362";"GRA2-2C4PP1";"GRA2-2C4PP1"
"18364";"GRA2-2C5PA1";"GRA2-2C5PA1"
"18365";"GRA2-2C5PP1";"GRA2-2C5PP1"
"18366";"GRA2-87A";"GRA2-87A"
"18367";"GRA2-87P";"GRA2-87P"
"20037";"gra2-rgr-20.238.125";"gra2-rgr-20.238.125"
"14433";"GRA3_HL1";"GRA3_HL1"
"14434";"GRA3_HL2";"GRA3_HL2"
"13873";"GRA3_HOTLINES";"GRA3_HOTLINES"
"15581";"GRA3_HOTLINES_eth1";"GRA3_HOTLINES_eth1"
"15582";"GRA3_HOTLINES_eth2";"GRA3_HOTLINES_eth2"
"16904";"GRA3_PRI";"GRA3_PRI"
"13942";"GRA3_SEC";"GRA3_SEC"
"18395";"GRA3-1BPCD1";"GRA3-1BPCD1"
"18396";"GRA3-1BPCP1";"GRA3-1BPCP1"
"18400";"GRA3-1BUPP1";"GRA3-1BUPP1"
"18401";"GRA3-1BUPP2";"GRA3-1BUPP2"
"18402";"GRA3-1BUPP3";"GRA3-1BUPP3"
"18388";"GRA3-1L6CD1";"GRA3-1L6CD1"
"18389";"GRA3-1L6CP1";"GRA3-1L6CP1"
"18386";"GRA3-1L6PA1";"GRA3-1L6PA1"
"18387";"GRA3-1L6PP1";"GRA3-1L6PP1"
"18384";"GRA3-1L7CD1";"GRA3-1L7CD1"
"18385";"GRA3-1L7CP1";"GRA3-1L7CP1"
"18382";"GRA3-1L7PA1";"GRA3-1L7PA1"
"18383";"GRA3-1L7PP1";"GRA3-1L7PP1"
"18380";"GRA3-1L8CD1";"GRA3-1L8CD1"
"18381";"GRA3-1L8CP1";"GRA3-1L8CP1"
"18378";"GRA3-1L8PA1";"GRA3-1L8PA1"
"18379";"GRA3-1L8PP1";"GRA3-1L8PP1"
"18406";"GRA3-1T1CD1";"GRA3-1T1CD1"
"18407";"GRA3-1T1CP1";"GRA3-1T1CP1"
"18398";"GRA3-2BPCD1";"GRA3-2BPCD1"
"18399";"GRA3-2BPCP1";"GRA3-2BPCP1"
"18397";"GRA3-2BPPP2";"GRA3-2BPPP2"
"18403";"GRA3-2BUPP1";"GRA3-2BUPP1"
"18404";"GRA3-2BUPP2";"GRA3-2BUPP2"
"18405";"GRA3-2BUPP3";"GRA3-2BUPP3"
"18393";"GRA3-2L1CD1";"GRA3-2L1CD1"
"18394";"GRA3-2L1CP1";"GRA3-2L1CP1"
"18391";"GRA3-2L1PA1";"GRA3-2L1PA1"
"18392";"GRA3-2L1PP1";"GRA3-2L1PP1"
"18390";"GRA3-2L1PP2";"GRA3-2L1PP2"
"18376";"GRA3-2L4CD1";"GRA3-2L4CD1"
"18377";"GRA3-2L4CP1";"GRA3-2L4CP1"
"18374";"GRA3-2L4PA1";"GRA3-2L4PA1"
"18375";"GRA3-2L4PP1";"GRA3-2L4PP1"
"18373";"GRA3-2L4PP2";"GRA3-2L4PP2"
"18371";"GRA3-2L5CD1";"GRA3-2L5CD1"
"18372";"GRA3-2L5CP1";"GRA3-2L5CP1"
"18369";"GRA3-2L5PA1";"GRA3-2L5PA1"
"18370";"GRA3-2L5PP1";"GRA3-2L5PP1"
"18368";"GRA3-2L5PP2";"GRA3-2L5PP2"
"18413";"GRA3-2T1CD1";"GRA3-2T1CD1"
"18411";"GRA3-2T1CD2";"GRA3-2T1CD2"
"18414";"GRA3-2T1CP1";"GRA3-2T1CP1"
"18412";"GRA3-2T1CP2";"GRA3-2T1CP2"
"18409";"GRA3-2T1PA1";"GRA3-2T1PA1"
"18410";"GRA3-2T1PP1";"GRA3-2T1PP1"
"18408";"GRA3-2T1PP2";"GRA3-2T1PP2"
"16564";"GRA3-DM705-01";"GRA3-DM705-01"
"16565";"GRA3-DM705-02";"GRA3-DM705-02"
"16488";"GRA3-DM880-01";"GRA3-DM880-01"
"16489";"GRA3-DM880-02";"GRA3-DM880-02"
"14611";"GRA3RDP_230_1";"GRA3RDP_230_1"
"14610";"GRA3RDP_69_1";"GRA3RDP_69_1"
"16782";"gra3-tmo";"gra3-tmo"
"19980";"GRA3TW_230_1";"GRA3TW_230_1"
"14061";"GRA3-UCS1";"GRA3-UCS1"
"16262";"GRA3-UCS1-alta";"GRA3-UCS1-alta"
"14062";"GRA3-UCS2";"GRA3-UCS2"
"16263";"GRA3-UCS2-baixa";"GRA3-UCS2-baixa"
"18341";"GRA-5BAPA1";"GRA-5BAPA1"
"18342";"GRA-5BAPP1";"GRA-5BAPP1"
"18343";"GRA-5BBPA1";"GRA-5BBPA1"
"18344";"GRA-5BBPP1";"GRA-5BBPP1"
"18335";"GRA-5C1PA1";"GRA-5C1PA1"
"18336";"GRA-5C1PP1";"GRA-5C1PP1"
"18337";"GRA-5C2PA1";"GRA-5C2PA1"
"18338";"GRA-5C2PP1";"GRA-5C2PP1"
"18339";"GRA-5C3PA1";"GRA-5C3PA1"
"18340";"GRA-5C3PP1";"GRA-5C3PP1"
"18333";"GRA-5L2PA1";"GRA-5L2PA1"
"18334";"GRA-5L2PP1";"GRA-5L2PP1"
"18349";"GRA-5R1PA1";"GRA-5R1PA1"
"18350";"GRA-5R1PP1";"GRA-5R1PP1"
"18351";"GRA-5R2PA1";"GRA-5R2PA1"
"18352";"GRA-5R2PP1";"GRA-5R2PP1"
"18353";"GRA-5T1PA1";"GRA-5T1PA1"
"18355";"GRA-5T2PA1";"GRA-5T2PA1"
"18356";"GRA-5T2PP1";"GRA-5T2PP1"
"18357";"GRA-5T3PA1";"GRA-5T3PA1"
"18358";"GRA-5T3PP1";"GRA-5T3PP1"
"18354";"GRA-5TIPP1";"GRA-5TIPP1"
"16562";"GRA-DM705-01";"GRA-DM705-01"
"16563";"GRA-DM705-02";"GRA-DM705-02"
"16748";"GRA-DM706KE-remota";"GRA-DM706KE-remota"
"16486";"GRA-DM880-01";"GRA-DM880-01"
"16487";"GRA-DM880-02";"GRA-DM880-02"
"14612";"GRARDP_525_1";"GRARDP_525_1"
"14613";"GRARDP_525_2";"GRARDP_525_2"
"10562";"gra-rgr-24.8";"gra-rgr-24.8"
"10563";"gra-rgr-24.9";"gra-rgr-24.9"
"10564";"gra-rgr-40.42";"gra-rgr-40.42"
"17041";"gra-sw1";"gra-sw1"
"17042";"gra-sw2";"gra-sw2"
"17043";"gra-sw3";"gra-sw3"
"17044";"gra-sw4";"gra-sw4"
"18345";"GRA-TD1";"GRA-TD1"
"18346";"GRA-TD2";"GRA-TD2"
"16781";"gra-tmo";"gra-tmo"
"14059";"GRA-UCS1";"GRA-UCS1"
"16260";"GRA-UCS1-alta";"GRA-UCS1-alta"
"14060";"GRA-UCS2";"GRA-UCS2"
"16261";"GRA-UCS2-baixa";"GRA-UCS2-baixa"
"16353";"GRT_HL1";"GRT_HL1"
"13830";"GRT_PRI";"GRT_PRI"
"13944";"GRT_SEC";"GRT_SEC"
"14614";"GRTRDP_230_1";"GRTRDP_230_1"
"10566";"grt-rgr-20.142.125";"grt-rgr-20.142.125"
"17045";"grt-sw1";"grt-sw1"
"17046";"grt-sw2";"grt-sw2"
"18416";"GRT-UCD1";"GRT-UCD1"
"18420";"GRT-UCD1_";"GRT-UCD1_"
"18417";"GRT-UCD2";"GRT-UCD2"
"14065";"GRT-UCS1";"GRT-UCS1"
"16264";"GRT-UCS1-alta";"GRT-UCS1-alta"
"14066";"GRT-UCS2";"GRT-UCS2"
"16265";"GRT-UCS2-baixa";"GRT-UCS2-baixa"
"18415";"GRT-UPD1";"GRT-UPD1"
"18418";"GRT-UPD2";"GRT-UPD2"
"18419";"GRT-UPD4";"GRT-UPD4"
"14439";"GUA_HL1";"GUA_HL1"
"14440";"GUA_HL2";"GUA_HL2"
"13876";"GUA_HOTLINES";"GUA_HOTLINES"
"15587";"GUA_HOTLINES_eth1";"GUA_HOTLINES_eth1"
"15588";"GUA_HOTLINES_eth2";"GUA_HOTLINES_eth2"
"11996";"GUA_PRI";"GUA_PRI"
"11935";"GUA_SEC";"GUA_SEC"
"18426";"GUA-21A";"GUA-21A"
"18425";"GUA-21P";"GUA-21P"
"14437";"GUA3_HL1";"GUA3_HL1"
"14438";"GUA3_HL2";"GUA3_HL2"
"13875";"GUA3_HOTLINES";"GUA3_HOTLINES"
"15585";"GUA3_HOTLINES_eth1";"GUA3_HOTLINES_eth1"
"15586";"GUA3_HOTLINES_eth2";"GUA3_HOTLINES_eth2"
"13831";"GUA3_PRI";"GUA3_PRI"
"13945";"GUA3_SEC";"GUA3_SEC"
"18431";"GUA3-5LB3PA1";"GUA3-5LB3PA1"
"18432";"GUA3-5LB3PP1";"GUA3-5LB3PP1"
"18429";"GUA3-5LB4PA1";"GUA3-5LB4PA1"
"18430";"GUA3-5LB4PP1";"GUA3-5LB4PP1"
"18433";"GUA3-5RB3PA1";"GUA3-5RB3PA1"
"18434";"GUA3-5RB3PP1";"GUA3-5RB3PP1"
"16729";"GUA3-DM705-01";"GUA3-DM705-01"
"16730";"GUA3-DM705-02";"GUA3-DM705-02"
"16518";"GUA3-DM820-01";"GUA3-DM820-01"
"16519";"GUA3-DM820-02";"GUA3-DM820-02"
"11830";"gua3-rgr-20.191.125";"gua3-rgr-20.191.125"
"14615";"GUA3RP_525_1";"GUA3RP_525_1"
"18428";"GUA3-RTU1";"GUA3-RTU1"
"17049";"gua3-sw1";"gua3-sw1"
"17050";"gua3-sw2";"gua3-sw2"
"17051";"gua3-sw3";"gua3-sw3"
"16784";"gua3-tmo";"gua3-tmo"
"20106";"GUA3TW_525_1";"GUA3TW_525_1"
"14070";"GUA3-UCS1";"GUA3-UCS1"
"16268";"GUA3-UCS1-alta";"GUA3-UCS1-alta"
"14071";"GUA3-UCS2";"GUA3-UCS2"
"16269";"GUA3-UCS2-baixa";"GUA3-UCS2-baixa"
"18423";"GUA-5LA1CD1";"GUA-5LA1CD1"
"18424";"GUA-5LA1CP1";"GUA-5LA1CP1"
"18421";"GUA-5LA1PA1";"GUA-5LA1PA1"
"18422";"GUA-5LA1PP1";"GUA-5LA1PP1"
"18427";"GUA-5SACP1";"GUA-5SACP1"
"14616";"GUARDP_525_1";"GUARDP_525_1"
"12011";"gua-rgr-20.208.125";"gua-rgr-20.208.125"
"17047";"gua-sw1";"gua-sw1"
"17048";"gua-sw2";"gua-sw2"
"16783";"gua-tmo";"gua-tmo"
"14255";"GUA-UCS1";"GUA-UCS1"
"16266";"GUA-UCS1-alta";"GUA-UCS1-alta"
"14256";"GUA-UCS2";"GUA-UCS2"
"16267";"GUA-UCS2-baixa";"GUA-UCS2-baixa"
"11802";"gui-rgr-35.252";"gui-rgr-35.252"
"14441";"GUO_HL1";"GUO_HL1"
"13832";"GUO_PRI";"GUO_PRI"
"13946";"GUO_SEC";"GUO_SEC"
"18437";"GUO-2L2CD1";"GUO-2L2CD1"
"18438";"GUO-2L2CP1";"GUO-2L2CP1"
"18435";"GUO-2L2PA1";"GUO-2L2PA1"
"18436";"GUO-2L2PP1";"GUO-2L2PP1"
"18441";"GUO-2L3CD1";"GUO-2L3CD1"
"18442";"GUO-2L3CP1";"GUO-2L3CP1"
"18439";"GUO-2L3PA1";"GUO-2L3PA1"
"18440";"GUO-2L3PP1";"GUO-2L3PP1"
"18443";"GUO-2SACP1";"GUO-2SACP1"
"14617";"GUORDP_230_1";"GUORDP_230_1"
"11813";"guo-rgr-20.197.125";"guo-rgr-20.197.125"
"17052";"guo-sw1";"guo-sw1"
"17053";"guo-sw2";"guo-sw2"
"17054";"guo-sw3";"guo-sw3"
"17055";"guo-sw4";"guo-sw4"
"16785";"guo-tmo";"guo-tmo"
"14261";"GUO-UCS1";"GUO-UCS1"
"16270";"GUO-UCS1-alta";"GUO-UCS1-alta"
"14262";"GUO-UCS2";"GUO-UCS2"
"16271";"GUO-UCS2-baixa";"GUO-UCS2-baixa"
"15980";"GWC-SERV1-104";"GWC-SERV1-104"
"16089";"GWC-SERV1-106";"GWC-SERV1-106"
"16080";"GWC-SERV2-104";"GWC-SERV2-104"
"16090";"GWC-SERV2-106";"GWC-SERV2-106"
"16109";"GWO-SERV1-96";"GWO-SERV1-96"
"16110";"GWO-SERV2-96";"GWO-SERV2-96"
"18445";"IBA-1L2PP";"IBA-1L2PP"
"18446";"IBA-1L2PR";"IBA-1L2PR"
"18444";"IBA-21";"IBA-21"
"18449";"IFA-UP21";"IFA-UP21"
"18447";"IFA-UP21_";"IFA-UP21_"
"18448";"IFA-UP67N";"IFA-UP67N"
"18450";"IFA-UP67N_";"IFA-UP67N_"
"14618";"IJ2RDP_230_1";"IJ2RDP_230_1"
"14442";"IJU2_HL1";"IJU2_HL1"
"14443";"IJU2_HL2";"IJU2_HL2"
"13877";"IJU2_HOTLINES";"IJU2_HOTLINES"
"15589";"IJU2_HOTLINES_eth1";"IJU2_HOTLINES_eth1"
"15590";"IJU2_HOTLINES_eth2";"IJU2_HOTLINES_eth2"
"13833";"IJU2_PRI";"IJU2_PRI"
"13947";"IJU2_SEC";"IJU2_SEC"
"18457";"IJU2-1BPCP1";"IJU2-1BPCP1"
"18455";"IJU2-1L3PP";"IJU2-1L3PP"
"18456";"IJU2-1L3PR";"IJU2-1L3PR"
"18453";"IJU2-1L4PP";"IJU2-1L4PP"
"18454";"IJU2-1L4PR";"IJU2-1L4PR"
"18461";"IJU2-1L5PP";"IJU2-1L5PP"
"18462";"IJU2-1L5PR";"IJU2-1L5PR"
"18451";"IJU2-1L6PP";"IJU2-1L6PP"
"18452";"IJU2-1L6PR";"IJU2-1L6PR"
"18463";"IJU2-1T1CP1";"IJU2-1T1CP1"
"18464";"IJU2-1T1CP2";"IJU2-1T1CP2"
"18469";"IJU2-1T2CP1";"IJU2-1T2CP1"
"18470";"IJU2-1T2CP2";"IJU2-1T2CP2"
"18458";"IJU2-2BPCP1";"IJU2-2BPCP1"
"18459";"IJU2-2BPCP2";"IJU2-2BPCP2"
"18460";"IJU2-2CU01";"IJU2-2CU01"
"18465";"IJU2-2T1PA1";"IJU2-2T1PA1"
"18466";"IJU2-2T1PA2";"IJU2-2T1PA2"
"18467";"IJU2-2T1PP1";"IJU2-2T1PP1"
"18468";"IJU2-2T1PP2";"IJU2-2T1PP2"
"18471";"IJU2-2T2PA1";"IJU2-2T2PA1"
"18472";"IJU2-2T2PA2";"IJU2-2T2PA2"
"18473";"IJU2-2T2PP1";"IJU2-2T2PP1"
"18474";"IJU2-2T2PP2";"IJU2-2T2PP2"
"10732";"iju2-rgr-8.34";"iju2-rgr-8.34"
"17056";"iju2-sw1";"iju2-sw1"
"17057";"iju2-sw2";"iju2-sw2"
"17058";"iju2-sw3";"iju2-sw3"
"17059";"iju2-sw4";"iju2-sw4"
"16786";"iju2-tmo";"iju2-tmo"
"14076";"IJU2-UCS1";"IJU2-UCS1"
"16272";"IJU2-UCS1-alta";"IJU2-UCS1-alta"
"14077";"IJU2-UCS2";"IJU2-UCS2"
"16273";"IJU2-UCS2-baixa";"IJU2-UCS2-baixa"
"14444";"IRN_HL1";"IRN_HL1"
"11894";"IRN_PRI";"IRN_PRI"
"11895";"IRN_SEC";"IRN_SEC"
"18477";"IRN-2L1CD1";"IRN-2L1CD1"
"18478";"IRN-2L1CP1";"IRN-2L1CP1"
"18475";"IRN-2L1PA1";"IRN-2L1PA1"
"18476";"IRN-2L1PP1";"IRN-2L1PP1"
"18482";"IRN-2L2CD1";"IRN-2L2CD1"
"18483";"IRN-2L2CP1";"IRN-2L2CP1"
"18480";"IRN-2L2PA1";"IRN-2L2PA1"
"18481";"IRN-2L2PP1";"IRN-2L2PP1"
"18479";"IRN-2SACP1";"IRN-2SACP1"
"14619";"IRNRDP_230_1";"IRNRDP_230_1"
"12015";"irn-rgr-20.198.125";"irn-rgr-20.198.125"
"17060";"irn-sw1";"irn-sw1"
"17061";"irn-sw2";"irn-sw2"
"17062";"irn-sw3";"irn-sw3"
"17063";"irn-sw4";"irn-sw4"
"16787";"irn-tmo";"irn-tmo"
"14267";"IRN-UCS1";"IRN-UCS1"
"16274";"IRN-UCS1-alta";"IRN-UCS1-alta"
"14268";"IRN-UCS2";"IRN-UCS2"
"16275";"IRN-UCS2-baixa";"IRN-UCS2-baixa"
"18486";"ITA-21";"ITA-21"
"18487";"ITA-21_";"ITA-21_"
"18489";"ITA-21__";"ITA-21__"
"18491";"ITA-21___";"ITA-21___"
"18494";"ITA-21____";"ITA-21____"
"18492";"ITA-67";"ITA-67"
"18490";"ITA-67_";"ITA-67_"
"18488";"ITA-67N";"ITA-67N"
"18493";"ITA-COM";"ITA-COM"
"18484";"ITA-UP21";"ITA-UP21"
"18485";"ITA-UP67";"ITA-UP67"
"18495";"ITA-UPD1";"ITA-UPD1"
"18497";"ITA-UPD1_";"ITA-UPD1_"
"18498";"ITA-UPD2";"ITA-UPD2"
"18496";"ITA-UPD2_";"ITA-UPD2_"
"14445";"ITJ_HL1";"ITJ_HL1"
"14446";"ITJ_HL2";"ITJ_HL2"
"13878";"ITJ_HOTLINES";"ITJ_HOTLINES"
"15591";"ITJ_HOTLINES_eth1";"ITJ_HOTLINES_eth1"
"15592";"ITJ_HOTLINES_eth2";"ITJ_HOTLINES_eth2"
"13834";"ITJ_PRI";"ITJ_PRI"
"13948";"ITJ_SEC";"ITJ_SEC"
"18576";"ITJ_UCS1";"ITJ_UCS1"
"18577";"ITJ_UCS2";"ITJ_UCS2"
"18511";"ITJ-1L10PP1";"ITJ-1L10PP1"
"18512";"ITJ-1L10PR1";"ITJ-1L10PR1"
"18513";"ITJ-1L10PR2";"ITJ-1L10PR2"
"18525";"ITJ-1L3PP1";"ITJ-1L3PP1"
"18530";"ITJ-1L4PP1";"ITJ-1L4PP1"
"18514";"ITJ-1L9PP1";"ITJ-1L9PP1"
"18515";"ITJ-1L9PR1";"ITJ-1L9PR1"
"18516";"ITJ-1L9PR2";"ITJ-1L9PR2"
"18548";"ITJ-2032_1";"ITJ-2032_1"
"18549";"ITJ-2032_2";"ITJ-2032_2"
"18519";"ITJ-21";"ITJ-21"
"18517";"ITJ-21_";"ITJ-21_"
"18510";"ITJ-21A";"ITJ-21A"
"18504";"ITJ-21A_";"ITJ-21A_"
"18503";"ITJ-21P";"ITJ-21P"
"18509";"ITJ-21P_";"ITJ-21P_"
"18584";"ITJ-2T4PA1";"ITJ-2T4PA1"
"18585";"ITJ-2T4PA2";"ITJ-2T4PA2"
"18582";"ITJ-2T4PP1";"ITJ-2T4PP1"
"18583";"ITJ-2T4PP2";"ITJ-2T4PP2"
"18518";"ITJ-67_67N";"ITJ-67_67N"
"18520";"ITJ-67_67N_";"ITJ-67_67N_"
"18539";"ITJ-D1BPMU1";"ITJ-D1BPMU1"
"18541";"ITJ-D1BPPC1";"ITJ-D1BPPC1"
"18523";"ITJ-D1L3MU1";"ITJ-D1L3MU1"
"18521";"ITJ-D1L3PC1";"ITJ-D1L3PC1"
"18528";"ITJ-D1L4MU1";"ITJ-D1L4MU1"
"18526";"ITJ-D1L4PC1";"ITJ-D1L4PC1"
"18537";"ITJ-D1L5MU1";"ITJ-D1L5MU1"
"18535";"ITJ-D1L5PC1";"ITJ-D1L5PC1"
"18533";"ITJ-D1L6MU1";"ITJ-D1L6MU1"
"18531";"ITJ-D1L6PC1";"ITJ-D1L6PC1"
"18553";"ITJ-D1T1MU1";"ITJ-D1T1MU1"
"18560";"ITJ-D1T2MU1";"ITJ-D1T2MU1"
"18567";"ITJ-D1T3MU1";"ITJ-D1T3MU1"
"18574";"ITJ-D1T4MU1";"ITJ-D1T4MU1"
"18543";"ITJ-D2BPMU1";"ITJ-D2BPMU1"
"18545";"ITJ-D2BPPC1";"ITJ-D2BPPC1"
"18501";"ITJ-D2L2MU1";"ITJ-D2L2MU1"
"18499";"ITJ-D2L2PC1";"ITJ-D2L2PC1"
"18507";"ITJ-D2L3MU1";"ITJ-D2L3MU1"
"18505";"ITJ-D2L3PC1";"ITJ-D2L3PC1"
"18550";"ITJ-D2MGPB1";"ITJ-D2MGPB1"
"18557";"ITJ-D2T1MU1";"ITJ-D2T1MU1"
"18555";"ITJ-D2T1PC1";"ITJ-D2T1PC1"
"18564";"ITJ-D2T2MU1";"ITJ-D2T2MU1"
"18562";"ITJ-D2T2PC1";"ITJ-D2T2PC1"
"18571";"ITJ-D2T3MU1";"ITJ-D2T3MU1"
"18569";"ITJ-D2T3PC1";"ITJ-D2T3PC1"
"18580";"ITJ-D2T4MU1";"ITJ-D2T4MU1"
"18578";"ITJ-D2T4PC1";"ITJ-D2T4PC1"
"16566";"ITJ-DM705-01";"ITJ-DM705-01"
"16567";"ITJ-DM705-02";"ITJ-DM705-02"
"16452";"ITJ-DM880-01";"ITJ-DM880-01"
"16453";"ITJ-DM880-02";"ITJ-DM880-02"
"18540";"ITJ-P1BPMU1";"ITJ-P1BPMU1"
"18542";"ITJ-P1BPPC1";"ITJ-P1BPPC1"
"18524";"ITJ-P1L3MU1";"ITJ-P1L3MU1"
"18522";"ITJ-P1L3PC1";"ITJ-P1L3PC1"
"18529";"ITJ-P1L4MU1";"ITJ-P1L4MU1"
"18527";"ITJ-P1L4PC1";"ITJ-P1L4PC1"
"18538";"ITJ-P1L5MU1";"ITJ-P1L5MU1"
"18536";"ITJ-P1L5PC1";"ITJ-P1L5PC1"
"18534";"ITJ-P1L6MU1";"ITJ-P1L6MU1"
"18532";"ITJ-P1L6PC1";"ITJ-P1L6PC1"
"18547";"ITJ-P1MGPB1";"ITJ-P1MGPB1"
"18554";"ITJ-P1T1MU1";"ITJ-P1T1MU1"
"18561";"ITJ-P1T2MU1";"ITJ-P1T2MU1"
"18568";"ITJ-P1T3MU1";"ITJ-P1T3MU1"
"18575";"ITJ-P1T4MU1";"ITJ-P1T4MU1"
"18544";"ITJ-P2BPMU1";"ITJ-P2BPMU1"
"18546";"ITJ-P2BPPC1";"ITJ-P2BPPC1"
"18502";"ITJ-P2L2MU1";"ITJ-P2L2MU1"
"18500";"ITJ-P2L2PC1";"ITJ-P2L2PC1"
"18508";"ITJ-P2L3MU1";"ITJ-P2L3MU1"
"18506";"ITJ-P2L3PC1";"ITJ-P2L3PC1"
"18551";"ITJ-P2MGPB1";"ITJ-P2MGPB1"
"18552";"ITJ-P2SACP1";"ITJ-P2SACP1"
"18558";"ITJ-P2T1MU1";"ITJ-P2T1MU1"
"18556";"ITJ-P2T1PC1";"ITJ-P2T1PC1"
"18565";"ITJ-P2T2MU1";"ITJ-P2T2MU1"
"18563";"ITJ-P2T2PC1";"ITJ-P2T2PC1"
"18572";"ITJ-P2T3MU1";"ITJ-P2T3MU1"
"18570";"ITJ-P2T3PC1";"ITJ-P2T3PC1"
"18581";"ITJ-P2T4MU1";"ITJ-P2T4MU1"
"18579";"ITJ-P2T4PC1";"ITJ-P2T4PC1"
"18559";"ITJ-PTF1MU1";"ITJ-PTF1MU1"
"18566";"ITJ-PTF2MU1";"ITJ-PTF2MU1"
"18573";"ITJ-PTF3MU1";"ITJ-PTF3MU1"
"18586";"ITJ-PTF4MU1";"ITJ-PTF4MU1"
"14620";"ITJRDP_138_1";"ITJRDP_138_1"
"20091";"ITJRDP_138_12";"ITJRDP_138_12"
"20092";"ITJRDP_230_12";"ITJRDP_230_12"
"20093";"ITJRDP_230_23";"ITJRDP_230_23"
"17064";"itj-sw1";"itj-sw1"
"17065";"itj-sw2";"itj-sw2"
"17066";"itj-sw3";"itj-sw3"
"17067";"itj-sw4";"itj-sw4"
"17068";"itj-sw5";"itj-sw5"
"17069";"itj-sw6";"itj-sw6"
"16788";"itj-tmo";"itj-tmo"
"14275";"ITJ-UCS1";"ITJ-UCS1"
"16276";"ITJ-UCS1-alta";"ITJ-UCS1-alta"
"14276";"ITJ-UCS2";"ITJ-UCS2"
"16277";"ITJ-UCS2-baixa";"ITJ-UCS2-baixa"
"14447";"ITR_HL1";"ITR_HL1"
"14448";"ITR_HL2";"ITR_HL2"
"13879";"ITR_HOTLINES";"ITR_HOTLINES"
"15593";"ITR_HOTLINES_eth1";"ITR_HOTLINES_eth1"
"15594";"ITR_HOTLINES_eth2";"ITR_HOTLINES_eth2"
"13835";"ITR_PRI";"ITR_PRI"
"13949";"ITR_SEC";"ITR_SEC"
"18594";"ITR-1L1CP1";"ITR-1L1CP1"
"18587";"ITR-1SACP1";"ITR-1SACP1"
"18588";"ITR-1T1CD1";"ITR-1T1CD1"
"18591";"ITR-1T1CP1";"ITR-1T1CP1"
"18589";"ITR-1T1PA1";"ITR-1T1PA1"
"18590";"ITR-1T1PA2";"ITR-1T1PA2"
"18592";"ITR-1T1PP1";"ITR-1T1PP1"
"18593";"ITR-1T1PP2";"ITR-1T1PP2"
"14622";"ITRRDP_138_1";"ITRRDP_138_1"
"10722";"itr-rgr-20.26.253";"itr-rgr-20.26.253"
"14623";"IV2RDP_138_1";"IV2RDP_138_1"
"16010";"IVI2_HL_RGR";"IVI2_HL_RGR"
"14449";"IVI2_HL1";"IVI2_HL1"
"13880";"IVI2_HOTLINES";"IVI2_HOTLINES"
"15595";"IVI2_HOTLINES_eth1";"IVI2_HOTLINES_eth1"
"16011";"IVI2_HOTLINES_eth2_rgr";"IVI2_HOTLINES_eth2_rgr"
"13843";"IVI2_PRI";"IVI2_PRI"
"13950";"IVI2_SEC";"IVI2_SEC"
"18597";"IVI-21A";"IVI-21A"
"18595";"IVI-21A_";"IVI-21A_"
"18603";"IVI2-1BPCD1";"IVI2-1BPCD1"
"18604";"IVI2-1BPCD2";"IVI2-1BPCD2"
"18605";"IVI2-1BPCP1";"IVI2-1BPCP1"
"18606";"IVI2-1BPCP2";"IVI2-1BPCP2"
"18607";"IVI2-1BUPP1";"IVI2-1BUPP1"
"18601";"IVI2-1L1CP1";"IVI2-1L1CP1"
"18602";"IVI2-1L1CP2";"IVI2-1L1CP2"
"18599";"IVI2-1L1PA1";"IVI2-1L1PA1"
"18600";"IVI2-1L1PP1";"IVI2-1L1PP1"
"18611";"IVI2-1L2CP1";"IVI2-1L2CP1"
"18612";"IVI2-1L2CP2";"IVI2-1L2CP2"
"18609";"IVI2-1L2PA1";"IVI2-1L2PA1"
"18610";"IVI2-1L2PP1";"IVI2-1L2PP1"
"18598";"IVI-21P";"IVI-21P"
"18596";"IVI-21P_";"IVI-21P_"
"18613";"IVI2-1T1CD1";"IVI2-1T1CD1"
"18614";"IVI2-1T1CD2";"IVI2-1T1CD2"
"18615";"IVI2-1T1CP1";"IVI2-1T1CP1"
"18616";"IVI2-1T1CP2";"IVI2-1T1CP2"
"18623";"IVI2-1T2CD1";"IVI2-1T2CD1"
"18624";"IVI2-1T2CD2";"IVI2-1T2CD2"
"18625";"IVI2-1T2CP1";"IVI2-1T2CP1"
"18626";"IVI2-1T2CP2";"IVI2-1T2CP2"
"18619";"IVI2-2T1CD1";"IVI2-2T1CD1"
"18620";"IVI2-2T1CD2";"IVI2-2T1CD2"
"18621";"IVI2-2T1CP1";"IVI2-2T1CP1"
"18622";"IVI2-2T1CP2";"IVI2-2T1CP2"
"18617";"IVI2-2T1PA1";"IVI2-2T1PA1"
"18618";"IVI2-2T1PP1";"IVI2-2T1PP1"
"18629";"IVI2-2T2CD1";"IVI2-2T2CD1"
"18630";"IVI2-2T2CD2";"IVI2-2T2CD2"
"18631";"IVI2-2T2CP1";"IVI2-2T2CP1"
"18632";"IVI2-2T2CP2";"IVI2-2T2CP2"
"18627";"IVI2-2T2PA1";"IVI2-2T2PA1"
"18628";"IVI2-2T2PP1";"IVI2-2T2PP1"
"18608";"IVI2-CHASSI";"IVI2-CHASSI"
"16568";"IVI2-DM705-01";"IVI2-DM705-01"
"16569";"IVI2-DM705-02";"IVI2-DM705-02"
"16416";"IVI2-DM880-01";"IVI2-DM880-01"
"16417";"IVI2-DM880-02";"IVI2-DM880-02"
"10627";"ivi2-rgr-20.168.125";"ivi2-rgr-20.168.125"
"16896";"ivi2-rgr-vsat_20.168.253";"ivi2-rgr-vsat_20.168.253"
"17264";"ivi2-rgr-vsat-LINK-GLOBALSAT";"ivi2-rgr-vsat-LINK-GLOBALSAT"
"17070";"ivi2-sw1";"ivi2-sw1"
"17071";"ivi2-sw2";"ivi2-sw2"
"17072";"ivi2-sw3";"ivi2-sw3"
"17073";"ivi2-sw4";"ivi2-sw4"
"17074";"ivi2-sw5";"ivi2-sw5"
"17075";"ivi2-sw6";"ivi2-sw6"
"17076";"ivi2-sw7";"ivi2-sw7"
"17077";"ivi2-sw8";"ivi2-sw8"
"16789";"ivi2-tmo";"ivi2-tmo"
"14285";"IVI2-UCS1";"IVI2-UCS1"
"16278";"IVI2-UCS1-alta";"IVI2-UCS1-alta"
"14286";"IVI2-UCS2";"IVI2-UCS2"
"16279";"IVI2-UCS2-baixa";"IVI2-UCS2-baixa"
"15695";"IVP_5PMU1";"IVP_5PMU1"
"15696";"IVP_5PMU2";"IVP_5PMU2"
"14451";"IVP_HL1";"IVP_HL1"
"14452";"IVP_HL2";"IVP_HL2"
"13881";"IVP_HOTLINES";"IVP_HOTLINES"
"15597";"IVP_HOTLINES_eth1";"IVP_HOTLINES_eth1"
"15598";"IVP_HOTLINES_eth2";"IVP_HOTLINES_eth2"
"13842";"IVP_PRI";"IVP_PRI"
"13951";"IVP_SEC";"IVP_SEC"
"18659";"IVP-21A";"IVP-21A"
"18639";"IVP-21A_";"IVP-21A_"
"18638";"IVP-21P";"IVP-21P"
"18658";"IVP-21P_";"IVP-21P_"
"18643";"IVP-50_51G";"IVP-50_51G"
"18644";"IVP-50_51N";"IVP-50_51N"
"18657";"IVP-50_FD";"IVP-50_FD"
"18637";"IVP-50BF_52B";"IVP-50BF_52B"
"18668";"IVP-50BF152";"IVP-50BF152"
"18669";"IVP-50BF52A";"IVP-50BF52A"
"18655";"IVP-5BAPP1";"IVP-5BAPP1"
"18656";"IVP-5BBPP1";"IVP-5BBPP1"
"18649";"IVP-5C1PA1";"IVP-5C1PA1"
"18650";"IVP-5C1PP1";"IVP-5C1PP1"
"18653";"IVP-5C4CD1";"IVP-5C4CD1"
"18654";"IVP-5C4CP1";"IVP-5C4CP1"
"18651";"IVP-5C4PA1";"IVP-5C4PA1"
"18652";"IVP-5C4PP1";"IVP-5C4PP1"
"18664";"IVP-5L1CD1";"IVP-5L1CD1"
"18665";"IVP-5L1CP1";"IVP-5L1CP1"
"18662";"IVP-5L1PA1";"IVP-5L1PA1"
"18663";"IVP-5L1PP1";"IVP-5L1PP1"
"18647";"IVP-5L7CD1";"IVP-5L7CD1"
"18648";"IVP-5L7CP1";"IVP-5L7CP1"
"18645";"IVP-5L7PA1";"IVP-5L7PA1"
"18646";"IVP-5L7PP1";"IVP-5L7PP1"
"18635";"IVP-5L8CD1";"IVP-5L8CD1"
"18636";"IVP-5L8CP1";"IVP-5L8CP1"
"18633";"IVP-5L8PA1";"IVP-5L8PA1"
"18634";"IVP-5L8PP1";"IVP-5L8PP1"
"18642";"IVP-87";"IVP-87"
"18667";"IVP-87L_21A";"IVP-87L_21A"
"18666";"IVP-87L_21P";"IVP-87L_21P"
"16570";"IVP-DM705-01";"IVP-DM705-01"
"16571";"IVP-DM705-02";"IVP-DM705-02"
"16424";"IVP-DM880-01";"IVP-DM880-01"
"16425";"IVP-DM880-02";"IVP-DM880-02"
"14624";"IVPRDP_525_1";"IVPRDP_525_1"
"14625";"IVPRDP_525_2";"IVPRDP_525_2"
"14626";"IVPRDP_525_3";"IVPRDP_525_3"
"14627";"IVPRDP_525_4";"IVPRDP_525_4"
"14628";"IVPRDP_525_5";"IVPRDP_525_5"
"17078";"ivp-sw1";"ivp-sw1"
"17079";"ivp-sw2";"ivp-sw2"
"16790";"ivp-tmo";"ivp-tmo"
"18640";"IVP-UAC1";"IVP-UAC1"
"18660";"IVP-UAC1_";"IVP-UAC1_"
"18641";"IVP-UAC2";"IVP-UAC2"
"18661";"IVP-UAC2_";"IVP-UAC2_"
"14287";"IVP-UCS1";"IVP-UCS1"
"16280";"IVP-UCS1-alta";"IVP-UCS1-alta"
"14288";"IVP-UCS2";"IVP-UCS2"
"16281";"IVP-UCS2-baixa";"IVP-UCS2-baixa"
"16829";"JAS_HL1";"JAS_HL1"
"16837";"JAS_PRI";"JAS_PRI"
"16838";"JAS_SEC";"JAS_SEC"
"18676";"JAS-2L1CD1";"JAS-2L1CD1"
"18677";"JAS-2L1CP1";"JAS-2L1CP1"
"18674";"JAS-2L1PA1";"JAS-2L1PA1"
"18675";"JAS-2L1PP1";"JAS-2L1PP1"
"18684";"JAS-2L2CD1";"JAS-2L2CD1"
"18685";"JAS-2L2CP1";"JAS-2L2CP1"
"18682";"JAS-2L2PA1";"JAS-2L2PA1"
"18683";"JAS-2L2PP1";"JAS-2L2PP1"
"18672";"JAS-2L3CD1";"JAS-2L3CD1"
"18673";"JAS-2L3CP1";"JAS-2L3CP1"
"18670";"JAS-2L3PA1";"JAS-2L3PA1"
"18671";"JAS-2L3PP1";"JAS-2L3PP1"
"18680";"JAS-2L4CD1";"JAS-2L4CD1"
"18681";"JAS-2L4CP1";"JAS-2L4CP1"
"18678";"JAS-2L4PA1";"JAS-2L4PA1"
"18679";"JAS-2L4PP1";"JAS-2L4PP1"
"18686";"JAS-2SACP1";"JAS-2SACP1"
"16832";"JAS-DM705-01";"JAS-DM705-01"
"16833";"JAS-DM705-02";"JAS-DM705-02"
"16830";"JAS-DM880-01";"JAS-DM880-01"
"16831";"JAS-DM880-02";"JAS-DM880-02"
"20094";"JASRDP_230_1";"JASRDP_230_1"
"16839";"jas-rgr-225.125";"jas-rgr-225.125"
"18687";"JGM-03RMFP";"JGM-03RMFP"
"18688";"JGM-03RMFR";"JGM-03RMFR"
"18689";"JGM-04RMFP";"JGM-04RMFP"
"18690";"JGM-04RMFR";"JGM-04RMFR"
"18713";"JLA-1L1CD1";"JLA-1L1CD1"
"18714";"JLA-1L1CP1";"JLA-1L1CP1"
"18705";"JLA-1T11CD1";"JLA-1T11CD1"
"18706";"JLA-1T11CP1";"JLA-1T11CP1"
"18700";"JLA-21";"JLA-21"
"18691";"JLA-21_";"JLA-21_"
"18692";"JLA-21__";"JLA-21__"
"18693";"JLA-2L1PA1";"JLA-2L1PA1"
"18694";"JLA-2L1PP1";"JLA-2L1PP1"
"18695";"JLA-2L8PA1";"JLA-2L8PA1"
"18696";"JLA-2L8PP1";"JLA-2L8PP1"
"18701";"JLA-2T10CD1";"JLA-2T10CD1"
"18702";"JLA-2T10CP1";"JLA-2T10CP1"
"18709";"JLA-2T11CD1";"JLA-2T11CD1"
"18710";"JLA-2T11CP1";"JLA-2T11CP1"
"18707";"JLA-2T11PA1";"JLA-2T11PA1"
"18708";"JLA-2T11PP1";"JLA-2T11PP1"
"18711";"JLA-2T5PA1";"JLA-2T5PA1"
"18712";"JLA-2T5PP1";"JLA-2T5PP1"
"18703";"JLA-50_51N";"JLA-50_51N"
"18697";"JLA-87B";"JLA-87B"
"18704";"JLA-87T";"JLA-87T"
"12927";"JLAB_PRI";"JLAB_PRI"
"12928";"JLAB_SEC";"JLAB_SEC"
"14629";"JLARDP_138_1";"JLARDP_138_1"
"19956";"JLARDP_138_11";"JLARDP_138_11"
"14630";"JLARDP_138_2";"JLARDP_138_2"
"19957";"JLARDP_138_22";"JLARDP_138_22"
"20095";"JLARDP_138_33";"JLARDP_138_33"
"14631";"JLARDP_230_1";"JLARDP_230_1"
"14634";"JLARDP_230_11";"JLARDP_230_11"
"20096";"JLARDP_230_2";"JLARDP_230_2"
"20097";"JLARDP_230_22";"JLARDP_230_22"
"14633";"JLARDP_230_3";"JLARDP_230_3"
"17080";"jla-sw1";"jla-sw1"
"17081";"jla-sw2";"jla-sw2"
"17082";"jla-sw3";"jla-sw3"
"17083";"jla-sw4";"jla-sw4"
"17084";"jla-sw5";"jla-sw5"
"17085";"jla-sw6";"jla-sw6"
"16791";"jla-tmo";"jla-tmo"
"14291";"JLA-UCS1";"JLA-UCS1"
"16282";"JLA-UCS1-alta";"JLA-UCS1-alta"
"14292";"JLA-UCS2";"JLA-UCS2"
"16283";"JLA-UCS2-baixa";"JLA-UCS2-baixa"
"18699";"JLA-UTR_C50";"JLA-UTR_C50"
"18698";"JLA-UTR_C50_";"JLA-UTR_C50_"
"15999";"JLB_HL_RGR";"JLB_HL_RGR"
"14453";"JLB_HL1";"JLB_HL1"
"13882";"JLB_HOTLINES";"JLB_HOTLINES"
"15599";"JLB_HOTLINES_eth1";"JLB_HOTLINES_eth1"
"15600";"JLB_HOTLINES_eth2";"JLB_HOTLINES_eth2"
"18729";"JLB-2BPCD1";"JLB-2BPCD1"
"18730";"JLB-2BPCP1";"JLB-2BPCP1"
"18741";"JLB-2L11CP1";"JLB-2L11CP1"
"18719";"JLB-2L1PA1";"JLB-2L1PA1"
"18722";"JLB-2L1PP1";"JLB-2L1PP1"
"18740";"JLB-2L2CD1";"JLB-2L2CD1"
"18738";"JLB-2L2PA1";"JLB-2L2PA1"
"18739";"JLB-2L2PP1";"JLB-2L2PP1"
"18736";"JLB-2L3PA1";"JLB-2L3PA1"
"18737";"JLB-2L3PP1";"JLB-2L3PP1"
"18717";"JLB-2L4CD1";"JLB-2L4CD1"
"18718";"JLB-2L4CP1";"JLB-2L4CP1"
"18715";"JLB-2L4PA1";"JLB-2L4PA1"
"18716";"JLB-2L4PP1";"JLB-2L4PP1"
"18727";"JLB-2L6CD1";"JLB-2L6CD1"
"18728";"JLB-2L6CP1";"JLB-2L6CP1"
"18725";"JLB-2L6PA1";"JLB-2L6PA1"
"18726";"JLB-2L6PP1";"JLB-2L6PP1"
"18723";"JLB-2L7CD1";"JLB-2L7CD1"
"18724";"JLB-2L7CP1";"JLB-2L7CP1"
"18720";"JLB-2L7PA1";"JLB-2L7PA1"
"18721";"JLB-2L7PP1";"JLB-2L7PP1"
"18731";"JLB-87B";"JLB-87B"
"18732";"JLB-AK1";"JLB-AK1"
"18733";"JLB-AK2";"JLB-AK2"
"16572";"JLB-DM705-01";"JLB-DM705-01"
"16573";"JLB-DM705-02";"JLB-DM705-02"
"16454";"JLB-DM880-01";"JLB-DM880-01"
"16455";"JLB-DM880-02";"JLB-DM880-02"
"14635";"JLBRDP_230_1";"JLBRDP_230_1"
"14636";"JLBRDP_230_2";"JLBRDP_230_2"
"14639";"JLBRDP_230_22";"JLBRDP_230_22"
"14640";"JLBRDP_230_33";"JLBRDP_230_33"
"14638";"JLBRDP_230_4";"JLBRDP_230_4"
"14641";"JLBRDP_230_44";"JLBRDP_230_44"
"17086";"jlb-sw3";"jlb-sw3"
"17087";"jlb-sw4";"jlb-sw4"
"17088";"jlb-sw5";"jlb-sw5"
"17089";"jlb-sw6";"jlb-sw6"
"14293";"JLB-UCS1";"JLB-UCS1"
"16284";"JLB-UCS1-alta";"JLB-UCS1-alta"
"14294";"JLB-UCS2";"JLB-UCS2"
"16285";"JLB-UCS2-baixa";"JLB-UCS2-baixa"
"18734";"JLB-UP21A";"JLB-UP21A"
"18735";"JLB-UP21P";"JLB-UP21P"
"16227";"JNO_HL1";"JNO_HL1"
"14456";"JNO_HL2";"JNO_HL2"
"13883";"JNO_HOTLINES";"JNO_HOTLINES"
"15601";"JNO_HOTLINES_eth1";"JNO_HOTLINES_eth1"
"15602";"JNO_HOTLINES_eth2";"JNO_HOTLINES_eth2"
"13841";"JNO_PRI";"JNO_PRI"
"13952";"JNO_SEC";"JNO_SEC"
"18783";"JNO-1BPCD1";"JNO-1BPCD1"
"18784";"JNO-1BPCP1";"JNO-1BPCP1"
"18782";"JNO-1BPPP2";"JNO-1BPPP2"
"18788";"JNO-1BUPP1";"JNO-1BUPP1"
"18789";"JNO-1BUPP2";"JNO-1BUPP2"
"18790";"JNO-1BUPP3";"JNO-1BUPP3"
"18778";"JNO-1L3CD1";"JNO-1L3CD1"
"18779";"JNO-1L3CD2";"JNO-1L3CD2"
"18780";"JNO-1L3CP1";"JNO-1L3CP1"
"18781";"JNO-1L3CP2";"JNO-1L3CP2"
"18777";"JNO-1L3PP2";"JNO-1L3PP2"
"18775";"JNO-1L4CD1";"JNO-1L4CD1"
"18776";"JNO-1L4CP1";"JNO-1L4CP1"
"18774";"JNO-1L4PP2";"JNO-1L4PP2"
"18763";"JNO-1L5CD1";"JNO-1L5CD1"
"18764";"JNO-1L5CP1";"JNO-1L5CP1"
"18762";"JNO-1L5PP2";"JNO-1L5PP2"
"18797";"JNO-1L6CD1";"JNO-1L6CD1"
"18798";"JNO-1L6CP1";"JNO-1L6CP1"
"18796";"JNO-1L6PP2";"JNO-1L6PP2"
"18800";"JNO-1T1CD1";"JNO-1T1CD1"
"18801";"JNO-1T1CP1";"JNO-1T1CP1"
"18799";"JNO-1T1PP2";"JNO-1T1PP2"
"18810";"JNO-1T2CD1";"JNO-1T2CD1"
"18811";"JNO-1T2CP1";"JNO-1T2CP1"
"18809";"JNO-1T2PP2";"JNO-1T2PP2"
"18820";"JNO-1T3CD1";"JNO-1T3CD1"
"18821";"JNO-1T3CP1";"JNO-1T3CP1"
"18819";"JNO-1T3PP2";"JNO-1T3PP2"
"18830";"JNO-1T4CD1";"JNO-1T4CD1"
"18831";"JNO-1T4CP1";"JNO-1T4CP1"
"18829";"JNO-1T4PP2";"JNO-1T4PP2"
"18786";"JNO-2BPCD1";"JNO-2BPCD1"
"18787";"JNO-2BPCP1";"JNO-2BPCP1"
"18785";"JNO-2BPPP2";"JNO-2BPPP2"
"18791";"JNO-2BUPP1";"JNO-2BUPP1"
"18792";"JNO-2BUPP2";"JNO-2BUPP2"
"18793";"JNO-2BUPP3";"JNO-2BUPP3"
"18745";"JNO-2C1CD1";"JNO-2C1CD1"
"18746";"JNO-2C1CP1";"JNO-2C1CP1"
"18743";"JNO-2C1PA1";"JNO-2C1PA1"
"18744";"JNO-2C1PP1";"JNO-2C1PP1"
"18742";"JNO-2C1PP2";"JNO-2C1PP2"
"18747";"JNO-2C1SY1";"JNO-2C1SY1"
"18751";"JNO-2C2CD1";"JNO-2C2CD1"
"18752";"JNO-2C2CP1";"JNO-2C2CP1"
"18749";"JNO-2C2PA1";"JNO-2C2PA1"
"18750";"JNO-2C2PP1";"JNO-2C2PP1"
"18748";"JNO-2C2PP2";"JNO-2C2PP2"
"18753";"JNO-2C2SY1";"JNO-2C2SY1"
"18760";"JNO-2L3CD1";"JNO-2L3CD1"
"18761";"JNO-2L3CP1";"JNO-2L3CP1"
"18758";"JNO-2L3PA1";"JNO-2L3PA1"
"18759";"JNO-2L3PP1";"JNO-2L3PP1"
"18757";"JNO-2L3PP2";"JNO-2L3PP2"
"18772";"JNO-2L4CD1";"JNO-2L4CD1"
"18773";"JNO-2L4CP1";"JNO-2L4CP1"
"18770";"JNO-2L4PA1";"JNO-2L4PA1"
"18771";"JNO-2L4PP1";"JNO-2L4PP1"
"18769";"JNO-2L4PP2";"JNO-2L4PP2"
"18767";"JNO-2L5CD1";"JNO-2L5CD1"
"18768";"JNO-2L5CP1";"JNO-2L5CP1"
"18765";"JNO-2L5PA1";"JNO-2L5PA1"
"18755";"JNO-2L5PA1_";"JNO-2L5PA1_"
"18766";"JNO-2L5PP1";"JNO-2L5PP1"
"18756";"JNO-2L5PP1_";"JNO-2L5PP1_"
"18754";"JNO-2L5PP2";"JNO-2L5PP2"
"18794";"JNO-2SACP1";"JNO-2SACP1"
"18795";"JNO-2SACP2";"JNO-2SACP2"
"18807";"JNO-2T1CD1";"JNO-2T1CD1"
"18805";"JNO-2T1CD2";"JNO-2T1CD2"
"18808";"JNO-2T1CP1";"JNO-2T1CP1"
"18806";"JNO-2T1CP2";"JNO-2T1CP2"
"18803";"JNO-2T1PA1";"JNO-2T1PA1"
"18804";"JNO-2T1PP1";"JNO-2T1PP1"
"18802";"JNO-2T1PP2";"JNO-2T1PP2"
"18817";"JNO-2T2CD1";"JNO-2T2CD1"
"18815";"JNO-2T2CD2";"JNO-2T2CD2"
"18818";"JNO-2T2CP1";"JNO-2T2CP1"
"18816";"JNO-2T2CP2";"JNO-2T2CP2"
"18813";"JNO-2T2PA1";"JNO-2T2PA1"
"18814";"JNO-2T2PP1";"JNO-2T2PP1"
"18812";"JNO-2T2PP2";"JNO-2T2PP2"
"18827";"JNO-2T3CD1";"JNO-2T3CD1"
"18825";"JNO-2T3CD2";"JNO-2T3CD2"
"18828";"JNO-2T3CP1";"JNO-2T3CP1"
"18826";"JNO-2T3CP2";"JNO-2T3CP2"
"18823";"JNO-2T3PA1";"JNO-2T3PA1"
"18824";"JNO-2T3PP1";"JNO-2T3PP1"
"18822";"JNO-2T3PP2";"JNO-2T3PP2"
"18835";"JNO-2T4CD1";"JNO-2T4CD1"
"18836";"JNO-2T4CP1";"JNO-2T4CP1"
"18833";"JNO-2T4PA1";"JNO-2T4PA1"
"18834";"JNO-2T4PP1";"JNO-2T4PP1"
"18832";"JNO-2T4PP2";"JNO-2T4PP2"
"16871";"JNO-DM705-01";"JNO-DM705-01"
"16872";"JNO-DM705-02";"JNO-DM705-02"
"16835";"JNO-DM880-01";"JNO-DM880-01"
"16836";"JNO-DM880-02";"JNO-DM880-02"
"14642";"JNORDP_138_1";"JNORDP_138_1"
"14643";"JNORDP_230_1";"JNORDP_230_1"
"14644";"JNORDP_230_2";"JNORDP_230_2"
"20099";"JNORDP_230_3";"JNORDP_230_3"
"14305";"JNO-UCS1";"JNO-UCS1"
"16286";"JNO-UCS1-alta";"JNO-UCS1-alta"
"14306";"JNO-UCS2";"JNO-UCS2"
"16287";"JNO-UCS2-baixa";"JNO-UCS2-baixa"
"14457";"JOI_HL1";"JOI_HL1"
"14458";"JOI_HL2";"JOI_HL2"
"13884";"JOI_HOTLINES";"JOI_HOTLINES"
"15603";"JOI_HOTLINES_eth1";"JOI_HOTLINES_eth1"
"15604";"JOI_HOTLINES_eth2";"JOI_HOTLINES_eth2"
"13840";"JOI_PRI";"JOI_PRI"
"13640";"JOI_SEC";"JOI_SEC"
"18849";"JOI-1L12CD1";"JOI-1L12CD1"
"18850";"JOI-1L12CP1";"JOI-1L12CP1"
"18851";"JOI-1L3BPCD1";"JOI-1L3BPCD1"
"18852";"JOI-1L3BPCP1";"JOI-1L3BPCP1"
"18853";"JOI-1L45CD1";"JOI-1L45CD1"
"18854";"JOI-1L45CP1";"JOI-1L45CP1"
"18861";"JOI-1T1CD1";"JOI-1T1CD1"
"18862";"JOI-1T1CP1";"JOI-1T1CP1"
"18859";"JOI-1T1PA1";"JOI-1T1PA1"
"18860";"JOI-1T1PP1";"JOI-1T1PP1"
"18870";"JOI-21";"JOI-21"
"18873";"JOI-21_";"JOI-21_"
"18858";"JOI-25";"JOI-25"
"18847";"JOI-2BPCD1";"JOI-2BPCD1"
"18848";"JOI-2BPCP1";"JOI-2BPCP1"
"18841";"JOI-2L3CD1";"JOI-2L3CD1"
"18842";"JOI-2L3CP1";"JOI-2L3CP1"
"18839";"JOI-2L5CD1";"JOI-2L5CD1"
"18840";"JOI-2L5CP1";"JOI-2L5CP1"
"18837";"JOI-2L5PA1";"JOI-2L5PA1"
"18838";"JOI-2L5PP1";"JOI-2L5PP1"
"18846";"JOI-2LPA1";"JOI-2LPA1"
"18845";"JOI-2LPP1";"JOI-2LPP1"
"18855";"JOI-2SACP1";"JOI-2SACP1"
"18863";"JOI-2T3PA1";"JOI-2T3PA1"
"18864";"JOI-2T3PP1";"JOI-2T3PP1"
"18867";"JOI-2T7CD1";"JOI-2T7CD1"
"18868";"JOI-2T7CP1";"JOI-2T7CP1"
"18865";"JOI-2T7PA1";"JOI-2T7PA1"
"18866";"JOI-2T7PP1";"JOI-2T7PP1"
"18871";"JOI-67N";"JOI-67N"
"18874";"JOI-67N_";"JOI-67N_"
"18856";"JOI-6L12CD1";"JOI-6L12CD1"
"18857";"JOI-6L12CP1";"JOI-6L12CP1"
"18869";"JOI-87";"JOI-87"
"18872";"JOI-COM";"JOI-COM"
"16574";"JOI-DM705-01";"JOI-DM705-01"
"16575";"JOI-DM705-02";"JOI-DM705-02"
"16456";"JOI-DM880-01";"JOI-DM880-01"
"16457";"JOI-DM880-02";"JOI-DM880-02"
"14645";"JOIRDP_138_1";"JOIRDP_138_1"
"19921";"JOIRDP_230_1";"JOIRDP_230_1"
"14646";"JOIRDP_230_11";"JOIRDP_230_11"
"19922";"JOIRDP_230_2";"JOIRDP_230_2"
"14647";"JOIRDP_230_22";"JOIRDP_230_22"
"19923";"JOIRDP_230_3";"JOIRDP_230_3"
"14648";"JOIRDP_230_33";"JOIRDP_230_33"
"16870";"JOIRDP_230_4";"JOIRDP_230_4"
"16873";"JOIRDP_230_5";"JOIRDP_230_5"
"17090";"joi-sw1";"joi-sw1"
"17091";"joi-sw1novo";"joi-sw1novo"
"17092";"joi-sw2";"joi-sw2"
"17093";"joi-sw2novo";"joi-sw2novo"
"17094";"joi-sw3";"joi-sw3"
"17095";"joi-sw3novo";"joi-sw3novo"
"17096";"joi-sw4";"joi-sw4"
"17097";"joi-sw5";"joi-sw5"
"17098";"joi-sw6";"joi-sw6"
"16792";"joi-tmo";"joi-tmo"
"14307";"JOI-UCS1";"JOI-UCS1"
"16288";"JOI-UCS1-alta";"JOI-UCS1-alta"
"14308";"JOI-UCS2";"JOI-UCS2"
"16289";"JOI-UCS2-baixa";"JOI-UCS2-baixa"
"18843";"JOI-UP67";"JOI-UP67"
"18844";"JOI-UP87";"JOI-UP87"
"18875";"JSC-1L4PP1";"JSC-1L4PP1"
"18876";"JSC-1L4PR1";"JSC-1L4PR1"
"18877";"JSC-1L5CP1";"JSC-1L5CP1"
"18878";"JSC-1L5PP1";"JSC-1L5PP1"
"18879";"JSC-1L5PR1";"JSC-1L5PR1"
"18880";"JSC-21";"JSC-21"
"18881";"JSC-21_";"JSC-21_"
"19975";"JSU_5PMU1";"JSU_5PMU1"
"19953";"JSU_HL1";"JSU_HL1"
"19927";"JSU_PRI";"JSU_PRI"
"19928";"JSU_SEC";"JSU_SEC"
"19961";"JSU-DM705-01";"JSU-DM705-01"
"19962";"JSU-DM705-02";"JSU-DM705-02"
"19959";"JSU-DM880-01";"JSU-DM880-01"
"19960";"JSU-DM880-02";"JSU-DM880-02"
"19974";"JSURDP_230_1";"JSURDP_230_1"
"19973";"JSURDP_525_1";"JSURDP_525_1"
"19930";"jsu-rgr-226.125";"jsu-rgr-226.125"
"16458";"LAG-DM880-01";"LAG-DM880-01"
"14459";"LGR_HL1";"LGR_HL1"
"14460";"LGR_HL2";"LGR_HL2"
"13885";"LGR_HOTLINES";"LGR_HOTLINES"
"15605";"LGR_HOTLINES_eth1";"LGR_HOTLINES_eth1"
"15606";"LGR_HOTLINES_eth2";"LGR_HOTLINES_eth2"
"13839";"LGR_PRI";"LGR_PRI"
"13953";"LGR_SEC";"LGR_SEC"
"18895";"LGR-1BPCP1";"LGR-1BPCP1"
"18896";"LGR-1L2PP";"LGR-1L2PP"
"18897";"LGR-1L2PR";"LGR-1L2PR"
"18918";"LGR-1L3PP";"LGR-1L3PP"
"18919";"LGR-1L3PR";"LGR-1L3PR"
"18898";"LGR-1T1CP1";"LGR-1T1CP1"
"18899";"LGR-1T1CP2";"LGR-1T1CP2"
"18905";"LGR-1T2CD1";"LGR-1T2CD1"
"18906";"LGR-1T2CD2";"LGR-1T2CD2"
"18907";"LGR-1T2CP1";"LGR-1T2CP1"
"18908";"LGR-1T2CP2";"LGR-1T2CP2"
"18909";"LGR-1T2FD1";"LGR-1T2FD1"
"18917";"LGR-21A";"LGR-21A"
"18916";"LGR-21P";"LGR-21P"
"18888";"LGR-2BPA1A";"LGR-2BPA1A"
"18889";"LGR-2BPA1B";"LGR-2BPA1B"
"18890";"LGR-2BPA1C";"LGR-2BPA1C"
"18886";"LGR-2BPCD1";"LGR-2BPCD1"
"18887";"LGR-2BPCP1";"LGR-2BPCP1"
"18891";"LGR-2BPP1A";"LGR-2BPP1A"
"18892";"LGR-2BPP1B";"LGR-2BPP1B"
"18893";"LGR-2BPP1C";"LGR-2BPP1C"
"18882";"LGR-2L2PAC";"LGR-2L2PAC"
"18883";"LGR-2L2PPC";"LGR-2L2PPC"
"18884";"LGR-2L3PAC";"LGR-2L3PAC"
"18885";"LGR-2L3PPC";"LGR-2L3PPC"
"18894";"LGR-2SACP1";"LGR-2SACP1"
"18900";"LGR-2T1CP1";"LGR-2T1CP1"
"18901";"LGR-2T1PA1";"LGR-2T1PA1"
"18902";"LGR-2T1PA2";"LGR-2T1PA2"
"18903";"LGR-2T1PP1";"LGR-2T1PP1"
"18904";"LGR-2T1PP2";"LGR-2T1PP2"
"18912";"LGR-2T2CD1";"LGR-2T2CD1"
"18913";"LGR-2T2CD2";"LGR-2T2CD2"
"18914";"LGR-2T2CP1";"LGR-2T2CP1"
"18915";"LGR-2T2CP2";"LGR-2T2CP2"
"18910";"LGR-2T2PA1";"LGR-2T2PA1"
"18911";"LGR-2T2PP1";"LGR-2T2PP1"
"16576";"LGR-DM705-01";"LGR-DM705-01"
"16577";"LGR-DM705-02";"LGR-DM705-02"
"16490";"LGR-DM880-01";"LGR-DM880-01"
"16491";"LGR-DM880-02";"LGR-DM880-02"
"14649";"LGRRDP_230_1";"LGRRDP_230_1"
"14650";"LGRRDP_230_2";"LGRRDP_230_2"
"17099";"lgr-sw1";"lgr-sw1"
"17100";"lgr-sw2";"lgr-sw2"
"17101";"lgr-sw3";"lgr-sw3"
"17102";"lgr-sw4";"lgr-sw4"
"17103";"lgr-sw5";"lgr-sw5"
"17104";"lgr-sw6";"lgr-sw6"
"16793";"lgr-tmo";"lgr-tmo"
"14084";"LGR-UCS1";"LGR-UCS1"
"16290";"LGR-UCS1-alta";"LGR-UCS1-alta"
"14085";"LGR-UCS2";"LGR-UCS2"
"16291";"LGR-UCS2-baixa";"LGR-UCS2-baixa"
"14461";"LIV2_HL1";"LIV2_HL1"
"14462";"LIV2_HL2";"LIV2_HL2"
"13886";"LIV2_HOTLINES";"LIV2_HOTLINES"
"15607";"LIV2_HOTLINES_eth1";"LIV2_HOTLINES_eth1"
"15608";"LIV2_HOTLINES_eth2";"LIV2_HOTLINES_eth2"
"18920";"LIV2-2L1PA1";"LIV2-2L1PA1"
"18921";"LIV2-2L1PP1";"LIV2-2L1PP1"
"18922";"LIV2-2SACP1";"LIV2-2SACP1"
"14651";"LIV2RDP_230_1";"LIV2RDP_230_1"
"11793";"liv2-ro-20.22.254";"liv2-ro-20.22.254"
"11794";"liv2-ro-20.23.254";"liv2-ro-20.23.254"
"18923";"LIV2-TD1";"LIV2-TD1"
"19984";"LIV2-UCS1";"LIV2-UCS1"
"19985";"LIV2-UCS1-alta";"LIV2-UCS1-alta"
"19986";"LIV2-UCS2";"LIV2-UCS2"
"19987";"LIV2-UCS2-baixa";"LIV2-UCS2-baixa"
"14463";"LIV3_HL1";"LIV3_HL1"
"12924";"LIV3_PRI";"LIV3_PRI"
"16901";"LIV3_SEC";"LIV3_SEC"
"18924";"LIV3-2L1PAC";"LIV3-2L1PAC"
"18925";"LIV3-2L1PPC";"LIV3-2L1PPC"
"18926";"LIV3-2SACP1";"LIV3-2SACP1"
"12477";"liv3-rgr-224.253";"liv3-rgr-224.253"
"14652";"LIV3RP_230_1";"LIV3RP_230_1"
"17105";"liv3-sw1";"liv3-sw1"
"17106";"liv3-sw2";"liv3-sw2"
"16826";"liv3-tmo";"liv3-tmo"
"16708";"LIV3-UCS1";"LIV3-UCS1"
"16709";"LIV3-UCS2";"LIV3-UCS2"
"14464";"LNA_HL1";"LNA_HL1"
"14465";"LNA_HL2";"LNA_HL2"
"13887";"LNA_HOTLINES";"LNA_HOTLINES"
"15609";"LNA_HOTLINES_eth1";"LNA_HOTLINES_eth1"
"15610";"LNA_HOTLINES_eth2";"LNA_HOTLINES_eth2"
"13838";"LNA_PRI";"LNA_PRI"
"13954";"LNA_SEC";"LNA_SEC"
"18933";"LNA-2L1CD1";"LNA-2L1CD1"
"18934";"LNA-2L1CP1";"LNA-2L1CP1"
"18931";"LNA-2L1PA1";"LNA-2L1PA1"
"18932";"LNA-2L1PP1";"LNA-2L1PP1"
"18929";"LNA-2L6CD1";"LNA-2L6CD1"
"18930";"LNA-2L6CP1";"LNA-2L6CP1"
"18927";"LNA-2L6PA1";"LNA-2L6PA1"
"18928";"LNA-2L6PP1";"LNA-2L6PP1"
"18935";"LNA-2SACP1";"LNA-2SACP1"
"16578";"LNA-DM705-01";"LNA-DM705-01"
"16579";"LNA-DM705-02";"LNA-DM705-02"
"16426";"LNA-DM880-01";"LNA-DM880-01"
"16427";"LNA-DM880-02";"LNA-DM880-02"
"14653";"LNARDP_230_1";"LNARDP_230_1"
"10629";"lna-rgr-20.157.125";"lna-rgr-20.157.125"
"17107";"lna-sw1";"lna-sw1"
"17108";"lna-sw2";"lna-sw2"
"16794";"lna-tmo";"lna-tmo"
"14309";"LNA-UCS1";"LNA-UCS1"
"16292";"LNA-UCS1-alta";"LNA-UCS1-alta"
"14310";"LNA-UCS2";"LNA-UCS2"
"16293";"LNA-UCS2-baixa";"LNA-UCS2-baixa"
"14466";"LNS_HL1";"LNS_HL1"
"14467";"LNS_HL2";"LNS_HL2"
"13888";"LNS_HOTLINES";"LNS_HOTLINES"
"15611";"LNS_HOTLINES_eth1";"LNS_HOTLINES_eth1"
"15612";"LNS_HOTLINES_eth2";"LNS_HOTLINES_eth2"
"13836";"LNS_PRI";"LNS_PRI"
"13955";"LNS_SEC";"LNS_SEC"
"18938";"LNS-2L1CD1";"LNS-2L1CD1"
"18939";"LNS-2L1CP1";"LNS-2L1CP1"
"18936";"LNS-2L1PA1";"LNS-2L1PA1"
"18937";"LNS-2L1PP1";"LNS-2L1PP1"
"18942";"LNS-2L2CD1";"LNS-2L2CD1"
"18943";"LNS-2L2CP1";"LNS-2L2CP1"
"18940";"LNS-2L2PA1";"LNS-2L2PA1"
"18941";"LNS-2L2PP1";"LNS-2L2PP1"
"18944";"LNS-2SACP1";"LNS-2SACP1"
"14654";"LNSRDP_230_1";"LNSRDP_230_1"
"10620";"lns-rgr-20.200.125";"lns-rgr-20.200.125"
"17109";"lns-sw1";"lns-sw1"
"17110";"lns-sw2";"lns-sw2"
"16795";"lns-tmo";"lns-tmo"
"14311";"LNS-UCS1";"LNS-UCS1"
"16294";"LNS-UCS1-alta";"LNS-UCS1-alta"
"14312";"LNS-UCS2";"LNS-UCS2"
"16295";"LNS-UCS2-baixa";"LNS-UCS2-baixa"
"16908";"LOA-GUA3_DM820_01dirPNO";"LOA-GUA3_DM820_01dirPNO"
"16910";"LOA-GUA3_DM820_02dirPNO";"LOA-GUA3_DM820_02dirPNO"
"16911";"LOA-PNO_DM820_01dirGUA3";"LOA-PNO_DM820_01dirGUA3"
"16912";"LOA-PNO_DM820_02dirGUA3";"LOA-PNO_DM820_02dirGUA3"
"14468";"LON_HL1";"LON_HL1"
"14469";"LON_HL2";"LON_HL2"
"13889";"LON_HOTLINES";"LON_HOTLINES"
"15613";"LON_HOTLINES_eth1";"LON_HOTLINES_eth1"
"15614";"LON_HOTLINES_eth2";"LON_HOTLINES_eth2"
"10439";"LON_PRI1";"LON_PRI1"
"10440";"LON_PRI2";"LON_PRI2"
"10441";"LON_SEC1";"LON_SEC1"
"10442";"LON_SEC2";"LON_SEC2"
"18958";"LON-25";"LON-25"
"18959";"LON-25_";"LON-25_"
"18953";"LON-2L6PA1";"LON-2L6PA1"
"18954";"LON-2L6PP1";"LON-2L6PP1"
"18974";"LON-2L7PA1";"LON-2L7PA1"
"18975";"LON-2L7PP1";"LON-2L7PP1"
"18949";"LON-2L8PA1";"LON-2L8PA1"
"18950";"LON-2L8PP1";"LON-2L8PP1"
"18976";"LON-50BF52A";"LON-50BF52A"
"18955";"LON-52BF52C";"LON-52BF52C"
"18956";"LON-5C4PA1";"LON-5C4PA1"
"18957";"LON-5C4PP1";"LON-5C4PP1"
"18947";"LON-5L1PA1";"LON-5L1PA1"
"18948";"LON-5L1PP1";"LON-5L1PP1"
"18968";"LON-5R1CD1";"LON-5R1CD1"
"18969";"LON-5R1CP1";"LON-5R1CP1"
"18966";"LON-5R1PA1";"LON-5R1PA1"
"18967";"LON-5R1PP1";"LON-5R1PP1"
"18972";"LON-5R2CD1";"LON-5R2CD1"
"18973";"LON-5R2CP1";"LON-5R2CP1"
"18970";"LON-5R2PA1";"LON-5R2PA1"
"18971";"LON-5R2PP1";"LON-5R2PP1"
"18960";"LON-87BA";"LON-87BA"
"18961";"LON-87BB";"LON-87BB"
"16695";"LON-DM4100";"LON-DM4100"
"16580";"LON-DM705-01";"LON-DM705-01"
"16581";"LON-DM705-02";"LON-DM705-02"
"16428";"LON-DM880-01";"LON-DM880-01"
"16429";"LON-DM880-02";"LON-DM880-02"
"14655";"LONRDP_230_1";"LONRDP_230_1"
"14656";"LONRDP_230_2";"LONRDP_230_2"
"14657";"LONRDP_525_1";"LONRDP_525_1"
"14658";"LONRDP_525_2";"LONRDP_525_2"
"14659";"LONRDP_525_3";"LONRDP_525_3"
"11824";"lon-rgr-32.209";"lon-rgr-32.209"
"17111";"lon-sw1";"lon-sw1"
"17112";"lon-sw2";"lon-sw2"
"17113";"lon-sw3";"lon-sw3"
"17114";"lon-sw4";"lon-sw4"
"16796";"lon-tmo";"lon-tmo"
"18964";"LON-UCC1";"LON-UCC1"
"18945";"LON-UCC1_";"LON-UCC1_"
"18951";"LON-UCC1__";"LON-UCC1__"
"18965";"LON-UCC2";"LON-UCC2"
"18946";"LON-UCC2_";"LON-UCC2_"
"18952";"LON-UCC2__";"LON-UCC2__"
"14313";"LON-UCS1";"LON-UCS1"
"16296";"LON-UCS1-alta";"LON-UCS1-alta"
"14314";"LON-UCS2";"LON-UCS2"
"16297";"LON-UCS2-baixa";"LON-UCS2-baixa"
"18963";"LON-UP21A";"LON-UP21A"
"18962";"LON-UP21P";"LON-UP21P"
"16492";"LVH-DM880-01";"LVH-DM880-01"
"14472";"MBR_HL1";"MBR_HL1"
"14473";"MBR_HL2";"MBR_HL2"
"13891";"MBR_HOTLINES";"MBR_HOTLINES"
"15617";"MBR_HOTLINES_eth1";"MBR_HOTLINES_eth1"
"15618";"MBR_HOTLINES_eth2";"MBR_HOTLINES_eth2"
"11995";"MBR_PRI";"MBR_PRI"
"11993";"MBR_SEC";"MBR_SEC"
"14470";"MBR3_HL1";"MBR3_HL1"
"14471";"MBR3_HL2";"MBR3_HL2"
"13890";"MBR3_HOTLINES";"MBR3_HOTLINES"
"15615";"MBR3_HOTLINES_eth1";"MBR3_HOTLINES_eth1"
"15616";"MBR3_HOTLINES_eth2";"MBR3_HOTLINES_eth2"
"11994";"MBR3_PRI";"MBR3_PRI"
"11992";"MBR3_SEC";"MBR3_SEC"
"18983";"MBR3-2L1CD1";"MBR3-2L1CD1"
"18984";"MBR3-2L1CD2";"MBR3-2L1CD2"
"18985";"MBR3-2L1CP1";"MBR3-2L1CP1"
"18986";"MBR3-2L1CP2";"MBR3-2L1CP2"
"18981";"MBR3-2L1PA1";"MBR3-2L1PA1"
"18982";"MBR3-2L1PP1";"MBR3-2L1PP1"
"18995";"MBR3-2L2CD1";"MBR3-2L2CD1"
"18996";"MBR3-2L2CD2";"MBR3-2L2CD2"
"18997";"MBR3-2L2CP1";"MBR3-2L2CP1"
"18998";"MBR3-2L2CP2";"MBR3-2L2CP2"
"18993";"MBR3-2L2PA1";"MBR3-2L2PA1"
"18994";"MBR3-2L2PP1";"MBR3-2L2PP1"
"18987";"MBR3-2SACP1";"MBR3-2SACP1"
"18988";"MBR3-2SACP2";"MBR3-2SACP2"
"18989";"MBR3-2SACP3";"MBR3-2SACP3"
"18990";"MBR3-2SACP4";"MBR3-2SACP4"
"12014";"mbr3-rgr-20.219.125";"mbr3-rgr-20.219.125"
"14660";"MBR3RP_230_1";"MBR3RP_230_1"
"17117";"mbr3-sw1";"mbr3-sw1"
"17118";"mbr3-sw2";"mbr3-sw2"
"17119";"mbr3-sw3";"mbr3-sw3"
"17120";"mbr3-sw4";"mbr3-sw4"
"16798";"mbr3-tmo";"mbr3-tmo"
"14094";"MBR3-UCS1";"MBR3-UCS1"
"16300";"MBR3-UCS1-alta";"MBR3-UCS1-alta"
"14095";"MBR3-UCS2";"MBR3-UCS2"
"16301";"MBR3-UCS2-baixa";"MBR3-UCS2-baixa"
"18991";"MBR3-UPCA";"MBR3-UPCA"
"18992";"MBR3-UPCP";"MBR3-UPCP"
"14661";"MBRRDP_230_1";"MBRRDP_230_1"
"12013";"mbr-rgr-20.187.125";"mbr-rgr-20.187.125"
"17115";"mbr-sw1";"mbr-sw1"
"17116";"mbr-sw2";"mbr-sw2"
"16797";"mbr-tmo";"mbr-tmo"
"18977";"MBR-UACA";"MBR-UACA"
"18978";"MBR-UACP";"MBR-UACP"
"14088";"MBR-UCS1";"MBR-UCS1"
"16298";"MBR-UCS1-alta";"MBR-UCS1-alta"
"14089";"MBR-UCS2";"MBR-UCS2"
"16299";"MBR-UCS2-baixa";"MBR-UCS2-baixa"
"18979";"MBR-UPCA";"MBR-UPCA"
"18980";"MBR-UPCP";"MBR-UPCP"
"14474";"MCH_HL1";"MCH_HL1"
"14475";"MCH_HL2";"MCH_HL2"
"13892";"MCH_HOTLINES";"MCH_HOTLINES"
"15619";"MCH_HOTLINES_eth1";"MCH_HOTLINES_eth1"
"15620";"MCH_HOTLINES_eth2";"MCH_HOTLINES_eth2"
"16123";"MCH_PRI";"MCH_PRI"
"13956";"MCH_SEC";"MCH_SEC"
"19007";"MCH-21A";"MCH-21A"
"19008";"MCH-21P";"MCH-21P"
"16582";"MCH-DM705-01";"MCH-DM705-01"
"16583";"MCH-DM705-02";"MCH-DM705-02"
"16459";"MCH-DM880-01";"MCH-DM880-01"
"16460";"MCH-DM880-02";"MCH-DM880-02"
"19000";"MCH-FMF1";"MCH-FMF1"
"18999";"MCH-FMF2";"MCH-FMF2"
"14662";"MCHRDP_525_1";"MCHRDP_525_1"
"10551";"mch-rgr-47.254";"mch-rgr-47.254"
"17121";"mch-sw1";"mch-sw1"
"17122";"mch-sw2";"mch-sw2"
"17123";"mch-sw3";"mch-sw3"
"16799";"mch-tmo";"mch-tmo"
"19982";"MCHTW_525_1";"MCHTW_525_1"
"14099";"MCH-UCS1";"MCH-UCS1"
"16302";"MCH-UCS1-alta";"MCH-UCS1-alta"
"14100";"MCH-UCS2";"MCH-UCS2"
"16303";"MCH-UCS2-baixa";"MCH-UCS2-baixa"
"19005";"MCH-UPAB1";"MCH-UPAB1"
"19006";"MCH-UPAB2";"MCH-UPAB2"
"19001";"MCH-UPLA";"MCH-UPLA"
"19002";"MCH-UPLP";"MCH-UPLP"
"19003";"MCH-UPPB1";"MCH-UPPB1"
"19004";"MCH-UPPB2";"MCH-UPPB2"
"14476";"MCL_HL1";"MCL_HL1"
"14477";"MCL_HL2";"MCL_HL2"
"13893";"MCL_HOTLINES";"MCL_HOTLINES"
"15621";"MCL_HOTLINES_eth1";"MCL_HOTLINES_eth1"
"15622";"MCL_HOTLINES_eth2";"MCL_HOTLINES_eth2"
"13837";"MCL_PRI";"MCL_PRI"
"13957";"MCL_SEC";"MCL_SEC"
"19027";"MCL-2L1PA1";"MCL-2L1PA1"
"19028";"MCL-2L1PA3";"MCL-2L1PA3"
"19026";"MCL-2L1PP1";"MCL-2L1PP1"
"19025";"MCL-2L2PA1";"MCL-2L2PA1"
"19024";"MCL-2L2PP1";"MCL-2L2PP1"
"19013";"MCL-2L3PA1";"MCL-2L3PA1"
"19014";"MCL-2L3PA2";"MCL-2L3PA2"
"19012";"MCL-2L3PP1";"MCL-2L3PP1"
"19010";"MCL-2L4PA1";"MCL-2L4PA1"
"19011";"MCL-2L4PA3";"MCL-2L4PA3"
"19009";"MCL-2L4PP1";"MCL-2L4PP1"
"19029";"MCL-2L8CD1";"MCL-2L8CD1"
"19030";"MCL-2L8CD2";"MCL-2L8CD2"
"19032";"MCL-2L8CP1";"MCL-2L8CP1"
"19031";"MCL-2L8PA";"MCL-2L8PA"
"19033";"MCL-2L8PP";"MCL-2L8PP"
"19015";"MCL-2TRPA1";"MCL-2TRPA1"
"19016";"MCL-87_FAR1";"MCL-87_FAR1"
"19017";"MCL-87_FAR2";"MCL-87_FAR2"
"19018";"MCL-87_NPR22";"MCL-87_NPR22"
"19019";"MCL-87_TIE230";"MCL-87_TIE230"
"19020";"MCL-87_UHCA";"MCL-87_UHCA"
"19021";"MCL-87_UHMC";"MCL-87_UHMC"
"19022";"MCL-87_UHQJ";"MCL-87_UHQJ"
"19023";"MCL-87B";"MCL-87B"
"16584";"MCL-DM705-01";"MCL-DM705-01"
"16585";"MCL-DM705-02";"MCL-DM705-02"
"16494";"MCL-DM880-01";"MCL-DM880-01"
"16495";"MCL-DM880-02";"MCL-DM880-02"
"14664";"MCLRDP_230_1";"MCLRDP_230_1"
"10552";"mcl-rgr-48.254";"mcl-rgr-48.254"
"17124";"mcl-sw1";"mcl-sw1"
"17125";"mcl-sw2";"mcl-sw2"
"17126";"mcl-sw3";"mcl-sw3"
"17127";"mcl-sw4";"mcl-sw4"
"16800";"mcl-tmo";"mcl-tmo"
"14105";"MCL-UCS1";"MCL-UCS1"
"16304";"MCL-UCS1-alta";"MCL-UCS1-alta"
"14106";"MCL-UCS2";"MCL-UCS2"
"16305";"MCL-UCS2-baixa";"MCL-UCS2-baixa"
"16586";"MGA-DM705-01";"MGA-DM705-01"
"16587";"MGA-DM705-02";"MGA-DM705-02"
"16430";"MGA-DM880-01";"MGA-DM880-01"
"16431";"MGA-DM880-02";"MGA-DM880-02"
"14482";"MIM_HL_RGR";"MIM_HL_RGR"
"14480";"MIM_HL1";"MIM_HL1"
"13895";"MIM_HOTLINES";"MIM_HOTLINES"
"15625";"MIM_HOTLINES_eth1";"MIM_HOTLINES_eth1"
"15626";"MIM_HOTLINES_eth2";"MIM_HOTLINES_eth2"
"13846";"MIM_PRI";"MIM_PRI"
"13958";"MIM_SEC";"MIM_SEC"
"14478";"MIM2_HL1";"MIM2_HL1"
"14479";"MIM2_HL2_RGR";"MIM2_HL2_RGR"
"13894";"MIM2_HOTLINES";"MIM2_HOTLINES"
"15623";"MIM2_HOTLINES_eth1";"MIM2_HOTLINES_eth1"
"15624";"MIM2_HOTLINES_eth2";"MIM2_HOTLINES_eth2"
"12085";"MIM2_PRI";"MIM2_PRI"
"12086";"MIM2_SEC";"MIM2_SEC"
"19038";"MIM2-1L2PA1";"MIM2-1L2PA1"
"19039";"MIM2-1L2PP1";"MIM2-1L2PP1"
"19040";"MIM2-1L3PA1";"MIM2-1L3PA1"
"19041";"MIM2-1L3PP1";"MIM2-1L3PP1"
"19045";"MIM2-1L6PA1";"MIM2-1L6PA1"
"19046";"MIM2-1L6PP1";"MIM2-1L6PP1"
"19043";"MIM2-1L7PA1";"MIM2-1L7PA1"
"19044";"MIM2-1L7PP1";"MIM2-1L7PP1"
"19042";"MIM2-1SACP1";"MIM2-1SACP1"
"14665";"MIM2RDP_138_1";"MIM2RDP_138_1"
"12082";"mim2-rgr-20.218.125";"mim2-rgr-20.218.125"
"17130";"mim2-sw1";"mim2-sw1"
"17131";"mim2-sw2";"mim2-sw2"
"17132";"mim2-sw3";"mim2-sw3"
"16801";"mim2-tmo";"mim2-tmo"
"14339";"MIM2-UCS1";"MIM2-UCS1"
"16308";"MIM2-UCS1-alta";"MIM2-UCS1-alta"
"14340";"MIM2-UCS2";"MIM2-UCS2"
"16309";"MIM2-UCS2-baixa";"MIM2-UCS2-baixa"
"19034";"MIM-L10PA1";"MIM-L10PA1"
"19035";"MIM-L10PP1";"MIM-L10PP1"
"19036";"MIM-L11PA1";"MIM-L11PA1"
"19037";"MIM-L11PP1";"MIM-L11PP1"
"12520";"Mimoso_10";"Mimoso_10"
"14666";"MIMRDP_138_1";"MIMRDP_138_1"
"14667";"MIMRDP_138_2";"MIMRDP_138_2"
"10637";"mim-rgr-20.143.253";"mim-rgr-20.143.253"
"10740";"mim-rgr-vsat-20.143.125";"mim-rgr-vsat-20.143.125"
"15956";"mim-rgr-vsat-LINK-TELESPAZIO";"mim-rgr-vsat-LINK-TELESPAZIO"
"17128";"mim-sw1";"mim-sw1"
"17129";"mim-sw2";"mim-sw2"
"14315";"MIM-UCS1";"MIM-UCS1"
"16306";"MIM-UCS1-alta";"MIM-UCS1-alta"
"14316";"MIM-UCS2";"MIM-UCS2"
"16307";"MIM-UCS2-baixa";"MIM-UCS2-baixa"
"14483";"MIS_HL1";"MIS_HL1"
"14484";"MIS_HL2";"MIS_HL2"
"13896";"MIS_HOTLINES";"MIS_HOTLINES"
"15627";"MIS_HOTLINES_eth1";"MIS_HOTLINES_eth1"
"15628";"MIS_HOTLINES_eth2";"MIS_HOTLINES_eth2"
"13921";"MIS_PRI";"MIS_PRI"
"13959";"MIS_SEC";"MIS_SEC"
"19047";"MIS-1BPCP1";"MIS-1BPCP1"
"19052";"MIS-1L1PP";"MIS-1L1PP"
"19053";"MIS-1L1PR";"MIS-1L1PR"
"19054";"MIS-1L2PP";"MIS-1L2PP"
"19055";"MIS-1L2PR";"MIS-1L2PR"
"19056";"MIS-1L3PP1";"MIS-1L3PP1"
"19057";"MIS-1L3PR1";"MIS-1L3PR1"
"19058";"MIS-1L5PP1";"MIS-1L5PP1"
"19059";"MIS-1L5PR1";"MIS-1L5PR1"
"19060";"MIS-1T1CP1";"MIS-1T1CP1"
"19061";"MIS-1T1CP2";"MIS-1T1CP2"
"19067";"MIS-1T2CP1";"MIS-1T2CP1"
"19068";"MIS-1T2CP2";"MIS-1T2CP2"
"19074";"MIS-1T3CP1";"MIS-1T3CP1"
"19075";"MIS-1T3CP2";"MIS-1T3CP2"
"19048";"MIS-2BPCP1";"MIS-2BPCP1"
"19049";"MIS-2BPCP2";"MIS-2BPCP2"
"19050";"MIS-2BPP1";"MIS-2BPP1"
"19051";"MIS-2SACP1";"MIS-2SACP1"
"19064";"MIS-2T1CP1";"MIS-2T1CP1"
"19065";"MIS-2T1PA1";"MIS-2T1PA1"
"19066";"MIS-2T1PA2";"MIS-2T1PA2"
"19062";"MIS-2T1PP1";"MIS-2T1PP1"
"19063";"MIS-2T1PP2";"MIS-2T1PP2"
"19071";"MIS-2T2CP1";"MIS-2T2CP1"
"19072";"MIS-2T2PA1";"MIS-2T2PA1"
"19073";"MIS-2T2PA2";"MIS-2T2PA2"
"19069";"MIS-2T2PP1";"MIS-2T2PP1"
"19070";"MIS-2T2PP2";"MIS-2T2PP2"
"19078";"MIS-2T3CP1";"MIS-2T3CP1"
"19079";"MIS-2T3PA1";"MIS-2T3PA1"
"19080";"MIS-2T3PA2";"MIS-2T3PA2"
"19076";"MIS-2T3PP1";"MIS-2T3PP1"
"19077";"MIS-2T3PP2";"MIS-2T3PP2"
"14669";"MISRDP_230_1";"MISRDP_230_1"
"14668";"MISRDP_69_1";"MISRDP_69_1"
"17133";"mis-sw1";"mis-sw1"
"17134";"mis-sw2";"mis-sw2"
"17135";"mis-sw3";"mis-sw3"
"17136";"mis-sw4";"mis-sw4"
"16802";"mis-tmo";"mis-tmo"
"14111";"MIS-UCS1";"MIS-UCS1"
"16310";"MIS-UCS1-alta";"MIS-UCS1-alta"
"14112";"MIS-UCS2";"MIS-UCS2"
"16311";"MIS-UCS2-baixa";"MIS-UCS2-baixa"
"14670";"MR2RDP_525_1";"MR2RDP_525_1"
"14671";"MR2RDP_525_2";"MR2RDP_525_2"
"14485";"MRO2_HL1";"MRO2_HL1"
"11988";"MRO2_PRI";"MRO2_PRI"
"11987";"MRO2_SEC";"MRO2_SEC"
"19108";"MRO2-5A1CD1";"MRO2-5A1CD1"
"19109";"MRO2-5A1CP1";"MRO2-5A1CP1"
"19098";"MRO2-5A2CD1";"MRO2-5A2CD1"
"19099";"MRO2-5A2CP1";"MRO2-5A2CP1"
"19083";"MRO2-5B1CD1";"MRO2-5B1CD1"
"19084";"MRO2-5B1CP1";"MRO2-5B1CP1"
"19104";"MRO2-5B2CD1";"MRO2-5B2CD1"
"19105";"MRO2-5B2CP1";"MRO2-5B2CP1"
"19092";"MRO2-5BAPP1";"MRO2-5BAPP1"
"19093";"MRO2-5BBPP1";"MRO2-5BBPP1"
"19086";"MRO2-5C1CD1";"MRO2-5C1CD1"
"19087";"MRO2-5C1CP1";"MRO2-5C1CP1"
"19088";"MRO2-5C1PP1";"MRO2-5C1PP1"
"19089";"MRO2-5C2CD1";"MRO2-5C2CD1"
"19090";"MRO2-5C2CP1";"MRO2-5C2CP1"
"19091";"MRO2-5C2PP1";"MRO2-5C2PP1"
"19106";"MRO2-5LA1PA1";"MRO2-5LA1PA1"
"19107";"MRO2-5LA1PP1";"MRO2-5LA1PP1"
"19096";"MRO2-5LA2PA1";"MRO2-5LA2PA1"
"19097";"MRO2-5LA2PP1";"MRO2-5LA2PP1"
"19100";"MRO2-5R1PA1";"MRO2-5R1PA1"
"19101";"MRO2-5R1PP1";"MRO2-5R1PP1"
"19102";"MRO2-5R2PA1";"MRO2-5R2PA1"
"19103";"MRO2-5R2PP1";"MRO2-5R2PP1"
"19094";"MRO2-5SACP1";"MRO2-5SACP1"
"19095";"MRO2-5SACP2";"MRO2-5SACP2"
"19085";"MRO2-5T1CP1";"MRO2-5T1CP1"
"19081";"MRO2-5T1PA1";"MRO2-5T1PA1"
"19082";"MRO2-5T1PP1";"MRO2-5T1PP1"
"16588";"MRO2-DM705-01";"MRO2-DM705-01"
"16589";"MRO2-DM705-02";"MRO2-DM705-02"
"16496";"MRO2-DM880-01";"MRO2-DM880-01"
"16497";"MRO2-DM880-02";"MRO2-DM880-02"
"10631";"mro2-rgr-40.161";"mro2-rgr-40.161"
"17137";"mro2-sw1";"mro2-sw1"
"17139";"mro2-sw13";"mro2-sw13"
"17140";"mro2-sw14";"mro2-sw14"
"17138";"mro2-sw2";"mro2-sw2"
"20018";"MRO2TW_525_1";"MRO2TW_525_1"
"14117";"MRO2-UCS1";"MRO2-UCS1"
"16312";"MRO2-UCS1-alta";"MRO2-UCS1-alta"
"14118";"MRO2-UCS2";"MRO2-UCS2"
"16313";"MRO2-UCS2-baixa";"MRO2-UCS2-baixa"
"15941";"MXONE-LIM10-IPLU-1";"MXONE-LIM10-IPLU-1"
"15942";"MXONE-LIM10-IPLU-2";"MXONE-LIM10-IPLU-2"
"15921";"MXONE-LIM1-MGU1A-LAN0";"MXONE-LIM1-MGU1A-LAN0"
"15922";"MXONE-LIM1-MGU1A-LAN1";"MXONE-LIM1-MGU1A-LAN1"
"15923";"MXONE-LIM1-MGU1B-LAN0";"MXONE-LIM1-MGU1B-LAN0"
"15920";"MXONE-LIM1-MGU1B-LAN1";"MXONE-LIM1-MGU1B-LAN1"
"15924";"MXONE-LIM2-IPLU-1";"MXONE-LIM2-IPLU-1"
"15925";"MXONE-LIM2-IPLU-2";"MXONE-LIM2-IPLU-2"
"15926";"MXONE-LIM2-LSU-E";"MXONE-LIM2-LSU-E"
"15927";"MXONE-LIM3-IPLU-1";"MXONE-LIM3-IPLU-1"
"15928";"MXONE-LIM3-IPLU-2";"MXONE-LIM3-IPLU-2"
"15929";"MXONE-LIM4-IPLU-1";"MXONE-LIM4-IPLU-1"
"15930";"MXONE-LIM4-IPLU-2";"MXONE-LIM4-IPLU-2"
"15931";"MXONE-LIM5-IPLU-1";"MXONE-LIM5-IPLU-1"
"15932";"MXONE-LIM5-IPLU-2";"MXONE-LIM5-IPLU-2"
"15933";"MXONE-LIM6-IPLU-1";"MXONE-LIM6-IPLU-1"
"15934";"MXONE-LIM6-IPLU-2";"MXONE-LIM6-IPLU-2"
"15935";"MXONE-LIM7-IPLU-1";"MXONE-LIM7-IPLU-1"
"15936";"MXONE-LIM7-IPLU-2";"MXONE-LIM7-IPLU-2"
"15937";"MXONE-LIM8-IPLU-1";"MXONE-LIM8-IPLU-1"
"15938";"MXONE-LIM8-IPLU-2";"MXONE-LIM8-IPLU-2"
"15939";"MXONE-LIM9-IPLU-1";"MXONE-LIM9-IPLU-1"
"15940";"MXONE-LIM9-IPLU-2";"MXONE-LIM9-IPLU-2"
"19112";"NAN-1L2PA1";"NAN-1L2PA1"
"19113";"NAN-1L2PP1";"NAN-1L2PP1"
"19110";"NAN-1L3PA1";"NAN-1L3PA1"
"19111";"NAN-1L3PP1";"NAN-1L3PP1"
"15992";"NB1 SEDE";"NB1 SEDE"
"15993";"NB2 SEDE";"NB2 SEDE"
"15994";"NB3 COSE";"NB3 COSE"
"14486";"NPE2_HL1";"NPE2_HL1"
"13844";"NPE2_PRI";"NPE2_PRI"
"13960";"NPE2_SEC";"NPE2_SEC"
"19116";"NPE2-1BPCP1";"NPE2-1BPCP1"
"19121";"NPE2-1L3PP";"NPE2-1L3PP"
"19122";"NPE2-1L3PR";"NPE2-1L3PR"
"19114";"NPE2-1L4PP";"NPE2-1L4PP"
"19115";"NPE2-1L4PR";"NPE2-1L4PR"
"19123";"NPE2-1T1CP1";"NPE2-1T1CP1"
"19124";"NPE2-1T1CP2";"NPE2-1T1CP2"
"19130";"NPE2-1T2CD1";"NPE2-1T2CD1"
"19131";"NPE2-1T2CP1";"NPE2-1T2CP1"
"19117";"NPE2-2BPCP1";"NPE2-2BPCP1"
"19118";"NPE2-2BPCP2";"NPE2-2BPCP2"
"19119";"NPE2-2CU01";"NPE2-2CU01"
"19120";"NPE2-2SACP1";"NPE2-2SACP1"
"19125";"NPE2-2T1CP2";"NPE2-2T1CP2"
"19126";"NPE2-2T1PA1";"NPE2-2T1PA1"
"19127";"NPE2-2T1PA2";"NPE2-2T1PA2"
"19128";"NPE2-2T1PP1";"NPE2-2T1PP1"
"19129";"NPE2-2T1PP2";"NPE2-2T1PP2"
"19134";"NPE2-2T2CD1";"NPE2-2T2CD1"
"19135";"NPE2-2T2CP1";"NPE2-2T2CP1"
"19132";"NPE2-2T2PA1";"NPE2-2T2PA1"
"19133";"NPE2-2T2PP1";"NPE2-2T2PP1"
"16590";"NPE2-DM705-01";"NPE2-DM705-01"
"16591";"NPE2-DM705-02";"NPE2-DM705-02"
"16498";"NPE2-DM880-01";"NPE2-DM880-01"
"16499";"NPE2-DM880-02";"NPE2-DM880-02"
"14672";"NPE2RDP_230_1";"NPE2RDP_230_1"
"11780";"NPE2RDP_230_2";"NPE2RDP_230_2"
"10721";"npe2-rgr-20.138.125";"npe2-rgr-20.138.125"
"17141";"npe2-sw1";"npe2-sw1"
"17142";"npe2-sw2";"npe2-sw2"
"17143";"npe2-sw3";"npe2-sw3"
"17144";"npe2-sw4";"npe2-sw4"
"14123";"NPE2-UCS1";"NPE2-UCS1"
"16314";"NPE2-UCS1-alta";"NPE2-UCS1-alta"
"14124";"NPE2-UCS2";"NPE2-UCS2"
"16315";"NPE2-UCS2-baixa";"NPE2-UCS2-baixa"
"16803";"npe-tmo";"npe-tmo"
"14487";"NPR2_HL1";"NPR2_HL1"
"14488";"NPR2_HL2";"NPR2_HL2"
"13897";"NPR2_HOTLINES";"NPR2_HOTLINES"
"15629";"NPR2_HOTLINES_eth1";"NPR2_HOTLINES_eth1"
"15630";"NPR2_HOTLINES_eth2";"NPR2_HOTLINES_eth2"
"13919";"NPR2_PRI";"NPR2_PRI"
"13920";"NPR2_SEC";"NPR2_SEC"
"19136";"NPR2-21A";"NPR2-21A"
"19137";"NPR2-21P";"NPR2-21P"
"19140";"NPR2-2L3CD1";"NPR2-2L3CD1"
"19141";"NPR2-2L3CP1";"NPR2-2L3CP1"
"19138";"NPR2-2L3PA1";"NPR2-2L3PA1"
"19139";"NPR2-2L3PP1";"NPR2-2L3PP1"
"19145";"NPR2-2L4CD1";"NPR2-2L4CD1"
"19146";"NPR2-2L4CP1";"NPR2-2L4CP1"
"19143";"NPR2-2L4PA1";"NPR2-2L4PA1"
"19144";"NPR2-2L4PP1";"NPR2-2L4PP1"
"19142";"NPR2-2SACP1";"NPR2-2SACP1"
"16592";"NPR2-DM705-01";"NPR2-DM705-01"
"16593";"NPR2-DM705-02";"NPR2-DM705-02"
"16500";"NPR2-DM880-01";"NPR2-DM880-01"
"16501";"NPR2-DM880-02";"NPR2-DM880-02"
"14673";"NPR2RDP_230";"NPR2RDP_230"
"10624";"npr2-rgr-20.171.125";"npr2-rgr-20.171.125"
"17145";"npr2-sw1";"npr2-sw1"
"17146";"npr2-sw2";"npr2-sw2"
"16804";"npr2-tmo";"npr2-tmo"
"14127";"NPR2-UCS1";"NPR2-UCS1"
"16316";"NPR2-UCS1-alta";"NPR2-UCS1-alta"
"14128";"NPR2-UCS2";"NPR2-UCS2"
"16317";"NPR2-UCS2-baixa";"NPR2-UCS2-baixa"
"15697";"NSR_5PMU1";"NSR_5PMU1"
"15698";"NSR_5PMU2";"NSR_5PMU2"
"10526";"NSR_PRI1";"NSR_PRI1"
"10528";"NSR_PRI2";"NSR_PRI2"
"10527";"NSR_SEC1";"NSR_SEC1"
"10529";"NSR_SEC2";"NSR_SEC2"
"19161";"NSR-1DAPP1";"NSR-1DAPP1"
"19201";"NSR-1DBCD1";"NSR-1DBCD1"
"19202";"NSR-1DBCD2";"NSR-1DBCD2"
"19203";"NSR-1DBCP1";"NSR-1DBCP1"
"19204";"NSR-1DBCP2";"NSR-1DBCP2"
"19196";"NSR-1DBPP1";"NSR-1DBPP1"
"19213";"NSR-1DCCD1";"NSR-1DCCD1"
"19214";"NSR-1DCCP1";"NSR-1DCCP1"
"19197";"NSR-1DCPP1";"NSR-1DCPP1"
"19162";"NSR-1LAPA1";"NSR-1LAPA1"
"19163";"NSR-1LAPP1";"NSR-1LAPP1"
"19205";"NSR-1T1CD1";"NSR-1T1CD1"
"19206";"NSR-1T1CD2";"NSR-1T1CD2"
"19207";"NSR-1T1CD3";"NSR-1T1CD3"
"19208";"NSR-1T1CP1";"NSR-1T1CP1"
"19209";"NSR-1T1CP2";"NSR-1T1CP2"
"19210";"NSR-1T1CP3";"NSR-1T1CP3"
"19198";"NSR-1T1PA1";"NSR-1T1PA1"
"19199";"NSR-1T1PP1";"NSR-1T1PP1"
"19200";"NSR-1T1PP2";"NSR-1T1PP2"
"19211";"NSR-1TRCP1";"NSR-1TRCP1"
"19212";"NSR-1TRCP2";"NSR-1TRCP2"
"19249";"NSR-2DACD1";"NSR-2DACD1"
"19250";"NSR-2DACP1";"NSR-2DACP1"
"19246";"NSR-2DAPP1";"NSR-2DAPP1"
"19216";"NSR-2DBPP1";"NSR-2DBPP1"
"19217";"NSR-2DCPP1";"NSR-2DCPP1"
"19185";"NSR-2DRPP1";"NSR-2DRPP1"
"19150";"NSR-2L6CD1";"NSR-2L6CD1"
"19151";"NSR-2L6CP1";"NSR-2L6CP1"
"19147";"NSR-2L6FD";"NSR-2L6FD"
"19148";"NSR-2L6PA";"NSR-2L6PA"
"19149";"NSR-2L6PP";"NSR-2L6PP"
"19247";"NSR-2LAPA1";"NSR-2LAPA1"
"19248";"NSR-2LAPP1";"NSR-2LAPP1"
"19188";"NSR-2R3CD1";"NSR-2R3CD1"
"19189";"NSR-2R3CP1";"NSR-2R3CP1"
"19186";"NSR-2R3PA1";"NSR-2R3PA1"
"19187";"NSR-2R3PP1";"NSR-2R3PP1"
"19218";"NSR-2T2PA1";"NSR-2T2PA1"
"19219";"NSR-2T2PA2";"NSR-2T2PA2"
"19220";"NSR-2T2PA3";"NSR-2T2PA3"
"19221";"NSR-2T2PP1";"NSR-2T2PP1"
"19222";"NSR-2T2PP2";"NSR-2T2PP2"
"19223";"NSR-2T2PP3";"NSR-2T2PP3"
"19169";"NSR-2UC1";"NSR-2UC1"
"19170";"NSR-2UC2";"NSR-2UC2"
"19243";"NSR-3DAPP1";"NSR-3DAPP1"
"19225";"NSR-3DBPP1";"NSR-3DBPP1"
"19164";"NSR-3DCPP1";"NSR-3DCPP1"
"19184";"NSR-3DRPP1";"NSR-3DRPP1"
"19244";"NSR-3LAPA1";"NSR-3LAPA1"
"19245";"NSR-3LAPP1";"NSR-3LAPP1"
"19226";"NSR-3T3PA1";"NSR-3T3PA1"
"19227";"NSR-3T3PA2";"NSR-3T3PA2"
"19228";"NSR-3T3PA3";"NSR-3T3PA3"
"19229";"NSR-3T3PA4";"NSR-3T3PA4"
"19230";"NSR-3T3PP1";"NSR-3T3PP1"
"19231";"NSR-3T3PP2";"NSR-3T3PP2"
"19232";"NSR-3T3PP3";"NSR-3T3PP3"
"19152";"NSR-4DAPP1";"NSR-4DAPP1"
"19234";"NSR-4DBPP1";"NSR-4DBPP1"
"19235";"NSR-4DCPP1";"NSR-4DCPP1"
"19155";"NSR-4LACD1";"NSR-4LACD1"
"19156";"NSR-4LACP1";"NSR-4LACP1"
"19153";"NSR-4LAPA1";"NSR-4LAPA1"
"19154";"NSR-4LAPP1";"NSR-4LAPP1"
"19182";"NSR-4R1CD1";"NSR-4R1CD1"
"19183";"NSR-4R1CP1";"NSR-4R1CP1"
"19180";"NSR-4R1PA1";"NSR-4R1PA1"
"19181";"NSR-4R1PP1";"NSR-4R1PP1"
"19179";"NSR-4R1PP2";"NSR-4R1PP2"
"19236";"NSR-4T4PA1";"NSR-4T4PA1"
"19237";"NSR-4T4PA2";"NSR-4T4PA2"
"19238";"NSR-4T4PA3";"NSR-4T4PA3"
"19240";"NSR-4T4PP1";"NSR-4T4PP1"
"19241";"NSR-4T4PP2";"NSR-4T4PP2"
"19242";"NSR-4T4PP3";"NSR-4T4PP3"
"19173";"NSR-5UC1";"NSR-5UC1"
"19174";"NSR-5UC2";"NSR-5UC2"
"19175";"NSR-5UC3";"NSR-5UC3"
"19176";"NSR-5UC4";"NSR-5UC4"
"19177";"NSR-5UC5";"NSR-5UC5"
"19178";"NSR-5UC6";"NSR-5UC6"
"19157";"NSR-6DAPP1";"NSR-6DAPP1"
"19158";"NSR-6DCPP1";"NSR-6DCPP1"
"19159";"NSR-6LAPA1";"NSR-6LAPA1"
"19160";"NSR-6LAPP1";"NSR-6LAPP1"
"19166";"NSR-BUSPP1";"NSR-BUSPP1"
"19167";"NSR-BUSPP2";"NSR-BUSPP2"
"19168";"NSR-BUSPP3";"NSR-BUSPP3"
"16594";"NSR-DM705-01";"NSR-DM705-01"
"16595";"NSR-DM705-02";"NSR-DM705-02"
"16502";"NSR-DM880-01";"NSR-DM880-01"
"16503";"NSR-DM880-02";"NSR-DM880-02"
"19171";"NSR-OBAPP1";"NSR-OBAPP1"
"19172";"NSR-OBBPP1";"NSR-OBBPP1"
"14674";"NSRRDP_230_1";"NSRRDP_230_1"
"14675";"NSRRDP_525_1";"NSRRDP_525_1"
"14676";"NSRRDP_525_2";"NSRRDP_525_2"
"14677";"NSRRDP_525_3";"NSRRDP_525_3"
"10569";"nsr-rgr-24.10";"nsr-rgr-24.10"
"19190";"NSR-SINC";"NSR-SINC"
"19239";"NSR-STUB";"NSR-STUB"
"17147";"nsr-sw1";"nsr-sw1"
"17148";"nsr-sw2";"nsr-sw2"
"17149";"nsr-sw3";"nsr-sw3"
"17150";"nsr-sw4";"nsr-sw4"
"17151";"nsr-swa";"nsr-swa"
"17152";"nsr-swb";"nsr-swb"
"17153";"nsr-swc";"nsr-swc"
"19192";"NSR-TF1CD1";"NSR-TF1CD1"
"19193";"NSR-TF1CD2";"NSR-TF1CD2"
"19194";"NSR-TF1CP1";"NSR-TF1CP1"
"19195";"NSR-TF1CP2";"NSR-TF1CP2"
"19191";"NSR-TF1PP1";"NSR-TF1PP1"
"19215";"NSR-TF2PP1";"NSR-TF2PP1"
"19224";"NSR-TF3PP1";"NSR-TF3PP1"
"19233";"NSR-TF4PP1";"NSR-TF4PP1"
"19165";"NSR-TIEPP1";"NSR-TIEPP1"
"16805";"nsr-tmo";"nsr-tmo"
"19991";"NSRTW_525_1";"NSRTW_525_1"
"14136";"NSR-UCS1";"NSR-UCS1"
"16318";"NSR-UCS1-alta";"NSR-UCS1-alta"
"14137";"NSR-UCS2";"NSR-UCS2"
"16319";"NSR-UCS2-baixa";"NSR-UCS2-baixa"
"11757";"ons-gw1-96.149";"ons-gw1-96.149"
"11758";"ons-gw2-96.150";"ons-gw2-96.150"
"11770";"ons-sal-19.255.8";"ons-sal-19.255.8"
"11834";"ons-sar-19.255.7";"ons-sar-19.255.7"
"11833";"ons-sw-sal-edd";"ons-sw-sal-edd"
"16747";"OpMonCorp";"OpMonCorp"
"16112";"OpMonIND";"OpMonIND"
"14489";"OSO2_HL1";"OSO2_HL1"
"14490";"OSO2_HL2";"OSO2_HL2"
"13898";"OSO2_HOTLINES";"OSO2_HOTLINES"
"15631";"OSO2_HOTLINES_eth1";"OSO2_HOTLINES_eth1"
"15632";"OSO2_HOTLINES_eth2";"OSO2_HOTLINES_eth2"
"13847";"OSO2_PRI";"OSO2_PRI"
"13961";"OSO2_SEC";"OSO2_SEC"
"19254";"OSO2-2L1CD1";"OSO2-2L1CD1"
"19255";"OSO2-2L1CP1";"OSO2-2L1CP1"
"19252";"OSO2-2L1PA1";"OSO2-2L1PA1"
"19253";"OSO2-2L1PP1";"OSO2-2L1PP1"
"19251";"OSO2-2L1PP2";"OSO2-2L1PP2"
"19256";"OSO2-2SACP1";"OSO2-2SACP1"
"16596";"OSO2-DM705-01";"OSO2-DM705-01"
"16597";"OSO2-DM705-02";"OSO2-DM705-02"
"16504";"OSO2-DM880-01";"OSO2-DM880-01"
"16505";"OSO2-DM880-02";"OSO2-DM880-02"
"14680";"OSO2RDP_230_1";"OSO2RDP_230_1"
"17154";"oso2-sw1";"oso2-sw1"
"17155";"oso2-sw2";"oso2-sw2"
"16806";"oso2-tmo";"oso2-tmo"
"14140";"OSO2-UCS1";"OSO2-UCS1"
"16320";"OSO2-UCS1-alta";"OSO2-UCS1-alta"
"16321";"OSO2-UCS2";"OSO2-UCS2"
"14141";"OSO2-UCS2-baixa";"OSO2-UCS2-baixa"
"14492";"PAL_HL_RGR";"PAL_HL_RGR"
"14491";"PAL_HL1";"PAL_HL1"
"13899";"PAL_HOTLINES";"PAL_HOTLINES"
"15633";"PAL_HOTLINES_eth1";"PAL_HOTLINES_eth1"
"15634";"PAL_HOTLINES_eth2";"PAL_HOTLINES_eth2"
"13850";"PAL_PRI";"PAL_PRI"
"13962";"PAL_SEC";"PAL_SEC"
"19278";"PAL-1BPCD1";"PAL-1BPCD1"
"19279";"PAL-1BPCP1";"PAL-1BPCP1"
"19270";"PAL-1L1PP1";"PAL-1L1PP1"
"19271";"PAL-1L1PR1";"PAL-1L1PR1"
"19290";"PAL-1L2PP1";"PAL-1L2PP1"
"19291";"PAL-1L2PR";"PAL-1L2PR"
"19272";"PAL-1L3PP1";"PAL-1L3PP1"
"19273";"PAL-1L3PR1";"PAL-1L3PR1"
"19297";"PAL-1L4PP1";"PAL-1L4PP1"
"19298";"PAL-1L4PR1";"PAL-1L4PR1"
"19295";"PAL-1L5PP1";"PAL-1L5PP1"
"19296";"PAL-1L5PR1";"PAL-1L5PR1"
"19292";"PAL-1L6PP1";"PAL-1L6PP1"
"19293";"PAL-1L6PR1";"PAL-1L6PR1"
"19289";"PAL-1L7PR1";"PAL-1L7PR1"
"19299";"PAL-1T1CD1";"PAL-1T1CD1"
"19300";"PAL-1T1CP1";"PAL-1T1CP1"
"19305";"PAL-1T2CD1";"PAL-1T2CD1"
"19306";"PAL-1T2CP1";"PAL-1T2CP1"
"19311";"PAL-1T3CD1";"PAL-1T3CD1"
"19312";"PAL-1T3CP1";"PAL-1T3CP1"
"19317";"PAL-1T4CD1";"PAL-1T4CD1"
"19318";"PAL-1T4CP1";"PAL-1T4CP1"
"19286";"PAL-25";"PAL-25"
"19259";"PAL-25_";"PAL-25_"
"19257";"PAL-2C1PA1";"PAL-2C1PA1"
"19258";"PAL-2C1PP1";"PAL-2C1PP1"
"19274";"PAL-2L3PA1";"PAL-2L3PA1"
"19275";"PAL-2L3PP1";"PAL-2L3PP1"
"19276";"PAL-2L75CD1";"PAL-2L75CD1"
"19277";"PAL-2L75CP1";"PAL-2L75CP1"
"19268";"PAL-2L77CD1";"PAL-2L77CD1"
"19269";"PAL-2L77CP1";"PAL-2L77CP1"
"19266";"PAL-2L77PA1";"PAL-2L77PA1"
"19267";"PAL-2L77PP1";"PAL-2L77PP1"
"19264";"PAL-2L81CD1";"PAL-2L81CD1"
"19265";"PAL-2L81CP1";"PAL-2L81CP1"
"19260";"PAL-2L8CD1";"PAL-2L8CD1"
"19261";"PAL-2L8CP1";"PAL-2L8CP1"
"19282";"PAL-2PBPP1";"PAL-2PBPP1"
"19283";"PAL-2PBPP2";"PAL-2PBPP2"
"19284";"PAL-2PBPP3";"PAL-2PBPP3"
"19285";"PAL-2SACP1";"PAL-2SACP1"
"19303";"PAL-2T1CD1";"PAL-2T1CD1"
"19304";"PAL-2T1CP1";"PAL-2T1CP1"
"19301";"PAL-2T1PA1";"PAL-2T1PA1"
"19302";"PAL-2T1PP1";"PAL-2T1PP1"
"19309";"PAL-2T2CD1";"PAL-2T2CD1"
"19310";"PAL-2T2CP1";"PAL-2T2CP1"
"19307";"PAL-2T2PA1";"PAL-2T2PA1"
"19308";"PAL-2T2PP1";"PAL-2T2PP1"
"19315";"PAL-2T3CD1";"PAL-2T3CD1"
"19316";"PAL-2T3CP1";"PAL-2T3CP1"
"19313";"PAL-2T3PA1";"PAL-2T3PA1"
"19314";"PAL-2T3PP1";"PAL-2T3PP1"
"19319";"PAL-2T4CD1";"PAL-2T4CD1"
"19320";"PAL-2T4CP1";"PAL-2T4CP1"
"19280";"PAL-2TIECD1";"PAL-2TIECD1"
"19281";"PAL-2TIECP1";"PAL-2TIECP1"
"19262";"PAL-87LA";"PAL-87LA"
"19263";"PAL-87LP";"PAL-87LP"
"16598";"PAL-DM705-01";"PAL-DM705-01"
"16599";"PAL-DM705-02";"PAL-DM705-02"
"16461";"PAL-DM880-01";"PAL-DM880-01"
"16462";"PAL-DM880-02";"PAL-DM880-02"
"19294";"PAL-PCOM";"PAL-PCOM"
"14681";"PALRDP_138_1";"PALRDP_138_1"
"14682";"PALRDP_230_1";"PALRDP_230_1"
"14683";"PALRDP_230_2";"PALRDP_230_2"
"20101";"PALRDP_230_3";"PALRDP_230_3"
"17156";"pal-sw1";"pal-sw1"
"17157";"pal-sw2";"pal-sw2"
"17158";"pal-sw3";"pal-sw3"
"17159";"pal-sw4";"pal-sw4"
"17160";"pal-sw5";"pal-sw5"
"17161";"pal-sw6";"pal-sw6"
"17162";"pal-sw7";"pal-sw7"
"17163";"pal-sw8";"pal-sw8"
"19287";"PAL-TD1";"PAL-TD1"
"19288";"PAL-TD2";"PAL-TD2"
"16807";"pal-tmo";"pal-tmo"
"14341";"PAL-UCS1";"PAL-UCS1"
"16322";"PAL-UCS1-alta";"PAL-UCS1-alta"
"14344";"PAL-UCS2";"PAL-UCS2"
"16323";"PAL-UCS2-baixa";"PAL-UCS2-baixa"
"15709";"PDC161";"PDC161"
"15710";"PDC162";"PDC162"
"14493";"PFU_HL1";"PFU_HL1"
"14494";"PFU_HL2";"PFU_HL2"
"13900";"PFU_HOTLINES";"PFU_HOTLINES"
"15635";"PFU_HOTLINES_eth1";"PFU_HOTLINES_eth1"
"15636";"PFU_HOTLINES_eth2";"PFU_HOTLINES_eth2"
"13848";"PFU_PRI";"PFU_PRI"
"16902";"PFU_PRI2";"PFU_PRI2"
"13963";"PFU_SEC";"PFU_SEC"
"16903";"PFU_SEC2";"PFU_SEC2"
"19321";"PFU-25";"PFU-25"
"19340";"PFU-2L1PA1";"PFU-2L1PA1"
"19341";"PFU-2L1PP1";"PFU-2L1PP1"
"19338";"PFU-2L4PA1";"PFU-2L4PA1"
"19339";"PFU-2L4PP1";"PFU-2L4PP1"
"19326";"PFU-2L6PCA";"PFU-2L6PCA"
"19327";"PFU-2L6PCP";"PFU-2L6PCP"
"19322";"PFU-2PID1";"PFU-2PID1"
"19323";"PFU-87B_A";"PFU-87B_A"
"19324";"PFU-87B_B";"PFU-87B_B"
"19325";"PFU-87B_C";"PFU-87B_C"
"16701";"PFU-DM4100";"PFU-DM4100"
"16600";"PFU-DM705-01";"PFU-DM705-01"
"16601";"PFU-DM705-02";"PFU-DM705-02"
"16506";"PFU-DM880-01";"PFU-DM880-01"
"16507";"PFU-DM880-02";"PFU-DM880-02"
"14687";"PFURDP_230_1";"PFURDP_230_1"
"14688";"PFURDP_230_2";"PFURDP_230_2"
"14689";"PFURDP_230_3";"PFURDP_230_3"
"10571";"pfu-rgr-8.38";"pfu-rgr-8.38"
"17164";"pfu-sw1";"pfu-sw1"
"17165";"pfu-sw2";"pfu-sw2"
"19329";"PFU-T3PA3";"PFU-T3PA3"
"19330";"PFU-T3PA4";"PFU-T3PA4"
"19331";"PFU-T3PA5";"PFU-T3PA5"
"19328";"PFU-T3PP1";"PFU-T3PP1"
"19334";"PFU-T5PA1";"PFU-T5PA1"
"19335";"PFU-T5PA3";"PFU-T5PA3"
"19336";"PFU-T5PA4";"PFU-T5PA4"
"19337";"PFU-T5PA5";"PFU-T5PA5"
"19333";"PFU-T5PP1";"PFU-T5PP1"
"19332";"PFU-TF3PA1";"PFU-TF3PA1"
"16808";"pfu-tmo";"pfu-tmo"
"14144";"PFU-UCS1";"PFU-UCS1"
"16324";"PFU-UCS1-alta";"PFU-UCS1-alta"
"14145";"PFU-UCS2";"PFU-UCS2"
"16325";"PFU-UCS2-baixa";"PFU-UCS2-baixa"
"14495";"PGR_HL1";"PGR_HL1"
"14496";"PGR_HL2";"PGR_HL2"
"13901";"PGR_HOTLINES";"PGR_HOTLINES"
"15637";"PGR_HOTLINES_eth1";"PGR_HOTLINES_eth1"
"15638";"PGR_HOTLINES_eth2";"PGR_HOTLINES_eth2"
"13849";"PGR_PRI";"PGR_PRI"
"13964";"PGR_SEC";"PGR_SEC"
"19344";"PGR-2L4CD1";"PGR-2L4CD1"
"19345";"PGR-2L4CP1";"PGR-2L4CP1"
"19342";"PGR-2L4PA1";"PGR-2L4PA1"
"19343";"PGR-2L4PP1";"PGR-2L4PP1"
"19349";"PGR-2L5CD1";"PGR-2L5CD1"
"19350";"PGR-2L5CP1";"PGR-2L5CP1"
"19347";"PGR-2L5PA1";"PGR-2L5PA1"
"19348";"PGR-2L5PP1";"PGR-2L5PP1"
"19346";"PGR-2SACP1";"PGR-2SACP1"
"14690";"PGRRDP_230_1";"PGRRDP_230_1"
"10621";"pgr-rgr-20.199.125";"pgr-rgr-20.199.125"
"17166";"pgr-sw1";"pgr-sw1"
"17167";"pgr-sw2";"pgr-sw2"
"17168";"pgr-sw3";"pgr-sw3"
"17169";"pgr-sw4";"pgr-sw4"
"16809";"pgr-tmo";"pgr-tmo"
"14342";"PGR-UCS1";"PGR-UCS1"
"16326";"PGR-UCS1-alta";"PGR-UCS1-alta"
"14343";"PGR-UCS2";"PGR-UCS2"
"16327";"PGR-UCS2-baixa";"PGR-UCS2-baixa"
"14497";"PIN2_HL1";"PIN2_HL1"
"16354";"PIN2_HL2";"PIN2_HL2"
"13820";"PIN2_PRI";"PIN2_PRI"
"13965";"PIN2_SEC";"PIN2_SEC"
"19363";"PIN2-1BPCD1";"PIN2-1BPCD1"
"19364";"PIN2-1BPCD2";"PIN2-1BPCD2"
"19365";"PIN2-1BPCP1";"PIN2-1BPCP1"
"19366";"PIN2-1BPCP2";"PIN2-1BPCP2"
"19371";"PIN2-1BUPP1";"PIN2-1BUPP1"
"19372";"PIN2-1BUPP2";"PIN2-1BUPP2"
"19373";"PIN2-1BUPP3";"PIN2-1BUPP3"
"19379";"PIN2-1L3PP1";"PIN2-1L3PP1"
"19380";"PIN2-1L3PR1";"PIN2-1L3PR1"
"19381";"PIN2-1L3PR2";"PIN2-1L3PR2"
"19382";"PIN2-1L4PP1";"PIN2-1L4PP1"
"19383";"PIN2-1L4PR1";"PIN2-1L4PR1"
"19384";"PIN2-1L4PR2";"PIN2-1L4PR2"
"19385";"PIN2-1L5PP1";"PIN2-1L5PP1"
"19386";"PIN2-1L5PR1";"PIN2-1L5PR1"
"19387";"PIN2-1L5PR2";"PIN2-1L5PR2"
"19418";"PIN2-1L6PP1";"PIN2-1L6PP1"
"19419";"PIN2-1L6PR1";"PIN2-1L6PR1"
"19420";"PIN2-1L6PR2";"PIN2-1L6PR2"
"19388";"PIN2-1T1CD1";"PIN2-1T1CD1"
"19389";"PIN2-1T1CD2";"PIN2-1T1CD2"
"19390";"PIN2-1T1CP1";"PIN2-1T1CP1"
"19391";"PIN2-1T1CP2";"PIN2-1T1CP2"
"19398";"PIN2-1T2CD1";"PIN2-1T2CD1"
"19399";"PIN2-1T2CD2";"PIN2-1T2CD2"
"19400";"PIN2-1T2CP1";"PIN2-1T2CP1"
"19401";"PIN2-1T2CP2";"PIN2-1T2CP2"
"19408";"PIN2-1T3CD1";"PIN2-1T3CD1"
"19409";"PIN2-1T3CD2";"PIN2-1T3CD2"
"19410";"PIN2-1T3CP1";"PIN2-1T3CP1"
"19411";"PIN2-1T3CP2";"PIN2-1T3CP2"
"19367";"PIN2-2BPCD1";"PIN2-2BPCD1"
"19368";"PIN2-2BPCD2";"PIN2-2BPCD2"
"19375";"PIN2-2BPCD3";"PIN2-2BPCD3"
"19369";"PIN2-2BPCP1";"PIN2-2BPCP1"
"19370";"PIN2-2BPCP2";"PIN2-2BPCP2"
"19376";"PIN2-2BPCP3";"PIN2-2BPCP3"
"19359";"PIN2-2L1CD1";"PIN2-2L1CD1"
"19360";"PIN2-2L1CD2";"PIN2-2L1CD2"
"19361";"PIN2-2L1CP1";"PIN2-2L1CP1"
"19362";"PIN2-2L1CP2";"PIN2-2L1CP2"
"19357";"PIN2-2L1PA1";"PIN2-2L1PA1"
"19358";"PIN2-2L1PP1";"PIN2-2L1PP1"
"19353";"PIN2-2L2CD1";"PIN2-2L2CD1"
"19354";"PIN2-2L2CD2";"PIN2-2L2CD2"
"19355";"PIN2-2L2CP1";"PIN2-2L2CP1"
"19356";"PIN2-2L2CP2";"PIN2-2L2CP2"
"19351";"PIN2-2L2PA1";"PIN2-2L2PA1"
"19352";"PIN2-2L2PP1";"PIN2-2L2PP1"
"19374";"PIN2-2PBPA1";"PIN2-2PBPA1"
"19377";"PIN2-2PBPP1";"PIN2-2PBPP1"
"19394";"PIN2-2T1CD1";"PIN2-2T1CD1"
"19395";"PIN2-2T1CD2";"PIN2-2T1CD2"
"19396";"PIN2-2T1CP1";"PIN2-2T1CP1"
"19397";"PIN2-2T1CP2";"PIN2-2T1CP2"
"19392";"PIN2-2T1PA1";"PIN2-2T1PA1"
"19393";"PIN2-2T1PP1";"PIN2-2T1PP1"
"19404";"PIN2-2T2CD1";"PIN2-2T2CD1"
"19405";"PIN2-2T2CD2";"PIN2-2T2CD2"
"19406";"PIN2-2T2CP1";"PIN2-2T2CP1"
"19407";"PIN2-2T2CP2";"PIN2-2T2CP2"
"19402";"PIN2-2T2PA1";"PIN2-2T2PA1"
"19403";"PIN2-2T2PP1";"PIN2-2T2PP1"
"19414";"PIN2-2T3CD1";"PIN2-2T3CD1"
"19415";"PIN2-2T3CD2";"PIN2-2T3CD2"
"19416";"PIN2-2T3CP1";"PIN2-2T3CP1"
"19417";"PIN2-2T3CP2";"PIN2-2T3CP2"
"19412";"PIN2-2T3PA1";"PIN2-2T3PA1"
"19413";"PIN2-2T3PP1";"PIN2-2T3PP1"
"19378";"PIN2-CHASSI";"PIN2-CHASSI"
"10575";"pin2-rgr-20.169.125";"pin2-rgr-20.169.125"
"17170";"pin2-sw1";"pin2-sw1"
"17179";"pin2-sw10";"pin2-sw10"
"17171";"pin2-sw2";"pin2-sw2"
"17172";"pin2-sw3";"pin2-sw3"
"17173";"pin2-sw4";"pin2-sw4"
"17174";"pin2-sw5";"pin2-sw5"
"17175";"pin2-sw6";"pin2-sw6"
"17176";"pin2-sw7";"pin2-sw7"
"17177";"pin2-sw8";"pin2-sw8"
"17178";"pin2-sw9";"pin2-sw9"
"16810";"pin2-tmo";"pin2-tmo"
"14156";"PIN2-UCS1";"PIN2-UCS1"
"16328";"PIN2-UCS1-alta";"PIN2-UCS1-alta"
"14157";"PIN2-UCS2";"PIN2-UCS2"
"16329";"PIN2-UCS2-baixa";"PIN2-UCS2-baixa"
"14691";"PINRDP_138_1";"PINRDP_138_1"
"14692";"PINRDP_230_1";"PINRDP_230_1"
"14693";"PINRDP_230_2";"PINRDP_230_2"
"16740";"PLM-DM706KE-remota";"PLM-DM706KE-remota"
"14498";"PME_HL1";"PME_HL1"
"14501";"PME_HL2";"PME_HL2"
"13902";"PME_HOTLINES";"PME_HOTLINES"
"15639";"PME_HOTLINES_eth1";"PME_HOTLINES_eth1"
"15640";"PME_HOTLINES_eth2";"PME_HOTLINES_eth2"
"15641";"PME_HOTLINES_eth3";"PME_HOTLINES_eth3"
"15642";"PME_HOTLINES_eth4";"PME_HOTLINES_eth4"
"15643";"PME_HOTLINES_eth5";"PME_HOTLINES_eth5"
"13819";"PME_PRI1";"PME_PRI1"
"13818";"PME_PRI2";"PME_PRI2"
"13641";"PME_SEC1";"PME_SEC1"
"13642";"PME_SEC2";"PME_SEC2"
"19433";"PME-2L7CL";"PME-2L7CL"
"19434";"PME-2L7CR";"PME-2L7CR"
"19429";"PME-2L7PAL";"PME-2L7PAL"
"19430";"PME-2L7PAR";"PME-2L7PAR"
"19431";"PME-2L7PPL";"PME-2L7PPL"
"19432";"PME-2L7PPR";"PME-2L7PPR"
"19425";"PME-2L8CD1";"PME-2L8CD1"
"19426";"PME-2L8CP1";"PME-2L8CP1"
"19421";"PME-2L8FD1";"PME-2L8FD1"
"19422";"PME-2L8PA1";"PME-2L8PA1"
"19423";"PME-2L8PP1";"PME-2L8PP1"
"19424";"PME-2L8QEE1";"PME-2L8QEE1"
"19428";"PME-2SACP1";"PME-2SACP1"
"19427";"PME-2SEPP1";"PME-2SEPP1"
"17180";"pme-eb-sw1p";"pme-eb-sw1p"
"17181";"pme-eb-sw1s";"pme-eb-sw1s"
"14694";"PMERDP_230_1";"PMERDP_230_1"
"14695";"PMERDP_230_2";"PMERDP_230_2"
"10628";"pme-rgr-161.123";"pme-rgr-161.123"
"10554";"pme-rgr-65.254";"pme-rgr-65.254"
"16811";"pme-tmo";"pme-tmo"
"14160";"PME-UCS1";"PME-UCS1"
"16330";"PME-UCS1-alta";"PME-UCS1-alta"
"14161";"PME-UCS2";"PME-UCS2"
"16331";"PME-UCS2-baixa";"PME-UCS2-baixa"
"14503";"PNO_HL1";"PNO_HL1"
"14504";"PNO_HL2";"PNO_HL2"
"13903";"PNO_HOTLINES";"PNO_HOTLINES"
"15644";"PNO_HOTLINES_eth1";"PNO_HOTLINES_eth1"
"15645";"PNO_HOTLINES_eth2";"PNO_HOTLINES_eth2"
"14903";"PNO_PRI";"PNO_PRI"
"14906";"PNO_SEC";"PNO_SEC"
"19445";"PNO-2BPCD1";"PNO-2BPCD1"
"19446";"PNO-2BPCP1";"PNO-2BPCP1"
"19447";"PNO-2BPPP1";"PNO-2BPPP1"
"19435";"PNO-2L1CD1";"PNO-2L1CD1"
"19436";"PNO-2L1CP1";"PNO-2L1CP1"
"19437";"PNO-2L1PA1";"PNO-2L1PA1"
"19438";"PNO-2L1PP1";"PNO-2L1PP1"
"19458";"PNO-2L2CD1";"PNO-2L2CD1"
"19459";"PNO-2L2CP1";"PNO-2L2CP1"
"19460";"PNO-2L2PA1";"PNO-2L2PA1"
"19461";"PNO-2L2PP1";"PNO-2L2PP1"
"19468";"PNO-2T2CD1";"PNO-2T2CD1"
"19469";"PNO-2T2CP1";"PNO-2T2CP1"
"19470";"PNO-2T2PP2";"PNO-2T2PP2"
"19451";"PNO-5A2CD1";"PNO-5A2CD1"
"19452";"PNO-5A2CP1";"PNO-5A2CP1"
"19448";"PNO-5BAPP1";"PNO-5BAPP1"
"19449";"PNO-5BBPP1";"PNO-5BBPP1"
"19442";"PNO-5C1CD1";"PNO-5C1CD1"
"19443";"PNO-5C1CP1";"PNO-5C1CP1"
"19444";"PNO-5C1PP1";"PNO-5C1PP1"
"19455";"PNO-5C2CD1";"PNO-5C2CD1"
"19456";"PNO-5C2CP1";"PNO-5C2CP1"
"19457";"PNO-5C2PP1";"PNO-5C2PP1"
"19439";"PNO-5LA1PA1";"PNO-5LA1PA1"
"19441";"PNO-5LA1PA1_";"PNO-5LA1PA1_"
"19440";"PNO-5LA1PP1";"PNO-5LA1PP1"
"19453";"PNO-5LA2PA1";"PNO-5LA2PA1"
"19454";"PNO-5LA2PP1";"PNO-5LA2PP1"
"19462";"PNO-5R2PA1";"PNO-5R2PA1"
"19463";"PNO-5R2PP1";"PNO-5R2PP1"
"19450";"PNO-5SACP1";"PNO-5SACP1"
"19466";"PNO-5T1CD1";"PNO-5T1CD1"
"19467";"PNO-5T1CP1";"PNO-5T1CP1"
"19464";"PNO-5T1PA1";"PNO-5T1PA1"
"19465";"PNO-5T1PP1";"PNO-5T1PP1"
"19473";"PNO-5T2CD1";"PNO-5T2CD1"
"19474";"PNO-5T2CP1";"PNO-5T2CP1"
"19471";"PNO-5T2PA1";"PNO-5T2PA1"
"19472";"PNO-5T2PP1";"PNO-5T2PP1"
"16602";"PNO-DM705-01";"PNO-DM705-01"
"16603";"PNO-DM705-02";"PNO-DM705-02"
"16508";"PNO-DM880-01";"PNO-DM880-01"
"16509";"PNO-DM880-02";"PNO-DM880-02"
"14696";"PNORDP_525_1";"PNORDP_525_1"
"14697";"PNORDP_525_2";"PNORDP_525_2"
"10585";"pno-rgr-19.40.181";"pno-rgr-19.40.181"
"17182";"pno-sw1";"pno-sw1"
"17187";"pno-sw10";"pno-sw10"
"17188";"pno-sw11";"pno-sw11"
"17189";"pno-sw12";"pno-sw12"
"17183";"pno-sw2";"pno-sw2"
"17184";"pno-sw3";"pno-sw3"
"17185";"pno-sw4";"pno-sw4"
"17186";"pno-sw9";"pno-sw9"
"20007";"PNOTW_525_1";"PNOTW_525_1"
"14170";"PNO-UCS1";"PNO-UCS1"
"16332";"PNO-UCS1-alta";"PNO-UCS1-alta"
"14171";"PNO-UCS2";"PNO-UCS2"
"16333";"PNO-UCS2-baixa";"PNO-UCS2-baixa"
"19475";"PPA-1L1PP";"PPA-1L1PP"
"19476";"PPA-1L1PR1";"PPA-1L1PR1"
"19477";"PPA-1L1PR2";"PPA-1L1PR2"
"19478";"PPA-1L2PP";"PPA-1L2PP"
"19479";"PPA-1L2PR1";"PPA-1L2PR1"
"19480";"PPA-1L2PR2";"PPA-1L2PR2"
"16604";"PTO-DM705-01";"PTO-DM705-01"
"16605";"PTO-DM705-02";"PTO-DM705-02"
"16432";"PTO-DM880-01";"PTO-DM880-01"
"16433";"PTO-DM880-02";"PTO-DM880-02"
"14505";"QUI_HL1";"QUI_HL1"
"14506";"QUI_HL2";"QUI_HL2"
"13904";"QUI_HOTLINES";"QUI_HOTLINES"
"15646";"QUI_HOTLINES_eth1";"QUI_HOTLINES_eth1"
"15647";"QUI_HOTLINES_eth2";"QUI_HOTLINES_eth2"
"13816";"QUI_PRI";"QUI_PRI"
"13967";"QUI_SEC";"QUI_SEC"
"19484";"QUI-2L1CD1";"QUI-2L1CD1"
"19485";"QUI-2L1CP1";"QUI-2L1CP1"
"19482";"QUI-2L1PA";"QUI-2L1PA"
"19483";"QUI-2L1PP";"QUI-2L1PP"
"19481";"QUI-2SACP1";"QUI-2SACP1"
"16606";"QUI-DM705-01";"QUI-DM705-01"
"16607";"QUI-DM705-02";"QUI-DM705-02"
"16510";"QUI-DM880-01";"QUI-DM880-01"
"16511";"QUI-DM880-02";"QUI-DM880-02"
"14698";"QUIRDP_230_1";"QUIRDP_230_1"
"10630";"qui-rgr-20.156.125";"qui-rgr-20.156.125"
"16812";"qui-tmo";"qui-tmo"
"16357";"Radio AVIAT Rep SUZANO";"Radio AVIAT Rep SUZANO"
"16358";"Radio AVIAT UHE MIM";"Radio AVIAT UHE MIM"
"16356";"Radio AVIAT UHE MIM2";"Radio AVIAT UHE MIM2"
"19486";"RCO-67";"RCO-67"
"19487";"RCO-87";"RCO-87"
"19488";"RCO-UP67";"RCO-UP67"
"19489";"RCO-UP87";"RCO-UP87"
"16934";"RELE-MODELO";"RELE-MODELO"
"13751";"RET-ACL";"RET-ACL"
"13760";"RET-BLU-RNP-1";"RET-BLU-RNP-1"
"13761";"RET-BLU-RNP-2";"RET-BLU-RNP-2"
"13762";"RET-BRU";"RET-BRU"
"13763";"RET-CAX-RNP-1";"RET-CAX-RNP-1"
"13764";"RET-CAX-RNP-2";"RET-CAX-RNP-2"
"13765";"RET-CBA-RNP-1";"RET-CBA-RNP-1"
"13766";"RET-CBA-RNP-2";"RET-CBA-RNP-2"
"15967";"RET-CNO-1";"RET-CNO-1"
"15968";"RET-CNO-2";"RET-CNO-2"
"15969";"RET-CNO-3";"RET-CNO-3"
"15970";"RET-CNO-4";"RET-CNO-4"
"15971";"RET-CNO-5";"RET-CNO-5"
"13767";"RET-GRA-RNP-1";"RET-GRA-RNP-1"
"13768";"RET-GRA-RNP-2";"RET-GRA-RNP-2"
"20004";"RET-GRT-1";"RET-GRT-1"
"13769";"RET-JLB-RNP-1";"RET-JLB-RNP-1"
"13770";"RET-JLB-RNP-2";"RET-JLB-RNP-2"
"11934";"RET-LVH";"RET-LVH"
"15760";"RET-MGA-1";"RET-MGA-1"
"15761";"RET-MGA-2";"RET-MGA-2"
"17274";"RET-NVE-1";"RET-NVE-1"
"17275";"RET-NVE-2";"RET-NVE-2"
"14867";"RET-PAL-RNP-1";"RET-PAL-RNP-1"
"14868";"RET-PAL-RNP-2";"RET-PAL-RNP-2"
"14874";"RET-PMEELB48V-1";"RET-PMEELB48V-1"
"14876";"RET-PMEELB48V2";"RET-PMEELB48V2"
"15762";"RET-PTO-1-GTE12";"RET-PTO-1-GTE12"
"15763";"RET-PTO-2-GTE13";"RET-PTO-2-GTE13"
"14879";"RET-QUI-48V-1";"RET-QUI-48V-1"
"14880";"RET-QUI-48V-2";"RET-QUI-48V-2"
"17276";"RET-RCA-1";"RET-RCA-1"
"17277";"RET-RCA-2";"RET-RCA-2"
"14873";"RET-RRR";"RET-RRR"
"17282";"RET-RTB-1";"RET-RTB-1"
"17283";"RET-RTB-2";"RET-RTB-2"
"20048";"RET-RUM-1";"RET-RUM-1"
"20049";"RET-RUM-2";"RET-RUM-2"
"17278";"RET-RVE-1";"RET-RVE-1"
"17279";"RET-RVE-2";"RET-RVE-2"
"14870";"RET-SED-RNP-1";"RET-SED-RNP-1"
"14869";"RET-SED-RNP-2";"RET-SED-RNP-2"
"15713";"RET-SMS-1";"RET-SMS-1"
"15714";"RET-SMS-2";"RET-SMS-2"
"17280";"RET-UNI-1";"RET-UNI-1"
"17281";"RET-UNI-2";"RET-UNI-2"
"19490";"ROQ-1L1PP";"ROQ-1L1PP"
"19491";"ROQ-1L1PR";"ROQ-1L1PR"
"19492";"ROQ-1L2PP";"ROQ-1L2PP"
"19493";"ROQ-1L2PR";"ROQ-1L2PR"
"12270";"Roteador Medicao Novo";"Roteador Medicao Novo"
"12271";"Roteador Medicao Terceiros";"Roteador Medicao Terceiros"
"12269";"Roteador Medicao Velho";"Roteador Medicao Velho"
"16463";"RSU-DM880-01";"RSU-DM880-01"
"15830";"RTD-LAR";"RTD-LAR"
"12254";"RTD-SED-26.30";"RTD-SED-26.30"
"12104";"RTD-SEDE-LAR";"RTD-SEDE-LAR"
"14854";"RTD-ServerU1";"RTD-ServerU1"
"14855";"RTD-ServerU2";"RTD-ServerU2"
"20063";"R-VSAT-SEDE";"R-VSAT-SEDE"
"11938";"SBC_BIG";"SBC_BIG"
"11939";"SBC_SEDE";"SBC_SEDE"
"14507";"SCR1_HL1";"SCR1_HL1"
"13815";"SCR1_PRI";"SCR1_PRI"
"13968";"SCR1_SEC";"SCR1_SEC"
"19498";"SCR1-2L2CL";"SCR1-2L2CL"
"19499";"SCR1-2L2CR";"SCR1-2L2CR"
"19494";"SCR1-2L2PAL";"SCR1-2L2PAL"
"19495";"SCR1-2L2PAR";"SCR1-2L2PAR"
"19496";"SCR1-2L2PPL";"SCR1-2L2PPL"
"19497";"SCR1-2L2PPR";"SCR1-2L2PPR"
"11831";"scr1-rgr-66.254";"scr1-rgr-66.254"
"16813";"scr1-tmo";"scr1-tmo"
"14699";"SCRRDP_230_1";"SCRRDP_230_1"
"14508";"SDI_HL1";"SDI_HL1"
"14509";"SDI_HL2";"SDI_HL2"
"13905";"SDI_HOTLINES";"SDI_HOTLINES"
"15648";"SDI_HOTLINES_eth1";"SDI_HOTLINES_eth1"
"15649";"SDI_HOTLINES_eth2";"SDI_HOTLINES_eth2"
"11906";"SDI_PRI";"SDI_PRI"
"11905";"SDI_SEC";"SDI_SEC"
"19507";"SDI-2L1CD1";"SDI-2L1CD1"
"19508";"SDI-2L1CP1";"SDI-2L1CP1"
"19505";"SDI-2L1PA1";"SDI-2L1PA1"
"19506";"SDI-2L1PP1";"SDI-2L1PP1"
"19502";"SDI-2L2CD1";"SDI-2L2CD1"
"19503";"SDI-2L2CP1";"SDI-2L2CP1"
"19500";"SDI-2L2PA1";"SDI-2L2PA1"
"19501";"SDI-2L2PP1";"SDI-2L2PP1"
"19504";"SDI-2SACP1";"SDI-2SACP1"
"16608";"SDI-DM705-01";"SDI-DM705-01"
"16609";"SDI-DM705-02";"SDI-DM705-02"
"16434";"SDI-DM880-01";"SDI-DM880-01"
"16435";"SDI-DM880-02";"SDI-DM880-02"
"14700";"SDIRDP_230_1";"SDIRDP_230_1"
"15677";"sdi-rgr-20.210.253";"sdi-rgr-20.210.253"
"17190";"sdi-sw1";"sdi-sw1"
"17191";"sdi-sw2";"sdi-sw2"
"16814";"sdi-tmo";"sdi-tmo"
"14349";"SDI-UCS1";"SDI-UCS1"
"16334";"SDI-UCS1-alta";"SDI-UCS1-alta"
"14350";"SDI-UCS2";"SDI-UCS2"
"16335";"SDI-UCS2-baixa";"SDI-UCS2-baixa"
"10367";"SED_PRI1";"SED_PRI1"
"10368";"SED_PRI2";"SED_PRI2"
"10369";"SED_SEC1";"SED_SEC1"
"10370";"SED_SEC2";"SED_SEC2"
"16698";"SED-DM4100-01";"SED-DM4100-01"
"16699";"SED-DM4100-02";"SED-DM4100-02"
"16610";"SED-DM705-01";"SED-DM705-01"
"16611";"SED-DM705-02";"SED-DM705-02"
"16464";"SED-DM880-01";"SED-DM880-01"
"16465";"SED-DM880-02";"SED-DM880-02"
"19509";"SEDE-UC1";"SEDE-UC1"
"19510";"SEDE-UC2";"SEDE-UC2"
"11759";"sed-fs-96.254";"sed-fs-96.254"
"10541";"SED-FW1-BORDA";"SED-FW1-BORDA"
"10542";"SED-FW2-BORDA";"SED-FW2-BORDA"
"11755";"sed-ons-94.184";"sed-ons-94.184"
"11835";"sed-ons-96.184";"sed-ons-96.184"
"14882";"SED-RGR-PA-19.255.9";"SED-RGR-PA-19.255.9"
"10538";"SED-RGR-VSAT";"SED-RGR-VSAT"
"15960";"sed-rgr-vsat-PEER-HUGHES";"sed-rgr-vsat-PEER-HUGHES"
"15957";"sed-rgr-vsat-PEER-TELESPAZIO";"sed-rgr-vsat-PEER-TELESPAZIO"
"11756";"sed-rm-94.185";"sed-rm-94.185"
"16893";"sed-ro-94.183";"sed-ro-94.183"
"13783";"SED-USB-P01";"SED-USB-P01"
"16363";"SERVDMVIEW_agent";"SERVDMVIEW_agent"
"16744";"servidor_log_lsc";"servidor_log_lsc"
"11804";"servidorrgr";"servidorrgr"
"11553";"servmf";"servmf"
"15707";"SERVPAC";"SERVPAC"
"14510";"SID_HL1";"SID_HL1"
"14511";"SID_HL2";"SID_HL2"
"13906";"SID_HOTLINES";"SID_HOTLINES"
"15650";"SID_HOTLINES_eth1";"SID_HOTLINES_eth1"
"15651";"SID_HOTLINES_eth2";"SID_HOTLINES_eth2"
"13814";"SID_PRI";"SID_PRI"
"13969";"SID_SEC";"SID_SEC"
"19531";"SID-1BPCD1";"SID-1BPCD1"
"19532";"SID-1BPCP1";"SID-1BPCP1"
"19545";"SID-1L1PP1";"SID-1L1PP1"
"19546";"SID-1L1PR1";"SID-1L1PR1"
"19543";"SID-1L2PP1";"SID-1L2PP1"
"19544";"SID-1L2PR1";"SID-1L2PR1"
"19521";"SID-1L3PP1";"SID-1L3PP1"
"19522";"SID-1L3PR1";"SID-1L3PR1"
"19517";"SID-1L4PP1";"SID-1L4PP1"
"19518";"SID-1L4PR1";"SID-1L4PR1"
"19515";"SID-1L5PP1";"SID-1L5PP1"
"19516";"SID-1L5PR1";"SID-1L5PR1"
"19511";"SID-1L6PP1";"SID-1L6PP1"
"19512";"SID-1L6PR1";"SID-1L6PR1"
"19513";"SID-1L7PP1";"SID-1L7PP1"
"19514";"SID-1L7PR1";"SID-1L7PR1"
"19547";"SID-1T1CD1";"SID-1T1CD1"
"19548";"SID-1T1CP1";"SID-1T1CP1"
"19553";"SID-1T2CD1";"SID-1T2CD1"
"19554";"SID-1T2CP1";"SID-1T2CP1"
"19559";"SID-1T3CD1";"SID-1T3CD1"
"19560";"SID-1T3CP1";"SID-1T3CP1"
"19565";"SID-1T4CD1";"SID-1T4CD1"
"19566";"SID-1T4CP1";"SID-1T4CP1"
"19533";"SID-2BPCD1";"SID-2BPCD1"
"19534";"SID-2BPCP1";"SID-2BPCP1"
"19525";"SID-2L1CD1";"SID-2L1CD1"
"19526";"SID-2L1CP1";"SID-2L1CP1"
"19523";"SID-2L1PA1";"SID-2L1PA1"
"19524";"SID-2L1PP1";"SID-2L1PP1"
"19529";"SID-2L2CD1";"SID-2L2CD1"
"19530";"SID-2L2CP1";"SID-2L2CP1"
"19527";"SID-2L2PA1";"SID-2L2PA1"
"19528";"SID-2L2PP1";"SID-2L2PP1"
"19519";"SID-2L3CD1";"SID-2L3CD1"
"19520";"SID-2L3CP1";"SID-2L3CP1"
"19535";"SID-2PBPA1";"SID-2PBPA1"
"19536";"SID-2PBPA2";"SID-2PBPA2"
"19537";"SID-2PBPA3";"SID-2PBPA3"
"19538";"SID-2PBPP1";"SID-2PBPP1"
"19539";"SID-2PBPP2";"SID-2PBPP2"
"19540";"SID-2PBPP3";"SID-2PBPP3"
"19541";"SID-2SACP1";"SID-2SACP1"
"19542";"SID-2SACP2";"SID-2SACP2"
"19551";"SID-2T1CD1";"SID-2T1CD1"
"19552";"SID-2T1CP1";"SID-2T1CP1"
"19549";"SID-2T1PA1";"SID-2T1PA1"
"19550";"SID-2T1PP1";"SID-2T1PP1"
"19557";"SID-2T2CD1";"SID-2T2CD1"
"19558";"SID-2T2CP1";"SID-2T2CP1"
"19555";"SID-2T2PA1";"SID-2T2PA1"
"19556";"SID-2T2PP1";"SID-2T2PP1"
"19563";"SID-2T3CD1";"SID-2T3CD1"
"19564";"SID-2T3CP1";"SID-2T3CP1"
"19561";"SID-2T3PA1";"SID-2T3PA1"
"19562";"SID-2T3PP1";"SID-2T3PP1"
"19569";"SID-2T4CD1";"SID-2T4CD1"
"19570";"SID-2T4CP1";"SID-2T4CP1"
"19567";"SID-2T4PA1";"SID-2T4PA1"
"19568";"SID-2T4PP1";"SID-2T4PP1"
"16612";"SID-DM705-01";"SID-DM705-01"
"16613";"SID-DM705-02";"SID-DM705-02"
"16466";"SID-DM880-01";"SID-DM880-01"
"16467";"SID-DM880-02";"SID-DM880-02"
"14702";"SIDRDP_230_2";"SIDRDP_230_2"
"14703";"SIDRDP_230_3";"SIDRDP_230_3"
"14701";"SIDRDP230_11";"SIDRDP230_11"
"10574";"sid-rgr-24.34";"sid-rgr-24.34"
"17192";"sid-sw1";"sid-sw1"
"17193";"sid-sw2";"sid-sw2"
"17194";"sid-sw3";"sid-sw3"
"17195";"sid-sw4";"sid-sw4"
"17196";"sid-sw5";"sid-sw5"
"17197";"sid-sw6";"sid-sw6"
"17198";"sid-sw7";"sid-sw7"
"17199";"sid-sw8";"sid-sw8"
"16815";"sid-tmo";"sid-tmo"
"14345";"SID-UCS1";"SID-UCS1"
"16336";"SID-UCS1-alta";"SID-UCS1-alta"
"14346";"SID-UCS2";"SID-UCS2"
"16337";"SID-UCS2-baixa";"SID-UCS2-baixa"
"12483";"Sincronizador - OSA 5422 - SE CBA";"Sincronizador - OSA 5422 - SE CBA"
"14907";"Sincronizador - OSA 5422 - SE GRA";"Sincronizador - OSA 5422 - SE GRA"
"14911";"Sincronizador - OSA 5422 - SE PAL";"Sincronizador - OSA 5422 - SE PAL"
"14912";"Sincronizador - OSA 5422 - SE XAN";"Sincronizador - OSA 5422 - SE XAN"
"16741";"SJO-DM706KE-remota";"SJO-DM706KE-remota"
"14512";"SMA3_HL1";"SMA3_HL1"
"14513";"SMA3_HL2";"SMA3_HL2"
"13907";"SMA3_HOTLINES";"SMA3_HOTLINES"
"15652";"SMA3_HOTLINES_eth1";"SMA3_HOTLINES_eth1"
"15653";"SMA3_HOTLINES_eth2";"SMA3_HOTLINES_eth2"
"12000";"SMA3_PRI";"SMA3_PRI"
"11999";"SMA3_SEC";"SMA3_SEC"
"19575";"SMA3-1BPCD1";"SMA3-1BPCD1"
"19576";"SMA3-1BPCP1";"SMA3-1BPCP1"
"19571";"SMA3-1L1PA1";"SMA3-1L1PA1"
"19572";"SMA3-1L1PA2";"SMA3-1L1PA2"
"19573";"SMA3-1L1PP1";"SMA3-1L1PP1"
"19574";"SMA3-1L1PP2";"SMA3-1L1PP2"
"19577";"SMA3-1PBPP1";"SMA3-1PBPP1"
"19579";"SMA3-2T6PA1";"SMA3-2T6PA1"
"19580";"SMA3-2T6PA2";"SMA3-2T6PA2"
"19581";"SMA3-2T6PA3";"SMA3-2T6PA3"
"19582";"SMA3-2T6PA4";"SMA3-2T6PA4"
"19583";"SMA3-2T6PP1";"SMA3-2T6PP1"
"19584";"SMA3-2T6PP2";"SMA3-2T6PP2"
"19585";"SMA3-2T6PP3";"SMA3-2T6PP3"
"19586";"SMA3-2T6PP4";"SMA3-2T6PP4"
"19587";"SMA3-2T7PA1";"SMA3-2T7PA1"
"19588";"SMA3-2T7PA2";"SMA3-2T7PA2"
"19589";"SMA3-2T7PA3";"SMA3-2T7PA3"
"19590";"SMA3-2T7PA4";"SMA3-2T7PA4"
"19591";"SMA3-2T7PP1";"SMA3-2T7PP1"
"19592";"SMA3-2T7PP2";"SMA3-2T7PP2"
"19593";"SMA3-2T7PP3";"SMA3-2T7PP3"
"19594";"SMA3-2T7PP4";"SMA3-2T7PP4"
"19578";"SMA3-CHASSI";"SMA3-CHASSI"
"16517";"SMA3-DM880-01";"SMA3-DM880-01"
"12016";"sma3-rgr-20.190.253";"sma3-rgr-20.190.253"
"14704";"SMA3RP_230_1";"SMA3RP_230_1"
"16816";"sma3-tmo";"sma3-tmo"
"16614";"SMS-DM705-01";"SMS-DM705-01"
"16615";"SMS-DM705-02";"SMS-DM705-02"
"16436";"SMS-DM880-01";"SMS-DM880-01"
"16437";"SMS-DM880-02";"SMS-DM880-02"
"15711";"SMSF_ONS_NCO";"SMSF_ONS_NCO"
"15712";"SMSF_ONS_SE";"SMSF_ONS_SE"
"14514";"SOS_HL1";"SOS_HL1"
"14515";"SOS_HL2";"SOS_HL2"
"13908";"SOS_HOTLINES";"SOS_HOTLINES"
"15654";"SOS_HOTLINES_eth1";"SOS_HOTLINES_eth1"
"15655";"SOS_HOTLINES_eth2";"SOS_HOTLINES_eth2"
"13813";"SOS_PRI";"SOS_PRI"
"13970";"SOS_SEC";"SOS_SEC"
"19622";"SOS-1L1PCA1";"SOS-1L1PCA1"
"19623";"SOS-1L1PCP1";"SOS-1L1PCP1"
"19631";"SOS-21A";"SOS-21A"
"19632";"SOS-21P";"SOS-21P"
"19620";"SOS-25A";"SOS-25A"
"19617";"SOS-2BPPCA1";"SOS-2BPPCA1"
"19618";"SOS-2BPPCP1";"SOS-2BPPCP1"
"19601";"SOS-2L2CD1";"SOS-2L2CD1"
"19602";"SOS-2L2CP1";"SOS-2L2CP1"
"19599";"SOS-2L2PA1";"SOS-2L2PA1"
"19600";"SOS-2L2PP1";"SOS-2L2PP1"
"19597";"SOS-2L3CD1";"SOS-2L3CD1"
"19598";"SOS-2L3CP1";"SOS-2L3CP1"
"19595";"SOS-2L3PA1";"SOS-2L3PA1"
"19596";"SOS-2L3PP1";"SOS-2L3PP1"
"19633";"SOS-2L4CD1";"SOS-2L4CD1"
"19634";"SOS-2L4CP1";"SOS-2L4CP1"
"19607";"SOS-2L7PCA1";"SOS-2L7PCA1"
"19608";"SOS-2L7PCA2";"SOS-2L7PCA2"
"19609";"SOS-2L7PCP1";"SOS-2L7PCP1"
"19610";"SOS-2L7PCP2";"SOS-2L7PCP2"
"19605";"SOS-2L8CD1";"SOS-2L8CD1"
"19606";"SOS-2L8CP1";"SOS-2L8CP1"
"19603";"SOS-2L8PA1";"SOS-2L8PA1"
"19604";"SOS-2L8PP1";"SOS-2L8PP1"
"19614";"SOS-2PBPA1";"SOS-2PBPA1"
"19615";"SOS-2PBPA2";"SOS-2PBPA2"
"19616";"SOS-2PBPA3";"SOS-2PBPA3"
"19611";"SOS-2PBPP1";"SOS-2PBPP1"
"19612";"SOS-2PBPP2";"SOS-2PBPP2"
"19613";"SOS-2PBPP3";"SOS-2PBPP3"
"19619";"SOS-2SACP1";"SOS-2SACP1"
"19630";"SOS-2T7CP1";"SOS-2T7CP1"
"19624";"SOS-2T7PCA1";"SOS-2T7PCA1"
"19625";"SOS-2T7PCA2";"SOS-2T7PCA2"
"19626";"SOS-2T7PCA3";"SOS-2T7PCA3"
"19627";"SOS-2T7PCP1";"SOS-2T7PCP1"
"19628";"SOS-2T7PCP2";"SOS-2T7PCP2"
"19629";"SOS-2T7PCP3";"SOS-2T7PCP3"
"19621";"SOS-87B";"SOS-87B"
"16367";"SOS-DM705-01";"SOS-DM705-01"
"16370";"SOS-DM705-02";"SOS-DM705-02"
"16371";"SOS-DM880-01";"SOS-DM880-01"
"16369";"SOS-DM880-02";"SOS-DM880-02"
"14705";"SOSRDP_230_1";"SOSRDP_230_1"
"16894";"SOSRDP_230_11";"SOSRDP_230_11"
"14706";"SOSRDP_230_2";"SOSRDP_230_2"
"16895";"SOSRDP_230_21";"SOSRDP_230_21"
"14707";"SOSRDP_230_3";"SOSRDP_230_3"
"17200";"sos-sw1";"sos-sw1"
"17201";"sos-sw2";"sos-sw2"
"16817";"sos-tmo";"sos-tmo"
"20026";"SOSTW_525_1";"SOSTW_525_1"
"14347";"SOS-UCS1";"SOS-UCS1"
"16338";"SOS-UCS1-alta";"SOS-UCS1-alta"
"14348";"SOS-UCS2";"SOS-UCS2"
"16339";"SOS-UCS2-baixa";"SOS-UCS2-baixa"
"14516";"SPA2_HL1";"SPA2_HL1"
"14517";"SPA2_HL2";"SPA2_HL2"
"13909";"SPA2_HOTLINES";"SPA2_HOTLINES"
"15656";"SPA2_HOTLINES_eth1";"SPA2_HOTLINES_eth1"
"15657";"SPA2_HOTLINES_eth2";"SPA2_HOTLINES_eth2"
"11989";"SPA2_PRI";"SPA2_PRI"
"11990";"SPA2_SEC";"SPA2_SEC"
"19638";"SPA2-1BPCP1";"SPA2-1BPCP1"
"19639";"SPA2-1BPPP1";"SPA2-1BPPP1"
"19651";"SPA2-1L1PP1";"SPA2-1L1PP1"
"19652";"SPA2-1L1PR1";"SPA2-1L1PR1"
"19653";"SPA2-1L2PP1";"SPA2-1L2PP1"
"19654";"SPA2-1L2PR1";"SPA2-1L2PR1"
"19655";"SPA2-1T1CP1";"SPA2-1T1CP1"
"19662";"SPA2-1T2BU1";"SPA2-1T2BU1"
"19663";"SPA2-1T2CP1";"SPA2-1T2CP1"
"19645";"SPA2-5A1CD1";"SPA2-5A1CD1"
"19646";"SPA2-5A1CP1";"SPA2-5A1CP1"
"19660";"SPA2-5B1CD1";"SPA2-5B1CD1"
"19661";"SPA2-5B1CP1";"SPA2-5B1CP1"
"19667";"SPA2-5B2CD1";"SPA2-5B2CD1"
"19668";"SPA2-5B2CP1";"SPA2-5B2CP1"
"19640";"SPA2-5BAPP1";"SPA2-5BAPP1"
"19641";"SPA2-5BBPP1";"SPA2-5BBPP1"
"19635";"SPA2-5C1CD1";"SPA2-5C1CD1"
"19636";"SPA2-5C1CP1";"SPA2-5C1CP1"
"19637";"SPA2-5C1PP1";"SPA2-5C1PP1"
"19643";"SPA2-5LA1PA1";"SPA2-5LA1PA1"
"19644";"SPA2-5LA1PP1";"SPA2-5LA1PP1"
"19649";"SPA2-5R1CD1";"SPA2-5R1CD1"
"19650";"SPA2-5R1CP1";"SPA2-5R1CP1"
"19647";"SPA2-5R1PA1";"SPA2-5R1PA1"
"19648";"SPA2-5R1PP1";"SPA2-5R1PP1"
"19642";"SPA2-5SACP1";"SPA2-5SACP1"
"19656";"SPA2-5T1PA1";"SPA2-5T1PA1"
"19657";"SPA2-5T1PA2";"SPA2-5T1PA2"
"19658";"SPA2-5T1PP1";"SPA2-5T1PP1"
"19659";"SPA2-5T1PP2";"SPA2-5T1PP2"
"19664";"SPA2-5T2BU1";"SPA2-5T2BU1"
"19665";"SPA2-5T2PA1";"SPA2-5T2PA1"
"19666";"SPA2-5T2PP1";"SPA2-5T2PP1"
"16616";"SPA2-DM705-01";"SPA2-DM705-01"
"16617";"SPA2-DM705-02";"SPA2-DM705-02"
"16512";"SPA2-DM880-01";"SPA2-DM880-01"
"16513";"SPA2-DM880-02";"SPA2-DM880-02"
"14708";"SPA2RDP525_1";"SPA2RDP525_1"
"10633";"spa2-rgr-40.169";"spa2-rgr-40.169"
"17202";"spa2-sw1";"spa2-sw1"
"17203";"spa2-sw2";"spa2-sw2"
"14174";"SPA2-UCS1";"SPA2-UCS1"
"16340";"SPA2-UCS1-alta";"SPA2-UCS1-alta"
"14175";"SPA2-UCS2";"SPA2-UCS2"
"16341";"SPA2-UCS2-baixa";"SPA2-UCS2-baixa"
"19669";"SPA2-USD952B2";"SPA2-USD952B2"
"14518";"SSA_HL1";"SSA_HL1"
"14519";"SSA_HL2";"SSA_HL2"
"13910";"SSA_HOTLINES";"SSA_HOTLINES"
"15658";"SSA_HOTLINES_eth1";"SSA_HOTLINES_eth1"
"15659";"SSA_HOTLINES_eth2";"SSA_HOTLINES_eth2"
"13812";"SSA_PRI";"SSA_PRI"
"13971";"SSA_SEC";"SSA_SEC"
"19683";"SSA-1DACD1";"SSA-1DACD1"
"19684";"SSA-1DACP1";"SSA-1DACP1"
"19685";"SSA-1DAPP1";"SSA-1DAPP1"
"19688";"SSA-1DCCD1";"SSA-1DCCD1"
"19689";"SSA-1DCCP1";"SSA-1DCCP1"
"19690";"SSA-1DCPP1";"SSA-1DCPP1"
"19686";"SSA-1LAPA1";"SSA-1LAPA1"
"19687";"SSA-1LAPP1";"SSA-1LAPP1"
"19677";"SSA-21A";"SSA-21A"
"19676";"SSA-21P";"SSA-21P"
"19682";"SSA-21PA1";"SSA-21PA1"
"19681";"SSA-21PP1";"SSA-21PP1"
"19680";"SSA-25";"SSA-25"
"19672";"SSA-5C3CD1";"SSA-5C3CD1"
"19673";"SSA-5C3CP1";"SSA-5C3CP1"
"19678";"SSA-5C5CD1";"SSA-5C5CD1"
"19679";"SSA-5C5CP1";"SSA-5C5CP1"
"19674";"SSA-5L5CD1";"SSA-5L5CD1"
"19675";"SSA-5L5CP1";"SSA-5L5CP1"
"19670";"SSA-5L9CD1";"SSA-5L9CD1"
"19671";"SSA-5L9CP1";"SSA-5L9CP1"
"16376";"SSA-DM705-01";"SSA-DM705-01"
"16377";"SSA-DM705-02";"SSA-DM705-02"
"16374";"SSA-DM880-01";"SSA-DM880-01"
"16375";"SSA-DM880-02";"SSA-DM880-02"
"14709";"SSARDP_525_1";"SSARDP_525_1"
"14710";"SSARDP_525_2";"SSARDP_525_2"
"14711";"SSARDP_525_3";"SSARDP_525_3"
"14712";"SSARDP_525_4";"SSARDP_525_4"
"17204";"ssa-sw1";"ssa-sw1"
"17205";"ssa-sw2";"ssa-sw2"
"16818";"ssa-tmo";"ssa-tmo"
"20006";"SSATW_525_1";"SSATW_525_1"
"14351";"SSA-UCS1";"SSA-UCS1"
"16342";"SSA-UCS1-alta";"SSA-UCS1-alta"
"14352";"SSA-UCS2";"SSA-UCS2"
"16343";"SSA-UCS2-baixa";"SSA-UCS2-baixa"
"14520";"STA_HL1";"STA_HL1"
"14521";"STA_HL2";"STA_HL2"
"13911";"STA_HOTLINES";"STA_HOTLINES"
"15660";"STA_HOTLINES_eth1";"STA_HOTLINES_eth1"
"15661";"STA_HOTLINES_eth2";"STA_HOTLINES_eth2"
"13811";"STA_PRI";"STA_PRI"
"13972";"STA_SEC";"STA_SEC"
"19726";"STA-1DACD1";"STA-1DACD1"
"19727";"STA-1DACP1";"STA-1DACP1"
"19728";"STA-1DAPP1";"STA-1DAPP1"
"19741";"STA-1DBPP1";"STA-1DBPP1"
"19729";"STA-1DCCD1";"STA-1DCCD1"
"19730";"STA-1DCCP1";"STA-1DCCP1"
"19731";"STA-1DCPP1";"STA-1DCPP1"
"19724";"STA-1RACD1";"STA-1RACD1"
"19725";"STA-1RACP1";"STA-1RACP1"
"19722";"STA-1RAPA1";"STA-1RAPA1"
"19723";"STA-1RAPA2";"STA-1RAPA2"
"19721";"STA-1RAPP1";"STA-1RAPP1"
"19739";"STA-1T1CD1";"STA-1T1CD1"
"19740";"STA-1T1CP1";"STA-1T1CP1"
"19743";"STA-1T1PA1";"STA-1T1PA1"
"19742";"STA-1T1PP1";"STA-1T1PP1"
"19767";"STA-2DACP1";"STA-2DACP1"
"19768";"STA-2DAPP1";"STA-2DAPP1"
"19702";"STA-2DCCP1";"STA-2DCCP1"
"19750";"STA-2DCPA2";"STA-2DCPA2"
"19703";"STA-2DCPP1";"STA-2DCPP1"
"19751";"STA-2DCPP2";"STA-2DCPP2"
"19734";"STA-2L4CD1";"STA-2L4CD1"
"19735";"STA-2L4CP1";"STA-2L4CP1"
"19717";"STA-2L5CD1";"STA-2L5CD1"
"19718";"STA-2L5CP1";"STA-2L5CP1"
"19698";"STA-2L7CD1";"STA-2L7CD1"
"19699";"STA-2L7CD2";"STA-2L7CD2"
"19700";"STA-2L7CP1";"STA-2L7CP1"
"19701";"STA-2L7CP2";"STA-2L7CP2"
"19696";"STA-2L7PA1";"STA-2L7PA1"
"19697";"STA-2L7PP1";"STA-2L7PP1"
"19764";"STA-2LACP1";"STA-2LACP1"
"19765";"STA-2LAPA2";"STA-2LAPA2"
"19766";"STA-2LAPP2";"STA-2LAPP2"
"19712";"STA-2SACP1";"STA-2SACP1"
"19713";"STA-2SACP2";"STA-2SACP2"
"19746";"STA-2T2CD1";"STA-2T2CD1"
"19747";"STA-2T2CP1";"STA-2T2CP1"
"19749";"STA-2T2PA1";"STA-2T2PA1"
"19748";"STA-2T2PP1";"STA-2T2PP1"
"19756";"STA-2T3CD1";"STA-2T3CD1"
"19757";"STA-2T3CP1";"STA-2T3CP1"
"19694";"STA-3DACP1";"STA-3DACP1"
"19695";"STA-3DAPP1";"STA-3DAPP1"
"19706";"STA-3DCCP1";"STA-3DCCP1"
"19760";"STA-3DCPA2";"STA-3DCPA2"
"19707";"STA-3DCPP1";"STA-3DCPP1"
"19761";"STA-3DCPP2";"STA-3DCPP2"
"19691";"STA-3LACP1";"STA-3LACP1"
"19692";"STA-3LAPA2";"STA-3LAPA2"
"19693";"STA-3LAPP2";"STA-3LAPP2"
"19759";"STA-3T3PA1";"STA-3T3PA1"
"19758";"STA-3T3PP1";"STA-3T3PP1"
"19704";"STA-5C2CD1";"STA-5C2CD1"
"19705";"STA-5C2CP1";"STA-5C2CP1"
"19708";"STA-5C3CD1";"STA-5C3CD1"
"19709";"STA-5C3CP1";"STA-5C3CP1"
"19719";"STA-5R1PA1";"STA-5R1PA1"
"19720";"STA-5R1PP1";"STA-5R1PP1"
"19716";"STA-5SACP1";"STA-5SACP1"
"19752";"STA-5T2CD1";"STA-5T2CD1"
"19753";"STA-5T2CP1";"STA-5T2CP1"
"19762";"STA-5T3CD1";"STA-5T3CD1"
"19763";"STA-5T3CP1";"STA-5T3CP1"
"16618";"STA-DM705-01";"STA-DM705-01"
"16514";"STA-DM880-01";"STA-DM880-01"
"19732";"STA-L04PA1";"STA-L04PA1"
"19733";"STA-L04PP1";"STA-L04PP1"
"19714";"STA-OBAPP1";"STA-OBAPP1"
"19715";"STA-OBBPP1";"STA-OBBPP1"
"14713";"STARDP_230_1";"STARDP_230_1"
"14714";"STARDP_230_2";"STARDP_230_2"
"14715";"STARDP_525_1";"STARDP_525_1"
"14716";"STARDP_525_2";"STARDP_525_2"
"11383";"sta-rgr-40.7";"sta-rgr-40.7"
"19736";"STA-TF1BF1";"STA-TF1BF1"
"19737";"STA-TF1CD1";"STA-TF1CD1"
"19738";"STA-TF1CP1";"STA-TF1CP1"
"19744";"STA-TF2BF1";"STA-TF2BF1"
"19745";"STA-TF2BF2";"STA-TF2BF2"
"19754";"STA-TF3BF1";"STA-TF3BF1"
"19755";"STA-TF3BF2";"STA-TF3BF2"
"19710";"STA-TIECD1";"STA-TIECD1"
"19711";"STA-TIECP1";"STA-TIECP1"
"16819";"sta-tmo";"sta-tmo"
"19770";"STIV-87L_21A";"STIV-87L_21A"
"19769";"STIV-87L_21P";"STIV-87L_21P"
"15891";"svrbig-ControlOne-Bacula";"svrbig-ControlOne-Bacula"
"14899";"SVRBIGTELMGMT-Controlone";"SVRBIGTELMGMT-Controlone"
"15903";"svrbig-UCM153-ControlOne-Backup";"svrbig-UCM153-ControlOne-Backup"
"15902";"svrbig-UCM-ControlOne";"svrbig-UCM-ControlOne"
"15876";"10.3.65.100";"SVRBLUSMTCFTV-P01"
"14862";"SVRBLUSMT-P01-MGMT-CFTV";"SVRBLUSMT-P01-MGMT-CFTV"
"15678";"SVRCBATEL-P01";"SVRCBATEL-P01"
"15679";"SVRCGRTEL-P01";"SVRCGRTEL-P01"
"15877";"10.3.64.100";"SVRCNOSMTCFTV-P01"
"14863";"SVRCNOSMT-P01-MGMT-CFTV";"SVRCNOSMT-P01-MGMT-CFTV"
"15680";"SVRDOUTEL-P01";"SVRDOUTEL-P01"
"14943";"SVRdro_SNMP";"SVRdro_SNMP"
"14921";"SVRDROSMT-P10";"SVRDROSMT-P10"
"15912";"SVRDROTEL-P01-SNEP";"SVRDROTEL-P01-SNEP"
"15681";"SVRFARTEL-P01";"SVRFARTEL-P01"
"14916";"SVRGERPADTEC1 SEDE";"SVRGERPADTEC1 SEDE"
"14915";"SVRGERPADTEC2 DRO";"SVRGERPADTEC2 DRO"
"15682";"SVRGRATEL-P01";"SVRGRATEL-P01"
"15683";"SVRJOITEL-P01";"SVRJOITEL-P01"
"15878";"10.3.32.101";"SVRLONSMTCFTV-P01"
"14864";"SVRLONSMT-P01-MGMT-CFTV";"SVRLONSMT-P01-MGMT-CFTV"
"15879";"10.3.89.100";"SVRNSRSMTCFTV-P01"
"14865";"SVRNSRSMT-P01-MGMT-CFTV";"SVRNSRSMT-P01-MGMT-CFTV"
"16359";"SVRsede_SNMP";"SVRsede_SNMP"
"15892";"svrsede-ControlOne-Bacula";"svrsede-ControlOne-Bacula"
"15986";"SVRSEDE-GRAFANA";"SVRSEDE-GRAFANA"
"15918";"SVRSEDEINFR-P02-SNEP";"SVRSEDEINFR-P02-SNEP"
"15875";"10.3.1.100";"SVRSEDESMTCFTV-P01"
"14861";"SVRSEDESMT-P01-MGMT-CFTV";"SVRSEDESMT-P01-MGMT-CFTV"
"14917";"SVRSEDESMT-P10";"SVRSEDESMT-P10"
"16131";"svrsedesmt-p14";"svrsedesmt-p14"
"14900";"SVRSEDETELMGMT-Controlone";"SVRSEDETELMGMT-Controlone"
"15911";"SVRSEDETEL-P02-SNEP";"SVRSEDETEL-P02-SNEP"
"15684";"SVRSEDETEL-P03";"SVRSEDETEL-P03"
"15685";"SVRSEDETEL-P04";"SVRSEDETEL-P04"
"15686";"SVRSEDETEL-P05";"SVRSEDETEL-P05"
"15905";"svrsede-UCM153-ControlOne";"svrsede-UCM153-ControlOne"
"15904";"svrsede-UCM-ControlOne";"svrsede-UCM-ControlOne"
"14866";"SVRSED-TELECOM-MGMT";"SVRSED-TELECOM-MGMT"
"15687";"SVRSERTTEL-P01";"SVRSERTTEL-P01"
"15688";"SVRXANTEL-P01";"SVRXANTEL-P01"
"12248";"SW Gerencia";"SW Gerencia"
"11556";"172.16.71.174";"SW_SAGE_BLU_RedeAlta"
"11554";"172.16.71.46";"SW_SAGE_BLU_RedeBaixa"
"10381";"SW3-ABT";"SW3-ABT"
"10403";"SW3-ALE";"SW3-ALE"
"10411";"SW3-ANA";"SW3-ANA"
"10467";"SW3-ARE";"SW3-ARE"
"12263";"SW3-ARE-AUX";"SW3-ARE-AUX"
"12262";"SW3-ARE-Escr";"SW3-ARE-Escr"
"19909";"SW3-ASS";"SW3-ASS"
"10414";"SW3-ATL2";"SW3-ATL2"
"10425";"SW3-BGE";"SW3-BGE"
"10464";"SW3-BIG";"SW3-BIG"
"10390";"SW3-BLU";"SW3-BLU"
"12148";"SW3-BLU-Comunicacao";"SW3-BLU-Comunicacao"
"10459";"SW3-BRU";"SW3-BRU"
"10375";"SW3-CAM3";"SW3-CAM3"
"10388";"SW3-CAN";"SW3-CAN"
"10475";"SW3-CAP_JLB";"SW3-CAP_JLB"
"12516";"SW3-CAP-Comunicacao";"SW3-CAP-Comunicacao"
"10395";"SW3-CAX";"SW3-CAX"
"12257";"SW3-CAX5";"SW3-CAX5"
"16040";"SW3-CAX6";"SW3-CAX6"
"10456";"10.6.19.1";"SW3-CBA"
"19998";"SW3-CBA-Almoxarifado";"SW3-CBA-Almoxarifado"
"20027";"10.6.19.10";"SW3-CBA-Central"
"12522";"10.6.19.5";"SW3-CBA-Central2"
"12510";"SW3-CBA-Convivencia";"SW3-CBA-Convivencia"
"12523";"SW3-CBA-Oficina";"SW3-CBA-Oficina"
"10393";"10.6.68.1";"SW3-CCH"
"10455";"SW3-CGR";"SW3-CGR"
"12251";"SW3-CGR-ADM";"SW3-CGR-ADM"
"12252";"SW3-CGR-Manut";"SW3-CGR-Manut"
"16074";"SW3-CHA";"SW3-CHA"
"16072";"SW3-CHA_sala_intermed";"SW3-CHA_sala_intermed"
"16073";"SW3-CHA_sala_manut";"SW3-CHA_sala_manut"
"10389";"SW3-CMO";"SW3-CMO"
"16041";"SW3-CNE";"SW3-CNE"
"12397";"SW3-CNG2";"SW3-CNG2"
"16042";"SW3-CNG3";"SW3-CNG3"
"10354";"SW3-CNO";"SW3-CNO"
"10387";"SW3-CRLIV";"SW3-CRLIV"
"20033";"SW3-CSE";"SW3-CSE"
"10376";"SW3-CTA";"SW3-CTA"
"17273";"SW3-CVO";"SW3-CVO"
"10476";"SW3-DOU";"SW3-DOU"
"12249";"SW3-DOU-AUX";"SW3-DOU-AUX"
"12250";"SW3-DOU-Linhas";"SW3-DOU-Linhas"
"10424";"SW3-DPO";"SW3-DPO"
"11899";"SW3-DRO-1";"SW3-DRO-1"
"12489";"SW3-DRO101-DM";"SW3-DRO101-DM"
"12490";"SW3-DRO102-DM";"SW3-DRO102-DM"
"12149";"SW3-DRO-2";"SW3-DRO-2"
"12273";"SW3-DRO-AUX";"SW3-DRO-AUX"
"10470";"SW3-FAR";"SW3-FAR"
"12521";"SW3-FAR-Escr";"SW3-FAR-Escr"
"10473";"SW3-FCO";"SW3-FCO"
"10384";"SW3-FHA";"SW3-FHA"
"10458";"SW3-GAR1";"SW3-GAR1"
"10408";"SW3-GAS2";"SW3-GAS2"
"10398";"SW3-GRA";"SW3-GRA"
"10463";"SW3-GRA3";"SW3-GRA3"
"11903";"SW3-GRA-CLI";"SW3-GRA-CLI"
"10373";"SW3-GRT";"SW3-GRT"
"12241";"SW3-GUA";"SW3-GUA"
"15737";"SW3-GUA3";"SW3-GUA3"
"12238";"SW3-GUO";"SW3-GUO"
"12147";"SW3-IJU2";"SW3-IJU2"
"10386";"SW3-IJU2-CLI";"SW3-IJU2-CLI"
"12240";"SW3-IRN";"SW3-IRN"
"10396";"SW3-ITJ";"SW3-ITJ"
"10382";"SW3-ITR";"SW3-ITR"
"10457";"SW3-IVI2";"SW3-IVI2"
"10471";"SW3-IVP";"SW3-IVP"
"16840";"SW3-JAS";"SW3-JAS"
"10465";"SW3-JNO";"SW3-JNO"
"10468";"SW3-JOI";"SW3-JOI"
"12256";"SW3-JOI-ESCRI";"SW3-JOI-ESCRI"
"19931";"SW3-JSU";"SW3-JSU"
"10474";"SW3-LAR";"SW3-LAR"
"12236";"SW3-LAR-Escritorio";"SW3-LAR-Escritorio"
"10405";"SW3-LGR";"SW3-LGR"
"10394";"SW3-LIV2";"SW3-LIV2"
"12396";"SW3-LIV3";"SW3-LIV3"
"10430";"SW3-LNS";"SW3-LNS"
"10466";"SW3-LON";"SW3-LON"
"12390";"SW3-LON-AUX";"SW3-LON-AUX"
"15748";"SW3-MBR";"SW3-MBR"
"15745";"SW3-MBR3";"SW3-MBR3"
"10406";"SW3-MCH";"SW3-MCH"
"10407";"SW3-MCL";"SW3-MCL"
"13388";"SW3-MIM2";"SW3-MIM2"
"13389";"SW3-MIM2-DM4050";"SW3-MIM2-DM4050"
"10400";"SW3-MIS";"SW3-MIS"
"10377";"SW3-MRO2";"SW3-MRO2"
"12258";"SW3-NPE2";"SW3-NPE2"
"10416";"SW3-NPR2";"SW3-NPR2"
"10410";"SW3-NSR";"SW3-NSR"
"10413";"SW3-OSO2";"SW3-OSO2"
"10477";"SW3-PAL";"SW3-PAL"
"10427";"SW3-PEL3";"SW3-PEL3"
"10402";"SW3-PFU";"SW3-PFU"
"11898";"SW3-PFU-CLI";"SW3-PFU-CLI"
"10428";"SW3-PGR";"SW3-PGR"
"10426";"SW3-PHM";"SW3-PHM"
"10422";"SW3-PIN2";"SW3-PIN2"
"10420";"SW3-PLT";"SW3-PLT"
"12245";"SW3-PME-Ebras";"SW3-PME-Ebras"
"10415";"SW3-PME-Esul";"SW3-PME-Esul"
"10380";"SW3-PNO";"SW3-PNO"
"15706";"SW3-PNO460";"SW3-PNO460"
"12128";"SW3-POA-PTT-RNP";"SW3-POA-PTT-RNP"
"10378";"SW3-QUI";"SW3-QUI"
"10555";"SW3-RGR-ABT-20.166.125";"SW3-RGR-ABT-20.166.125"
"10556";"SW3-RGR-ARE-16.70.253";"SW3-RGR-ARE-16.70.253"
"10510";"SW3-RGR-ASS-68.254";"SW3-RGR-ASS-68.254"
"10481";"SW3-RGR-BIG-19.16.5";"SW3-RGR-BIG-19.16.5"
"15996";"SW3-RGR-BIG-19.16.6";"SW3-RGR-BIG-19.16.6"
"10482";"SW3-RGR-BLU-24.254";"SW3-RGR-BLU-24.254"
"10535";"SW3-RGR-CAN-25.254";"SW3-RGR-CAN-25.254"
"10483";"SW3-RGR-CAX-26.254";"SW3-RGR-CAX-26.254"
"15783";"SW3-RGR-CBA-32.186";"SW3-RGR-CBA-32.186"
"10512";"SW3-RGR-CCH-75.254";"SW3-RGR-CCH-75.254"
"10485";"SW3-RGR-CMO-31.254";"SW3-RGR-CMO-31.254"
"10486";"SW3-RGR-CNO-32.254";"SW3-RGR-CNO-32.254"
"10487";"SW3-RGR-DRO-34.254";"SW3-RGR-DRO-34.254"
"10560";"SW3-RGR-FCO-20.141.125";"SW3-RGR-FCO-20.141.125"
"10561";"SW3-RGR-GAS2-20.167.125";"SW3-RGR-GAS2-20.167.125"
"10508";"SW3-RGR-GRA3-62.254";"SW3-RGR-GRA3-62.254"
"10489";"SW3-RGR-GRA-38.254";"SW3-RGR-GRA-38.254"
"10567";"SW3-RGR-IJU2-20.137.125";"SW3-RGR-IJU2-20.137.125"
"10491";"SW3-RGR-ITJ-40.254";"SW3-RGR-ITJ-40.254"
"10492";"SW3-RGR-IVP-41.254";"SW3-RGR-IVP-41.254"
"10493";"SW3-RGR-JLB-43.254";"SW3-RGR-JLB-43.254"
"10509";"SW3-RGR-JNO-67.254";"SW3-RGR-JNO-67.254"
"10494";"SW3-RGR-JOI-44.254";"SW3-RGR-JOI-44.254"
"10495";"SW3-RGR-LGR-45.254";"SW3-RGR-LGR-45.254"
"10513";"SW3-RGR-LIV2-78.254";"SW3-RGR-LIV2-78.254"
"10496";"SW3-RGR-LON-46.254";"SW3-RGR-LON-46.254"
"10511";"SW3-RGR-MIS-70.254";"SW3-RGR-MIS-70.254"
"10499";"SW3-RGR-NSR-49.254";"SW3-RGR-NSR-49.254"
"11769";"SW3-RGR-ONS-SAL";"SW3-RGR-ONS-SAL"
"11768";"SW3-RGR-ONS-SAR";"SW3-RGR-ONS-SAR"
"10507";"SW3-RGR-OSO2-60.254";"SW3-RGR-OSO2-60.254"
"10500";"SW3-RGR-PAL-50.254";"SW3-RGR-PAL-50.254"
"10501";"SW3-RGR-PFU-51.254";"SW3-RGR-PFU-51.254"
"10572";"SW3-RGR-SED1";"SW3-RGR-SED1"
"10573";"SW3-RGR-SED2";"SW3-RGR-SED2"
"10479";"SW3-RGR-SED94-18.254";"SW3-RGR-SED94-18.254"
"11380";"SW3-RGR-SID-52.254";"SW3-RGR-SID-52.254"
"10503";"SW3-RGR-SOS-53.254";"SW3-RGR-SOS-53.254"
"11382";"SW3-RGR-SSA-54.254";"SW3-RGR-SSA-54.254"
"11384";"SW3-RGR-STA-55.254";"SW3-RGR-STA-55.254"
"10736";"SW3-RGR-UHPJ-72.254";"SW3-RGR-UHPJ-72.254"
"11386";"SW3-RGR-XAN-58.254";"SW3-RGR-XAN-58.254"
"10417";"SW3-RRS";"SW3-RRS"
"10460";"SW3-SCR1";"SW3-SCR1"
"12242";"SW3-SDI";"SW3-SDI"
"12514";"SW3-SED-Auditorio";"SW3-SED-Auditorio"
"10358";"SW3-SED-CPD01";"SW3-SED-CPD01"
"11897";"SW3-SED-CPD02";"SW3-SED-CPD02"
"12515";"SW3-SED-CPD03";"SW3-SED-CPD03"
"12511";"SW3-SED-Rack-B";"SW3-SED-Rack-B"
"10452";"SW3-SED-SALACOM";"SW3-SED-SALACOM"
"12150";"SW3-SED-TEL-PRI";"SW3-SED-TEL-PRI"
"12151";"SW3-SED-TEL-SEC";"SW3-SED-TEL-SEC"
"10409";"SW3-SER";"SW3-SER"
"12518";"SW3-SER_DEME-1";"SW3-SER_DEME-1"
"12512";"SW3-SER-Auditorio";"SW3-SER-Auditorio"
"12513";"SW3-SER-DEML";"SW3-SER-DEML"
"12517";"SW3-SER-SMPAL";"SW3-SER-SMPAL"
"10383";"SW3-SID";"SW3-SID"
"10419";"SW3-SMA";"SW3-SMA"
"12264";"SW3-SMA3";"SW3-SMA3"
"10401";"SW3-SOS";"SW3-SOS"
"12244";"SW3-SPA2";"SW3-SPA2"
"10374";"SW3-SPA2-TSLE";"SW3-SPA2-TSLE"
"10392";"SW3-SRO";"SW3-SRO"
"12272";"SW3-SSA";"SW3-SSA"
"10391";"SW3-STA";"SW3-STA"
"11901";"SW3-STA-CLI";"SW3-STA-CLI"
"11900";"SW3-STA-CLI2";"SW3-STA-CLI2"
"12519";"SW3-STA-Escri";"SW3-STA-Escri"
"10418";"SW3-SVI";"SW3-SVI"
"12046";"SW3-TDM-ALE";"SW3-TDM-ALE"
"12049";"SW3-TDM-BGE";"SW3-TDM-BGE"
"12024";"SW3-TDM-BLU";"SW3-TDM-BLU"
"12037";"SW3-TDM-CAX";"SW3-TDM-CAX"
"12026";"SW3-TDM-CBA";"SW3-TDM-CBA"
"12027";"SW3-TDM-CGR";"SW3-TDM-CGR"
"12030";"SW3-TDM-CMO";"SW3-TDM-CMO"
"12035";"SW3-TDM-CNO";"SW3-TDM-CNO"
"12025";"SW3-TDM-DOU";"SW3-TDM-DOU"
"12034";"SW3-TDM-DRO";"SW3-TDM-DRO"
"12036";"SW3-TDM-GRA";"SW3-TDM-GRA"
"15990";"SW3-TDM-GUA";"SW3-TDM-GUA"
"12039";"SW3-TDM-IJU2-CLI";"SW3-TDM-IJU2-CLI"
"12028";"SW3-TDM-IVP";"SW3-TDM-IVP"
"12048";"SW3-TDM-LIV2";"SW3-TDM-LIV2"
"12029";"SW3-TDM-LON";"SW3-TDM-LON"
"12042";"SW3-TDM-NSR";"SW3-TDM-NSR"
"12040";"SW3-TDM-PFU-CLI";"SW3-TDM-PFU-CLI"
"12051";"SW3-TDM-PLT";"SW3-TDM-PLT"
"12050";"SW3-TDM-PME-Esul";"SW3-TDM-PME-Esul"
"12129";"10.6.53.2";"SW3-TDM-PNO"
"12052";"SW3-TDM-QUI";"SW3-TDM-QUI"
"12045";"SW3-TDM-RRS";"SW3-TDM-RRS"
"12043";"SW3-TDM-SCR1";"SW3-TDM-SCR1"
"12033";"SW3-TDM-SED-CPD01";"SW3-TDM-SED-CPD01"
"12031";"SW3-TDM-SED-CPD02";"SW3-TDM-SED-CPD02"
"12044";"SW3-TDM-SMA";"SW3-TDM-SMA"
"12041";"SW3-TDM-STA-CLI";"SW3-TDM-STA-CLI"
"12047";"SW3-TDM-UTUR";"SW3-TDM-UTUR"
"12038";"SW3-TDM-XAN";"SW3-TDM-XAN"
"10399";"SW3-TPR2";"SW3-TPR2"
"10461";"SW3-UHBC";"SW3-UHBC"
"12255";"SW3-UHJB";"SW3-UHJB"
"10412";"SW3-UHPJ";"SW3-UHPJ"
"10385";"SW3-UHSD_QTL_1";"SW3-UHSD_QTL_1"
"12253";"SW3-UHSD-QTL_12";"SW3-UHSD-QTL_12"
"10423";"SW3-UTUR";"SW3-UTUR"
"10429";"SW3-VIN";"SW3-VIN"
"12243";"SW3-VMT";"SW3-VMT"
"10469";"SW3-XAN";"SW3-XAN"
"19999";"SW3-XAN-Almoxarifado";"SW3-XAN-Almoxarifado"
"12274";"SW3-XAN-Escr";"SW3-XAN-Escr"
"20000";"SW3-XAN-Oficina";"SW3-XAN-Oficina"
"10379";"SW3-YTA";"SW3-YTA"
"16078";"SW-CNG2-CFTV";"SW-CNG2-CFTV"
"16077";"SW-CNG3-CFTV";"SW-CNG3-CFTV"
"16384";"SW-DRO-STO04-02";"SW-DRO-STO04-02"
"16091";"Switch SEL-9330-A rack 1 - 106";"Switch SEL-9330-A rack 1 - 106"
"16084";"Switch SEL-9330-A rack1 - 104";"Switch SEL-9330-A rack1 - 104"
"16841";"SW-JAS-CFTV";"SW-JAS-CFTV"
"16079";"SW-LIV3-CFTV";"SW-LIV3-CFTV"
"20058";"SW-NVE-1";"SW-NVE-1"
"11803";"SW-RGR-SED94B";"SW-RGR-SED94B"
"12237";"SW-SED-CPD_Gerencia_2";"SW-SED-CPD_Gerencia_2"
"16385";"SW-SED-STO03-02";"SW-SED-STO03-02"
"16119";"SW-UHSD-TomadaDAgua";"SW-UHSD-TomadaDAgua"
"16118";"SW-UHSD-Vertedouro";"SW-UHSD-Vertedouro"
"14884";"TEL_BIG_SAT_1";"TEL_BIG_SAT_1"
"14885";"TEL_BIG_SAT_2";"TEL_BIG_SAT_2"
"14886";"TEL_BIG_SAT_3";"TEL_BIG_SAT_3"
"14894";"TEL_COC_SAT_NORTE";"TEL_COC_SAT_NORTE"
"14895";"TEL_COC_SAT_RESERVA";"TEL_COC_SAT_RESERVA"
"14893";"TEL_COC_SAT_SUL";"TEL_COC_SAT_SUL"
"14890";"TEL_COSE_SAT_NORTE";"TEL_COSE_SAT_NORTE"
"14892";"TEL_COSE_SAT_RESERVA";"TEL_COSE_SAT_RESERVA"
"14891";"TEL_COSE_SAT_SUL";"TEL_COSE_SAT_SUL"
"14887";"TEL_SEDE_SAT_1";"TEL_SEDE_SAT_1"
"14888";"TEL_SEDE_SAT_2";"TEL_SEDE_SAT_2"
"14889";"TEL_SEDE_SAT_3";"TEL_SEDE_SAT_3"
"14748";"TEL-CONSOLE-CCT-01";"TEL-CONSOLE-CCT-01"
"14749";"TEL-CONSOLE-CCT-02";"TEL-CONSOLE-CCT-02"
"14770";"TEL-CONSOLE-CCT-03";"TEL-CONSOLE-CCT-03"
"14750";"TEL-CONSOLE-COC-01";"TEL-CONSOLE-COC-01"
"14751";"TEL-CONSOLE-COC-02";"TEL-CONSOLE-COC-02"
"14752";"TEL-CONSOLE-COC-03";"TEL-CONSOLE-COC-03"
"14753";"TEL-CONSOLE-COC-04";"TEL-CONSOLE-COC-04"
"14754";"TEL-CONSOLE-COC-05";"TEL-CONSOLE-COC-05"
"14755";"TEL-CONSOLE-COC-06";"TEL-CONSOLE-COC-06"
"14756";"TEL-CONSOLE-COC-07";"TEL-CONSOLE-COC-07"
"14757";"TEL-CONSOLE-COC-08";"TEL-CONSOLE-COC-08"
"14758";"TEL-CONSOLE-COC-09";"TEL-CONSOLE-COC-09"
"14901";"TEL-CONSOLE-COC-10-PA";"TEL-CONSOLE-COC-10-PA"
"14902";"TEL-CONSOLE-COC-11-PA";"TEL-CONSOLE-COC-11-PA"
"14759";"TEL-CONSOLE-COG-01";"TEL-CONSOLE-COG-01"
"14760";"TEL-CONSOLE-COSE-01";"TEL-CONSOLE-COSE-01"
"14761";"TEL-CONSOLE-COSE-02";"TEL-CONSOLE-COSE-02"
"14762";"TEL-CONSOLE-COSE-03";"TEL-CONSOLE-COSE-03"
"14763";"TEL-CONSOLE-COSE-04";"TEL-CONSOLE-COSE-04"
"14764";"TEL-CONSOLE-COSE-05";"TEL-CONSOLE-COSE-05"
"14765";"TEL-CONSOLE-COSE-06";"TEL-CONSOLE-COSE-06"
"14766";"TEL-CONSOLE-COSE-07";"TEL-CONSOLE-COSE-07"
"14767";"TEL-CONSOLE-COSE-08";"TEL-CONSOLE-COSE-08"
"14768";"TEL-CONSOLE-COSE-09";"TEL-CONSOLE-COSE-09"
"14769";"TEL-CONSOLE-COSE-10";"TEL-CONSOLE-COSE-10"
"15136";"TELECONTROLE_ABT";"TELECONTROLE_ABT"
"15236";"TELECONTROLE_ABT_realA";"TELECONTROLE_ABT_realA"
"15237";"TELECONTROLE_ABT_realB";"TELECONTROLE_ABT_realB"
"14950";"TELECONTROLE_ABT_redeA";"TELECONTROLE_ABT_redeA"
"14949";"TELECONTROLE_ABT_redeB";"TELECONTROLE_ABT_redeB"
"15239";"TELECONTROLE_ABT_rgrA";"TELECONTROLE_ABT_rgrA"
"15238";"TELECONTROLE_ABT_rgrB";"TELECONTROLE_ABT_rgrB"
"15137";"TELECONTROLE_ANA";"TELECONTROLE_ANA"
"15241";"TELECONTROLE_ANA_realA";"TELECONTROLE_ANA_realA"
"15240";"TELECONTROLE_ANA_realB";"TELECONTROLE_ANA_realB"
"14952";"TELECONTROLE_ANA_redeA";"TELECONTROLE_ANA_redeA"
"14951";"TELECONTROLE_ANA_redeB";"TELECONTROLE_ANA_redeB"
"15243";"TELECONTROLE_ANA_rgrA";"TELECONTROLE_ANA_rgrA"
"15242";"TELECONTROLE_ANA_rgrB";"TELECONTROLE_ANA_rgrB"
"15138";"TELECONTROLE_ARE";"TELECONTROLE_ARE"
"15139";"TELECONTROLE_ARE_FW";"TELECONTROLE_ARE_FW"
"14956";"TELECONTROLE_ARE_FW_redeA";"TELECONTROLE_ARE_FW_redeA"
"14955";"TELECONTROLE_ARE_FW_redeB";"TELECONTROLE_ARE_FW_redeB"
"15140";"TELECONTROLE_ASS";"TELECONTROLE_ASS"
"15244";"TELECONTROLE_ASS_realA";"TELECONTROLE_ASS_realA"
"15246";"TELECONTROLE_ASS_realB";"TELECONTROLE_ASS_realB"
"14958";"TELECONTROLE_ASS_redeA";"TELECONTROLE_ASS_redeA"
"14957";"TELECONTROLE_ASS_redeB";"TELECONTROLE_ASS_redeB"
"15245";"TELECONTROLE_ASS_rgrA";"TELECONTROLE_ASS_rgrA"
"15247";"TELECONTROLE_ASS_rgrB";"TELECONTROLE_ASS_rgrB"
"15141";"TELECONTROLE_ATL2";"TELECONTROLE_ATL2"
"15250";"TELECONTROLE_ATL2_realA";"TELECONTROLE_ATL2_realA"
"15248";"TELECONTROLE_ATL2_realB";"TELECONTROLE_ATL2_realB"
"14960";"TELECONTROLE_ATL2_redeA";"TELECONTROLE_ATL2_redeA"
"14959";"TELECONTROLE_ATL2_redeB";"TELECONTROLE_ATL2_redeB"
"15251";"TELECONTROLE_ATL2_rgrA";"TELECONTROLE_ATL2_rgrA"
"15249";"TELECONTROLE_ATL2_rgrB";"TELECONTROLE_ATL2_rgrB"
"15142";"TELECONTROLE_BIG";"TELECONTROLE_BIG"
"15143";"TELECONTROLE_BIG_FW";"TELECONTROLE_BIG_FW"
"14964";"TELECONTROLE_BIG_FW_redeA";"TELECONTROLE_BIG_FW_redeA"
"14963";"TELECONTROLE_BIG_FW_redeB";"TELECONTROLE_BIG_FW_redeB"
"15144";"TELECONTROLE_BLU";"TELECONTROLE_BLU"
"15145";"TELECONTROLE_BLU_FW";"TELECONTROLE_BLU_FW"
"14968";"TELECONTROLE_BLU_FW_redeA";"TELECONTROLE_BLU_FW_redeA"
"14967";"TELECONTROLE_BLU_FW_redeB";"TELECONTROLE_BLU_FW_redeB"
"15146";"TELECONTROLE_CAM3";"TELECONTROLE_CAM3"
"15253";"TELECONTROLE_CAM3_realA";"TELECONTROLE_CAM3_realA"
"15252";"TELECONTROLE_CAM3_realB";"TELECONTROLE_CAM3_realB"
"14970";"TELECONTROLE_CAM3_redeA";"TELECONTROLE_CAM3_redeA"
"14969";"TELECONTROLE_CAM3_redeB";"TELECONTROLE_CAM3_redeB"
"15255";"TELECONTROLE_CAM3_rgrA";"TELECONTROLE_CAM3_rgrA"
"15254";"TELECONTROLE_CAM3_rgrB";"TELECONTROLE_CAM3_rgrB"
"15147";"TELECONTROLE_CAN";"TELECONTROLE_CAN"
"15257";"TELECONTROLE_CAN_realA";"TELECONTROLE_CAN_realA"
"15256";"TELECONTROLE_CAN_realB";"TELECONTROLE_CAN_realB"
"14972";"TELECONTROLE_CAN_redeA";"TELECONTROLE_CAN_redeA"
"14971";"TELECONTROLE_CAN_redeB";"TELECONTROLE_CAN_redeB"
"15259";"TELECONTROLE_CAN_rgrA";"TELECONTROLE_CAN_rgrA"
"15258";"TELECONTROLE_CAN_rgrB";"TELECONTROLE_CAN_rgrB"
"15150";"TELECONTROLE_CAX";"TELECONTROLE_CAX"
"15261";"TELECONTROLE_CAX_realA";"TELECONTROLE_CAX_realA"
"15260";"TELECONTROLE_CAX_realB";"TELECONTROLE_CAX_realB"
"14974";"TELECONTROLE_CAX_redeA";"TELECONTROLE_CAX_redeA"
"14973";"TELECONTROLE_CAX_redeB";"TELECONTROLE_CAX_redeB"
"15263";"TELECONTROLE_CAX_rgrA";"TELECONTROLE_CAX_rgrA"
"15262";"TELECONTROLE_CAX_rgrB";"TELECONTROLE_CAX_rgrB"
"15148";"TELECONTROLE_CAX5";"TELECONTROLE_CAX5"
"15265";"TELECONTROLE_CAX5_realA";"TELECONTROLE_CAX5_realA"
"15264";"TELECONTROLE_CAX5_realB";"TELECONTROLE_CAX5_realB"
"14976";"TELECONTROLE_CAX5_redeA";"TELECONTROLE_CAX5_redeA"
"14975";"TELECONTROLE_CAX5_redeB";"TELECONTROLE_CAX5_redeB"
"15267";"TELECONTROLE_CAX5_rgrA";"TELECONTROLE_CAX5_rgrA"
"15266";"TELECONTROLE_CAX5_rgrB";"TELECONTROLE_CAX5_rgrB"
"15149";"TELECONTROLE_CAX6";"TELECONTROLE_CAX6"
"15269";"TELECONTROLE_CAX6_realA";"TELECONTROLE_CAX6_realA"
"15268";"TELECONTROLE_CAX6_realB";"TELECONTROLE_CAX6_realB"
"14978";"TELECONTROLE_CAX6_redeA";"TELECONTROLE_CAX6_redeA"
"14977";"TELECONTROLE_CAX6_redeB";"TELECONTROLE_CAX6_redeB"
"15270";"TELECONTROLE_CAX6_rgrA";"TELECONTROLE_CAX6_rgrA"
"15271";"TELECONTROLE_CAX6_rgrB";"TELECONTROLE_CAX6_rgrB"
"15151";"TELECONTROLE_CBA";"TELECONTROLE_CBA"
"15272";"TELECONTROLE_CBA_realA";"TELECONTROLE_CBA_realA"
"15273";"TELECONTROLE_CBA_realB";"TELECONTROLE_CBA_realB"
"14980";"TELECONTROLE_CBA_redeA";"TELECONTROLE_CBA_redeA"
"14979";"TELECONTROLE_CBA_redeB";"TELECONTROLE_CBA_redeB"
"15275";"TELECONTROLE_CBA_rgrA";"TELECONTROLE_CBA_rgrA"
"15274";"TELECONTROLE_CBA_rgrB";"TELECONTROLE_CBA_rgrB"
"15152";"TELECONTROLE_CCH";"TELECONTROLE_CCH"
"16068";"TELECONTROLE_CCH_FW_redeA";"TELECONTROLE_CCH_FW_redeA"
"16069";"TELECONTROLE_CCH_FW_redeB";"TELECONTROLE_CCH_FW_redeB"
"15153";"TELECONTROLE_CGR";"TELECONTROLE_CGR"
"15281";"TELECONTROLE_CGR_realA";"TELECONTROLE_CGR_realA"
"15280";"TELECONTROLE_CGR_realB";"TELECONTROLE_CGR_realB"
"14984";"TELECONTROLE_CGR_redeA";"TELECONTROLE_CGR_redeA"
"14983";"TELECONTROLE_CGR_redeB";"TELECONTROLE_CGR_redeB"
"15282";"TELECONTROLE_CGR_rgrA";"TELECONTROLE_CGR_rgrA"
"15283";"TELECONTROLE_CGR_rgrB";"TELECONTROLE_CGR_rgrB"
"15154";"TELECONTROLE_CHA";"TELECONTROLE_CHA"
"15285";"TELECONTROLE_CHA_realA";"TELECONTROLE_CHA_realA"
"15284";"TELECONTROLE_CHA_realB";"TELECONTROLE_CHA_realB"
"14986";"TELECONTROLE_CHA_redeA";"TELECONTROLE_CHA_redeA"
"14985";"TELECONTROLE_CHA_redeB";"TELECONTROLE_CHA_redeB"
"15286";"TELECONTROLE_CHA_rgrA";"TELECONTROLE_CHA_rgrA"
"15287";"TELECONTROLE_CHA_rgrB";"TELECONTROLE_CHA_rgrB"
"15155";"TELECONTROLE_CMO";"TELECONTROLE_CMO"
"15289";"TELECONTROLE_CMO_realA";"TELECONTROLE_CMO_realA"
"15288";"TELECONTROLE_CMO_realB";"TELECONTROLE_CMO_realB"
"14988";"TELECONTROLE_CMO_redeA";"TELECONTROLE_CMO_redeA"
"14987";"TELECONTROLE_CMO_redeB";"TELECONTROLE_CMO_redeB"
"15291";"TELECONTROLE_CMO_rgrA";"TELECONTROLE_CMO_rgrA"
"15290";"TELECONTROLE_CMO_rgrB";"TELECONTROLE_CMO_rgrB"
"16028";"TELECONTROLE_CNE";"TELECONTROLE_CNE"
"16030";"TELECONTROLE_CNE_realA";"TELECONTROLE_CNE_realA"
"16029";"TELECONTROLE_CNE_realB";"TELECONTROLE_CNE_realB"
"16031";"TELECONTROLE_CNE_redeA";"TELECONTROLE_CNE_redeA"
"16032";"TELECONTROLE_CNE_redeB";"TELECONTROLE_CNE_redeB"
"16035";"TELECONTROLE_CNE_rgrA";"TELECONTROLE_CNE_rgrA"
"16034";"TELECONTROLE_CNE_rgrB";"TELECONTROLE_CNE_rgrB"
"15156";"TELECONTROLE_CNG2";"TELECONTROLE_CNG2"
"15293";"TELECONTROLE_CNG2_realA";"TELECONTROLE_CNG2_realA"
"15292";"TELECONTROLE_CNG2_realB";"TELECONTROLE_CNG2_realB"
"14990";"TELECONTROLE_CNG2_redeA";"TELECONTROLE_CNG2_redeA"
"14989";"TELECONTROLE_CNG2_redeB";"TELECONTROLE_CNG2_redeB"
"15294";"TELECONTROLE_CNG2_rgrA";"TELECONTROLE_CNG2_rgrA"
"15295";"TELECONTROLE_CNG2_rgrB";"TELECONTROLE_CNG2_rgrB"
"16163";"TELECONTROLE_CNG3";"TELECONTROLE_CNG3"
"16164";"TELECONTROLE_CNG3_realA";"TELECONTROLE_CNG3_realA"
"16165";"TELECONTROLE_CNG3_realB";"TELECONTROLE_CNG3_realB"
"16166";"TELECONTROLE_CNG3_redeA";"TELECONTROLE_CNG3_redeA"
"16167";"TELECONTROLE_CNG3_redeB";"TELECONTROLE_CNG3_redeB"
"16168";"TELECONTROLE_CNG3_rgrA";"TELECONTROLE_CNG3_rgrA"
"16169";"TELECONTROLE_CNG3_rgrB";"TELECONTROLE_CNG3_rgrB"
"15157";"TELECONTROLE_CNO";"TELECONTROLE_CNO"
"15158";"TELECONTROLE_CNO_FW";"TELECONTROLE_CNO_FW"
"14994";"TELECONTROLE_CNO_FW_redeA";"TELECONTROLE_CNO_FW_redeA"
"14993";"TELECONTROLE_CNO_FW_redeB";"TELECONTROLE_CNO_FW_redeB"
"15159";"TELECONTROLE_CTA";"TELECONTROLE_CTA"
"15296";"TELECONTROLE_CTA_realA";"TELECONTROLE_CTA_realA"
"15297";"TELECONTROLE_CTA_realB";"TELECONTROLE_CTA_realB"
"14996";"TELECONTROLE_CTA_redeA";"TELECONTROLE_CTA_redeA"
"14995";"TELECONTROLE_CTA_redeB";"TELECONTROLE_CTA_redeB"
"15298";"TELECONTROLE_CTA_rgrA";"TELECONTROLE_CTA_rgrA"
"15299";"TELECONTROLE_CTA_rgrB";"TELECONTROLE_CTA_rgrB"
"15160";"TELECONTROLE_CVO";"TELECONTROLE_CVO"
"15300";"TELECONTROLE_CVO_realA";"TELECONTROLE_CVO_realA"
"15302";"TELECONTROLE_CVO_realB";"TELECONTROLE_CVO_realB"
"14998";"TELECONTROLE_CVO_redeA";"TELECONTROLE_CVO_redeA"
"14997";"TELECONTROLE_CVO_redeB";"TELECONTROLE_CVO_redeB"
"15301";"TELECONTROLE_CVO_rgrA";"TELECONTROLE_CVO_rgrA"
"15303";"TELECONTROLE_CVO_rgrB";"TELECONTROLE_CVO_rgrB"
"15161";"TELECONTROLE_DOU";"TELECONTROLE_DOU"
"15304";"TELECONTROLE_DOU_realA";"TELECONTROLE_DOU_realA"
"15307";"TELECONTROLE_DOU_realB";"TELECONTROLE_DOU_realB"
"15000";"TELECONTROLE_DOU_redeA";"TELECONTROLE_DOU_redeA"
"14999";"TELECONTROLE_DOU_redeB";"TELECONTROLE_DOU_redeB"
"15305";"TELECONTROLE_DOU_rgrA";"TELECONTROLE_DOU_rgrA"
"15162";"TELECONTROLE_DRO";"TELECONTROLE_DRO"
"15308";"TELECONTROLE_DRO_realA";"TELECONTROLE_DRO_realA"
"15001";"TELECONTROLE_DRO_realB";"TELECONTROLE_DRO_realB"
"15002";"TELECONTROLE_DRO_redeA";"TELECONTROLE_DRO_redeA"
"15309";"TELECONTROLE_DRO_redeB";"TELECONTROLE_DRO_redeB"
"15311";"TELECONTROLE_DRO_rgrA";"TELECONTROLE_DRO_rgrA"
"15310";"TELECONTROLE_DRO_rgrB";"TELECONTROLE_DRO_rgrB"
"15163";"TELECONTROLE_FAR";"TELECONTROLE_FAR"
"15312";"TELECONTROLE_FAR_realA";"TELECONTROLE_FAR_realA"
"15313";"TELECONTROLE_FAR_realB";"TELECONTROLE_FAR_realB"
"15004";"TELECONTROLE_FAR_redeA";"TELECONTROLE_FAR_redeA"
"15003";"TELECONTROLE_FAR_redeB";"TELECONTROLE_FAR_redeB"
"15314";"TELECONTROLE_FAR_rgrA";"TELECONTROLE_FAR_rgrA"
"15315";"TELECONTROLE_FAR_rgrB";"TELECONTROLE_FAR_rgrB"
"15164";"TELECONTROLE_FCO";"TELECONTROLE_FCO"
"15317";"TELECONTROLE_FCO_realA";"TELECONTROLE_FCO_realA"
"15316";"TELECONTROLE_FCO_realB";"TELECONTROLE_FCO_realB"
"15006";"TELECONTROLE_FCO_redeA";"TELECONTROLE_FCO_redeA"
"15005";"TELECONTROLE_FCO_redeB";"TELECONTROLE_FCO_redeB"
"15318";"TELECONTROLE_FCO_rgrA";"TELECONTROLE_FCO_rgrA"
"15319";"TELECONTROLE_FCO_rgrB";"TELECONTROLE_FCO_rgrB"
"15165";"TELECONTROLE_FHA";"TELECONTROLE_FHA"
"15321";"TELECONTROLE_FHA_realA";"TELECONTROLE_FHA_realA"
"15320";"TELECONTROLE_FHA_realB";"TELECONTROLE_FHA_realB"
"15008";"TELECONTROLE_FHA_redeA";"TELECONTROLE_FHA_redeA"
"15007";"TELECONTROLE_FHA_redeB";"TELECONTROLE_FHA_redeB"
"15322";"TELECONTROLE_FHA_rgrA";"TELECONTROLE_FHA_rgrA"
"15323";"TELECONTROLE_FHA_rgrB";"TELECONTROLE_FHA_rgrB"
"15166";"TELECONTROLE_GAR1";"TELECONTROLE_GAR1"
"15325";"TELECONTROLE_GAR1_realA";"TELECONTROLE_GAR1_realA"
"15324";"TELECONTROLE_GAR1_realB";"TELECONTROLE_GAR1_realB"
"15010";"TELECONTROLE_GAR1_redeA";"TELECONTROLE_GAR1_redeA"
"15009";"TELECONTROLE_GAR1_redeB";"TELECONTROLE_GAR1_redeB"
"15326";"TELECONTROLE_GAR1_rgrA";"TELECONTROLE_GAR1_rgrA"
"15327";"TELECONTROLE_GAR1_rgrB";"TELECONTROLE_GAR1_rgrB"
"15167";"TELECONTROLE_GAS2";"TELECONTROLE_GAS2"
"15012";"TELECONTROLE_GAS2_realA";"TELECONTROLE_GAS2_realA"
"15329";"TELECONTROLE_GAS2_realB";"TELECONTROLE_GAS2_realB"
"15328";"TELECONTROLE_GAS2_redeA";"TELECONTROLE_GAS2_redeA"
"15011";"TELECONTROLE_GAS2_redeB";"TELECONTROLE_GAS2_redeB"
"15330";"TELECONTROLE_GAS2_rgrA";"TELECONTROLE_GAS2_rgrA"
"15331";"TELECONTROLE_GAS2_rgrB";"TELECONTROLE_GAS2_rgrB"
"15169";"TELECONTROLE_GRA";"TELECONTROLE_GRA"
"15336";"TELECONTROLE_GRA_realA";"TELECONTROLE_GRA_realA"
"15337";"TELECONTROLE_GRA_realB";"TELECONTROLE_GRA_realB"
"15014";"TELECONTROLE_GRA_redeA";"TELECONTROLE_GRA_redeA"
"15013";"TELECONTROLE_GRA_redeB";"TELECONTROLE_GRA_redeB"
"15338";"TELECONTROLE_GRA_rgrA";"TELECONTROLE_GRA_rgrA"
"15339";"TELECONTROLE_GRA_rgrB";"TELECONTROLE_GRA_rgrB"
"15168";"TELECONTROLE_GRA3";"TELECONTROLE_GRA3"
"15332";"TELECONTROLE_GRA3_realA";"TELECONTROLE_GRA3_realA"
"15334";"TELECONTROLE_GRA3_realB";"TELECONTROLE_GRA3_realB"
"15016";"TELECONTROLE_GRA3_redeA";"TELECONTROLE_GRA3_redeA"
"15015";"TELECONTROLE_GRA3_redeB";"TELECONTROLE_GRA3_redeB"
"15333";"TELECONTROLE_GRA3_rgrA";"TELECONTROLE_GRA3_rgrA"
"15335";"TELECONTROLE_GRA3_rgrB";"TELECONTROLE_GRA3_rgrB"
"15170";"TELECONTROLE_GRT";"TELECONTROLE_GRT"
"15341";"TELECONTROLE_GRT_realA";"TELECONTROLE_GRT_realA"
"15342";"TELECONTROLE_GRT_realB";"TELECONTROLE_GRT_realB"
"15018";"TELECONTROLE_GRT_redeA";"TELECONTROLE_GRT_redeA"
"15017";"TELECONTROLE_GRT_redeB";"TELECONTROLE_GRT_redeB"
"15340";"TELECONTROLE_GRT_rgrA";"TELECONTROLE_GRT_rgrA"
"15343";"TELECONTROLE_GRT_rgrB";"TELECONTROLE_GRT_rgrB"
"15172";"TELECONTROLE_GUA";"TELECONTROLE_GUA"
"15350";"TELECONTROLE_GUA_realA";"TELECONTROLE_GUA_realA"
"15351";"TELECONTROLE_GUA_realB";"TELECONTROLE_GUA_realB"
"15020";"TELECONTROLE_GUA_redeA";"TELECONTROLE_GUA_redeA"
"15349";"TELECONTROLE_GUA_redeB";"TELECONTROLE_GUA_redeB"
"15348";"TELECONTROLE_GUA_rgrA";"TELECONTROLE_GUA_rgrA"
"15019";"TELECONTROLE_GUA_rgrB";"TELECONTROLE_GUA_rgrB"
"15171";"TELECONTROLE_GUA3";"TELECONTROLE_GUA3"
"15345";"TELECONTROLE_GUA3_realA";"TELECONTROLE_GUA3_realA"
"15346";"TELECONTROLE_GUA3_realB";"TELECONTROLE_GUA3_realB"
"15022";"TELECONTROLE_GUA3_redeA";"TELECONTROLE_GUA3_redeA"
"15021";"TELECONTROLE_GUA3_redeB";"TELECONTROLE_GUA3_redeB"
"15344";"TELECONTROLE_GUA3_rgrA";"TELECONTROLE_GUA3_rgrA"
"15347";"TELECONTROLE_GUA3_rgrB";"TELECONTROLE_GUA3_rgrB"
"15173";"TELECONTROLE_GUO";"TELECONTROLE_GUO"
"15353";"TELECONTROLE_GUO_realA";"TELECONTROLE_GUO_realA"
"15355";"TELECONTROLE_GUO_realB";"TELECONTROLE_GUO_realB"
"15024";"TELECONTROLE_GUO_redeA";"TELECONTROLE_GUO_redeA"
"15023";"TELECONTROLE_GUO_redeB";"TELECONTROLE_GUO_redeB"
"15352";"TELECONTROLE_GUO_rgrA";"TELECONTROLE_GUO_rgrA"
"15354";"TELECONTROLE_GUO_rgrB";"TELECONTROLE_GUO_rgrB"
"15174";"TELECONTROLE_IJU2";"TELECONTROLE_IJU2"
"15357";"TELECONTROLE_IJU2_realA";"TELECONTROLE_IJU2_realA"
"15359";"TELECONTROLE_IJU2_realB";"TELECONTROLE_IJU2_realB"
"15026";"TELECONTROLE_IJU2_redeA";"TELECONTROLE_IJU2_redeA"
"15025";"TELECONTROLE_IJU2_redeB";"TELECONTROLE_IJU2_redeB"
"15356";"TELECONTROLE_IJU2_rgrA";"TELECONTROLE_IJU2_rgrA"
"15358";"TELECONTROLE_IJU2_rgrB";"TELECONTROLE_IJU2_rgrB"
"15175";"TELECONTROLE_IRN";"TELECONTROLE_IRN"
"15361";"TELECONTROLE_IRN_realA";"TELECONTROLE_IRN_realA"
"15363";"TELECONTROLE_IRN_realB";"TELECONTROLE_IRN_realB"
"15028";"TELECONTROLE_IRN_redeA";"TELECONTROLE_IRN_redeA"
"15027";"TELECONTROLE_IRN_redeB";"TELECONTROLE_IRN_redeB"
"15360";"TELECONTROLE_IRN_rgrA";"TELECONTROLE_IRN_rgrA"
"15362";"TELECONTROLE_IRN_rgrB";"TELECONTROLE_IRN_rgrB"
"15176";"TELECONTROLE_ITJ";"TELECONTROLE_ITJ"
"15364";"TELECONTROLE_ITJ_realA";"TELECONTROLE_ITJ_realA"
"15029";"TELECONTROLE_ITJ_realB";"TELECONTROLE_ITJ_realB"
"15030";"TELECONTROLE_ITJ_redeA";"TELECONTROLE_ITJ_redeA"
"15366";"TELECONTROLE_ITJ_redeB";"TELECONTROLE_ITJ_redeB"
"15365";"TELECONTROLE_ITJ_rgrA";"TELECONTROLE_ITJ_rgrA"
"15367";"TELECONTROLE_ITJ_rgrB";"TELECONTROLE_ITJ_rgrB"
"15177";"TELECONTROLE_ITR";"TELECONTROLE_ITR"
"15368";"TELECONTROLE_ITR_realA";"TELECONTROLE_ITR_realA"
"15369";"TELECONTROLE_ITR_realB";"TELECONTROLE_ITR_realB"
"15032";"TELECONTROLE_ITR_redeA";"TELECONTROLE_ITR_redeA"
"15031";"TELECONTROLE_ITR_redeB";"TELECONTROLE_ITR_redeB"
"15371";"TELECONTROLE_ITR_rgrA";"TELECONTROLE_ITR_rgrA"
"15370";"TELECONTROLE_ITR_rgrB";"TELECONTROLE_ITR_rgrB"
"15178";"TELECONTROLE_IVI2";"TELECONTROLE_IVI2"
"15373";"TELECONTROLE_IVI2_realA";"TELECONTROLE_IVI2_realA"
"15375";"TELECONTROLE_IVI2_realB";"TELECONTROLE_IVI2_realB"
"15034";"TELECONTROLE_IVI2_redeA";"TELECONTROLE_IVI2_redeA"
"15033";"TELECONTROLE_IVI2_redeB";"TELECONTROLE_IVI2_redeB"
"15372";"TELECONTROLE_IVI2_rgrA";"TELECONTROLE_IVI2_rgrA"
"15374";"TELECONTROLE_IVI2_rgrB";"TELECONTROLE_IVI2_rgrB"
"15179";"TELECONTROLE_IVP";"TELECONTROLE_IVP"
"15377";"TELECONTROLE_IVP_realA";"TELECONTROLE_IVP_realA"
"15376";"TELECONTROLE_IVP_realB";"TELECONTROLE_IVP_realB"
"15036";"TELECONTROLE_IVP_redeA";"TELECONTROLE_IVP_redeA"
"15035";"TELECONTROLE_IVP_redeB";"TELECONTROLE_IVP_redeB"
"15378";"TELECONTROLE_IVP_rgrA";"TELECONTROLE_IVP_rgrA"
"15379";"TELECONTROLE_IVP_rgrB";"TELECONTROLE_IVP_rgrB"
"15180";"TELECONTROLE_JLAB";"TELECONTROLE_JLAB"
"15381";"TELECONTROLE_JLAB_realA";"TELECONTROLE_JLAB_realA"
"15380";"TELECONTROLE_JLAB_realB";"TELECONTROLE_JLAB_realB"
"15038";"TELECONTROLE_JLAB_redeA";"TELECONTROLE_JLAB_redeA"
"15037";"TELECONTROLE_JLAB_redeB";"TELECONTROLE_JLAB_redeB"
"15383";"TELECONTROLE_JLAB_rgrA";"TELECONTROLE_JLAB_rgrA"
"15382";"TELECONTROLE_JLAB_rgrB";"TELECONTROLE_JLAB_rgrB"
"15181";"TELECONTROLE_JNO";"TELECONTROLE_JNO"
"15384";"TELECONTROLE_JNO_realA";"TELECONTROLE_JNO_realA"
"15385";"TELECONTROLE_JNO_realB";"TELECONTROLE_JNO_realB"
"15040";"TELECONTROLE_JNO_redeA";"TELECONTROLE_JNO_redeA"
"15039";"TELECONTROLE_JNO_redeB";"TELECONTROLE_JNO_redeB"
"15386";"TELECONTROLE_JNO_rgrA";"TELECONTROLE_JNO_rgrA"
"15387";"TELECONTROLE_JNO_rgrB";"TELECONTROLE_JNO_rgrB"
"15182";"TELECONTROLE_JOI";"TELECONTROLE_JOI"
"15389";"TELECONTROLE_JOI_realA";"TELECONTROLE_JOI_realA"
"15388";"TELECONTROLE_JOI_realB";"TELECONTROLE_JOI_realB"
"15042";"TELECONTROLE_JOI_redeA";"TELECONTROLE_JOI_redeA"
"15041";"TELECONTROLE_JOI_redeB";"TELECONTROLE_JOI_redeB"
"15390";"TELECONTROLE_JOI_rgrA";"TELECONTROLE_JOI_rgrA"
"15391";"TELECONTROLE_JOI_rgrB";"TELECONTROLE_JOI_rgrB"
"15183";"TELECONTROLE_LGR";"TELECONTROLE_LGR"
"15392";"TELECONTROLE_LGR_realA";"TELECONTROLE_LGR_realA"
"15393";"TELECONTROLE_LGR_realB";"TELECONTROLE_LGR_realB"
"15044";"TELECONTROLE_LGR_redeA";"TELECONTROLE_LGR_redeA"
"15043";"TELECONTROLE_LGR_redeB";"TELECONTROLE_LGR_redeB"
"15394";"TELECONTROLE_LGR_rgrA";"TELECONTROLE_LGR_rgrA"
"15395";"TELECONTROLE_LGR_rgrB";"TELECONTROLE_LGR_rgrB"
"15184";"TELECONTROLE_LIV3";"TELECONTROLE_LIV3"
"15396";"TELECONTROLE_LIV3_realA";"TELECONTROLE_LIV3_realA"
"15397";"TELECONTROLE_LIV3_realB";"TELECONTROLE_LIV3_realB"
"15046";"TELECONTROLE_LIV3_redeA";"TELECONTROLE_LIV3_redeA"
"15045";"TELECONTROLE_LIV3_redeB";"TELECONTROLE_LIV3_redeB"
"15398";"TELECONTROLE_LIV3_rgrA";"TELECONTROLE_LIV3_rgrA"
"15399";"TELECONTROLE_LIV3_rgrB";"TELECONTROLE_LIV3_rgrB"
"15187";"TELECONTROLE_LNA";"TELECONTROLE_LNA"
"15402";"TELECONTROLE_LNA_realA";"TELECONTROLE_LNA_realA"
"15403";"TELECONTROLE_LNA_realB";"TELECONTROLE_LNA_realB"
"15186";"TELECONTROLE_LNA_redeA";"TELECONTROLE_LNA_redeA"
"15185";"TELECONTROLE_LNA_redeB";"TELECONTROLE_LNA_redeB"
"15400";"TELECONTROLE_LNA_rgrA";"TELECONTROLE_LNA_rgrA"
"15401";"TELECONTROLE_LNA_rgrB";"TELECONTROLE_LNA_rgrB"
"15188";"TELECONTROLE_LNS";"TELECONTROLE_LNS"
"15404";"TELECONTROLE_LNS_realA";"TELECONTROLE_LNS_realA"
"15405";"TELECONTROLE_LNS_realB";"TELECONTROLE_LNS_realB"
"15048";"TELECONTROLE_LNS_redeA";"TELECONTROLE_LNS_redeA"
"15047";"TELECONTROLE_LNS_redeB";"TELECONTROLE_LNS_redeB"
"15407";"TELECONTROLE_LNS_rgrA";"TELECONTROLE_LNS_rgrA"
"15406";"TELECONTROLE_LNS_rgrB";"TELECONTROLE_LNS_rgrB"
"15189";"TELECONTROLE_LON";"TELECONTROLE_LON"
"15190";"TELECONTROLE_LON_FW";"TELECONTROLE_LON_FW"
"15052";"TELECONTROLE_LON_FW_redeA";"TELECONTROLE_LON_FW_redeA"
"15051";"TELECONTROLE_LON_FW_redeB";"TELECONTROLE_LON_FW_redeB"
"15192";"TELECONTROLE_MBR";"TELECONTROLE_MBR"
"15414";"TELECONTROLE_MBR_realA";"TELECONTROLE_MBR_realA"
"15415";"TELECONTROLE_MBR_realB";"TELECONTROLE_MBR_realB"
"15054";"TELECONTROLE_MBR_redeA";"TELECONTROLE_MBR_redeA"
"15053";"TELECONTROLE_MBR_redeB";"TELECONTROLE_MBR_redeB"
"15412";"TELECONTROLE_MBR_rgrA";"TELECONTROLE_MBR_rgrA"
"15413";"TELECONTROLE_MBR_rgrB";"TELECONTROLE_MBR_rgrB"
"15191";"TELECONTROLE_MBR3";"TELECONTROLE_MBR3"
"15410";"TELECONTROLE_MBR3_realA";"TELECONTROLE_MBR3_realA"
"15411";"TELECONTROLE_MBR3_realB";"TELECONTROLE_MBR3_realB"
"15056";"TELECONTROLE_MBR3_redeA";"TELECONTROLE_MBR3_redeA"
"15055";"TELECONTROLE_MBR3_redeB";"TELECONTROLE_MBR3_redeB"
"15408";"TELECONTROLE_MBR3_rgrA";"TELECONTROLE_MBR3_rgrA"
"15409";"TELECONTROLE_MBR3_rgrB";"TELECONTROLE_MBR3_rgrB"
"15193";"TELECONTROLE_MCH";"TELECONTROLE_MCH"
"15418";"TELECONTROLE_MCH_realA";"TELECONTROLE_MCH_realA"
"15419";"TELECONTROLE_MCH_realB";"TELECONTROLE_MCH_realB"
"15058";"TELECONTROLE_MCH_redeA";"TELECONTROLE_MCH_redeA"
"15057";"TELECONTROLE_MCH_redeB";"TELECONTROLE_MCH_redeB"
"15416";"TELECONTROLE_MCH_rgrA";"TELECONTROLE_MCH_rgrA"
"15417";"TELECONTROLE_MCH_rgrB";"TELECONTROLE_MCH_rgrB"
"15194";"TELECONTROLE_MCL";"TELECONTROLE_MCL"
"15421";"TELECONTROLE_MCL_realA";"TELECONTROLE_MCL_realA"
"15420";"TELECONTROLE_MCL_realB";"TELECONTROLE_MCL_realB"
"15060";"TELECONTROLE_MCL_redeA";"TELECONTROLE_MCL_redeA"
"15059";"TELECONTROLE_MCL_redeB";"TELECONTROLE_MCL_redeB"
"15422";"TELECONTROLE_MCL_rgrA";"TELECONTROLE_MCL_rgrA"
"15423";"TELECONTROLE_MCL_rgrB";"TELECONTROLE_MCL_rgrB"
"15196";"TELECONTROLE_MIM";"TELECONTROLE_MIM"
"15430";"TELECONTROLE_MIM_realA";"TELECONTROLE_MIM_realA"
"15429";"TELECONTROLE_MIM_realB";"TELECONTROLE_MIM_realB"
"15062";"TELECONTROLE_MIM_redeA";"TELECONTROLE_MIM_redeA"
"15061";"TELECONTROLE_MIM_redeB";"TELECONTROLE_MIM_redeB"
"15428";"TELECONTROLE_MIM_rgrB";"TELECONTROLE_MIM_rgrB"
"15195";"TELECONTROLE_MIM2";"TELECONTROLE_MIM2"
"15426";"TELECONTROLE_MIM2_realA";"TELECONTROLE_MIM2_realA"
"15427";"TELECONTROLE_MIM2_realB";"TELECONTROLE_MIM2_realB"
"15064";"TELECONTROLE_MIM2_redeA";"TELECONTROLE_MIM2_redeA"
"15063";"TELECONTROLE_MIM2_redeB";"TELECONTROLE_MIM2_redeB"
"15424";"TELECONTROLE_MIM2_rgrA";"TELECONTROLE_MIM2_rgrA"
"15425";"TELECONTROLE_MIM2_rgrB";"TELECONTROLE_MIM2_rgrB"
"15197";"TELECONTROLE_MIS";"TELECONTROLE_MIS"
"15431";"TELECONTROLE_MIS_realA";"TELECONTROLE_MIS_realA"
"15432";"TELECONTROLE_MIS_realB";"TELECONTROLE_MIS_realB"
"15065";"TELECONTROLE_MIS_redeA";"TELECONTROLE_MIS_redeA"
"12446";"TELECONTROLE_MIS_redeB";"TELECONTROLE_MIS_redeB"
"15433";"TELECONTROLE_MIS_rgrA";"TELECONTROLE_MIS_rgrA"
"15434";"TELECONTROLE_MIS_rgrB";"TELECONTROLE_MIS_rgrB"
"15198";"TELECONTROLE_MRO2";"TELECONTROLE_MRO2"
"15199";"TELECONTROLE_MRO2_FW";"TELECONTROLE_MRO2_FW"
"15069";"TELECONTROLE_MRO2_FW_redeA";"TELECONTROLE_MRO2_FW_redeA"
"15068";"TELECONTROLE_MRO2_FW_redeB";"TELECONTROLE_MRO2_FW_redeB"
"15200";"TELECONTROLE_NPE2";"TELECONTROLE_NPE2"
"15437";"TELECONTROLE_NPE2_realA";"TELECONTROLE_NPE2_realA"
"15438";"TELECONTROLE_NPE2_realB";"TELECONTROLE_NPE2_realB"
"15071";"TELECONTROLE_NPE2_redeA";"TELECONTROLE_NPE2_redeA"
"15070";"TELECONTROLE_NPE2_redeB";"TELECONTROLE_NPE2_redeB"
"15435";"TELECONTROLE_NPE2_rgrA";"TELECONTROLE_NPE2_rgrA"
"15436";"TELECONTROLE_NPE2_rgrB";"TELECONTROLE_NPE2_rgrB"
"15201";"TELECONTROLE_NPR2";"TELECONTROLE_NPR2"
"15441";"TELECONTROLE_NPR2_realA";"TELECONTROLE_NPR2_realA"
"15442";"TELECONTROLE_NPR2_realB";"TELECONTROLE_NPR2_realB"
"15073";"TELECONTROLE_NPR2_redeA";"TELECONTROLE_NPR2_redeA"
"15072";"TELECONTROLE_NPR2_redeB";"TELECONTROLE_NPR2_redeB"
"15439";"TELECONTROLE_NPR2_rgrA";"TELECONTROLE_NPR2_rgrA"
"15440";"TELECONTROLE_NPR2_rgrB";"TELECONTROLE_NPR2_rgrB"
"15202";"TELECONTROLE_NSR";"TELECONTROLE_NSR"
"15203";"TELECONTROLE_NSR_FW";"TELECONTROLE_NSR_FW"
"15077";"TELECONTROLE_NSR_FW_redeA";"TELECONTROLE_NSR_FW_redeA"
"15076";"TELECONTROLE_NSR_FW_redeB";"TELECONTROLE_NSR_FW_redeB"
"15204";"TELECONTROLE_OSO2";"TELECONTROLE_OSO2"
"15443";"TELECONTROLE_OSO2_realA";"TELECONTROLE_OSO2_realA"
"15444";"TELECONTROLE_OSO2_realB";"TELECONTROLE_OSO2_realB"
"15079";"TELECONTROLE_OSO2_redeA";"TELECONTROLE_OSO2_redeA"
"15078";"TELECONTROLE_OSO2_redeB";"TELECONTROLE_OSO2_redeB"
"15445";"TELECONTROLE_OSO2_rgrA";"TELECONTROLE_OSO2_rgrA"
"15446";"TELECONTROLE_OSO2_rgrB";"TELECONTROLE_OSO2_rgrB"
"15205";"TELECONTROLE_PAL";"TELECONTROLE_PAL"
"15448";"TELECONTROLE_PAL_realA";"TELECONTROLE_PAL_realA"
"15450";"TELECONTROLE_PAL_realB";"TELECONTROLE_PAL_realB"
"15081";"TELECONTROLE_PAL_redeA";"TELECONTROLE_PAL_redeA"
"15080";"TELECONTROLE_PAL_redeB";"TELECONTROLE_PAL_redeB"
"15447";"TELECONTROLE_PAL_rgrA";"TELECONTROLE_PAL_rgrA"
"15449";"TELECONTROLE_PAL_rgrB";"TELECONTROLE_PAL_rgrB"
"15206";"TELECONTROLE_PFU";"TELECONTROLE_PFU"
"15451";"TELECONTROLE_PFU_realA";"TELECONTROLE_PFU_realA"
"15452";"TELECONTROLE_PFU_realB";"TELECONTROLE_PFU_realB"
"15083";"TELECONTROLE_PFU_redeA";"TELECONTROLE_PFU_redeA"
"15082";"TELECONTROLE_PFU_redeB";"TELECONTROLE_PFU_redeB"
"15454";"TELECONTROLE_PFU_rgrA";"TELECONTROLE_PFU_rgrA"
"15453";"TELECONTROLE_PFU_rgrB";"TELECONTROLE_PFU_rgrB"
"15207";"TELECONTROLE_PGR";"TELECONTROLE_PGR"
"15457";"TELECONTROLE_PGR_realA";"TELECONTROLE_PGR_realA"
"15458";"TELECONTROLE_PGR_realB";"TELECONTROLE_PGR_realB"
"15085";"TELECONTROLE_PGR_redeA";"TELECONTROLE_PGR_redeA"
"15084";"TELECONTROLE_PGR_redeB";"TELECONTROLE_PGR_redeB"
"15455";"TELECONTROLE_PGR_rgrA";"TELECONTROLE_PGR_rgrA"
"15456";"TELECONTROLE_PGR_rgrB";"TELECONTROLE_PGR_rgrB"
"15208";"TELECONTROLE_PIN2";"TELECONTROLE_PIN2"
"15461";"TELECONTROLE_PIN2_realA";"TELECONTROLE_PIN2_realA"
"15462";"TELECONTROLE_PIN2_realB";"TELECONTROLE_PIN2_realB"
"15087";"TELECONTROLE_PIN2_redeA";"TELECONTROLE_PIN2_redeA"
"15086";"TELECONTROLE_PIN2_redeB";"TELECONTROLE_PIN2_redeB"
"15459";"TELECONTROLE_PIN2_rgrA";"TELECONTROLE_PIN2_rgrA"
"15460";"TELECONTROLE_PIN2_rgrB";"TELECONTROLE_PIN2_rgrB"
"15209";"TELECONTROLE_PME_1";"TELECONTROLE_PME_1"
"15463";"TELECONTROLE_PME_1_realA";"TELECONTROLE_PME_1_realA"
"15464";"TELECONTROLE_PME_1_realB";"TELECONTROLE_PME_1_realB"
"15089";"TELECONTROLE_PME_1_redeA";"TELECONTROLE_PME_1_redeA"
"15088";"TELECONTROLE_PME_1_redeB";"TELECONTROLE_PME_1_redeB"
"15466";"TELECONTROLE_PME_1_rgrA";"TELECONTROLE_PME_1_rgrA"
"15465";"TELECONTROLE_PME_1_rgrB";"TELECONTROLE_PME_1_rgrB"
"15210";"TELECONTROLE_PME_2";"TELECONTROLE_PME_2"
"15467";"TELECONTROLE_PME_2_realA";"TELECONTROLE_PME_2_realA"
"15468";"TELECONTROLE_PME_2_realB";"TELECONTROLE_PME_2_realB"
"15091";"TELECONTROLE_PME_2_redeA";"TELECONTROLE_PME_2_redeA"
"15090";"TELECONTROLE_PME_2_redeB";"TELECONTROLE_PME_2_redeB"
"15469";"TELECONTROLE_PME_2_rgrA";"TELECONTROLE_PME_2_rgrA"
"15470";"TELECONTROLE_PME_2_rgrB";"TELECONTROLE_PME_2_rgrB"
"15211";"TELECONTROLE_PNO";"TELECONTROLE_PNO"
"15212";"TELECONTROLE_PNO_FW";"TELECONTROLE_PNO_FW"
"15095";"TELECONTROLE_PNO_FW_redeA";"TELECONTROLE_PNO_FW_redeA"
"15094";"TELECONTROLE_PNO_FW_redeB";"TELECONTROLE_PNO_FW_redeB"
"15213";"TELECONTROLE_QUI";"TELECONTROLE_QUI"
"15473";"TELECONTROLE_QUI_realA";"TELECONTROLE_QUI_realA"
"15474";"TELECONTROLE_QUI_realB";"TELECONTROLE_QUI_realB"
"15097";"TELECONTROLE_QUI_redeA";"TELECONTROLE_QUI_redeA"
"15096";"TELECONTROLE_QUI_redeB";"TELECONTROLE_QUI_redeB"
"15471";"TELECONTROLE_QUI_rgrA";"TELECONTROLE_QUI_rgrA"
"15472";"TELECONTROLE_QUI_rgrB";"TELECONTROLE_QUI_rgrB"
"15214";"TELECONTROLE_SCR1";"TELECONTROLE_SCR1"
"15477";"TELECONTROLE_SCR1_realA";"TELECONTROLE_SCR1_realA"
"15478";"TELECONTROLE_SCR1_realB";"TELECONTROLE_SCR1_realB"
"15099";"TELECONTROLE_SCR1_redeA";"TELECONTROLE_SCR1_redeA"
"15098";"TELECONTROLE_SCR1_redeB";"TELECONTROLE_SCR1_redeB"
"15475";"TELECONTROLE_SCR1_rgrA";"TELECONTROLE_SCR1_rgrA"
"15476";"TELECONTROLE_SCR1_rgrB";"TELECONTROLE_SCR1_rgrB"
"15215";"TELECONTROLE_SDI";"TELECONTROLE_SDI"
"15481";"TELECONTROLE_SDI_realA";"TELECONTROLE_SDI_realA"
"15482";"TELECONTROLE_SDI_realB";"TELECONTROLE_SDI_realB"
"15101";"TELECONTROLE_SDI_redeA";"TELECONTROLE_SDI_redeA"
"15100";"TELECONTROLE_SDI_redeB";"TELECONTROLE_SDI_redeB"
"15479";"TELECONTROLE_SDI_rgrA";"TELECONTROLE_SDI_rgrA"
"15480";"TELECONTROLE_SDI_rgrB";"TELECONTROLE_SDI_rgrB"
"15216";"TELECONTROLE_SEDE";"TELECONTROLE_SEDE"
"15233";"TELECONTROLE_SEDE_FW";"TELECONTROLE_SEDE_FW"
"15235";"TELECONTROLE_SEDE_FW_redeA";"TELECONTROLE_SEDE_FW_redeA"
"15234";"TELECONTROLE_SEDE_FW_redeB";"TELECONTROLE_SEDE_FW_redeB"
"15217";"TELECONTROLE_SID";"TELECONTROLE_SID"
"15485";"TELECONTROLE_SID_realA";"TELECONTROLE_SID_realA"
"15486";"TELECONTROLE_SID_realB";"TELECONTROLE_SID_realB"
"15105";"TELECONTROLE_SID_redeA";"TELECONTROLE_SID_redeA"
"15104";"TELECONTROLE_SID_redeB";"TELECONTROLE_SID_redeB"
"15483";"TELECONTROLE_SID_rgrA";"TELECONTROLE_SID_rgrA"
"15484";"TELECONTROLE_SID_rgrB";"TELECONTROLE_SID_rgrB"
"15218";"TELECONTROLE_SMA3";"TELECONTROLE_SMA3"
"15489";"TELECONTROLE_SMA3_realA";"TELECONTROLE_SMA3_realA"
"15490";"TELECONTROLE_SMA3_realB";"TELECONTROLE_SMA3_realB"
"15107";"TELECONTROLE_SMA3_redeA";"TELECONTROLE_SMA3_redeA"
"15106";"TELECONTROLE_SMA3_redeB";"TELECONTROLE_SMA3_redeB"
"15487";"TELECONTROLE_SMA3_rgrA";"TELECONTROLE_SMA3_rgrA"
"15488";"TELECONTROLE_SMA3_rgrB";"TELECONTROLE_SMA3_rgrB"
"15219";"TELECONTROLE_SOS";"TELECONTROLE_SOS"
"15493";"TELECONTROLE_SOS_realA";"TELECONTROLE_SOS_realA"
"15494";"TELECONTROLE_SOS_realB";"TELECONTROLE_SOS_realB"
"15109";"TELECONTROLE_SOS_redeA";"TELECONTROLE_SOS_redeA"
"15108";"TELECONTROLE_SOS_redeB";"TELECONTROLE_SOS_redeB"
"15491";"TELECONTROLE_SOS_rgrA";"TELECONTROLE_SOS_rgrA"
"15492";"TELECONTROLE_SOS_rgrB";"TELECONTROLE_SOS_rgrB"
"15220";"TELECONTROLE_SPA2";"TELECONTROLE_SPA2"
"15221";"TELECONTROLE_SPA2_FW";"TELECONTROLE_SPA2_FW"
"15113";"TELECONTROLE_SPA2_FW_redeA";"TELECONTROLE_SPA2_FW_redeA"
"15112";"TELECONTROLE_SPA2_FW_redeB";"TELECONTROLE_SPA2_FW_redeB"
"15222";"TELECONTROLE_SSA";"TELECONTROLE_SSA"
"15495";"TELECONTROLE_SSA_realA";"TELECONTROLE_SSA_realA"
"15496";"TELECONTROLE_SSA_realB";"TELECONTROLE_SSA_realB"
"15115";"TELECONTROLE_SSA_redeA";"TELECONTROLE_SSA_redeA"
"15114";"TELECONTROLE_SSA_redeB";"TELECONTROLE_SSA_redeB"
"15498";"TELECONTROLE_SSA_rgrA";"TELECONTROLE_SSA_rgrA"
"15497";"TELECONTROLE_SSA_rgrB";"TELECONTROLE_SSA_rgrB"
"15223";"TELECONTROLE_STA";"TELECONTROLE_STA"
"15501";"TELECONTROLE_STA_realA";"TELECONTROLE_STA_realA"
"15502";"TELECONTROLE_STA_realB";"TELECONTROLE_STA_realB"
"15117";"TELECONTROLE_STA_redeA";"TELECONTROLE_STA_redeA"
"15116";"TELECONTROLE_STA_redeB";"TELECONTROLE_STA_redeB"
"15499";"TELECONTROLE_STA_rgrA";"TELECONTROLE_STA_rgrA"
"15500";"TELECONTROLE_STA_rgrB";"TELECONTROLE_STA_rgrB"
"15224";"TELECONTROLE_TPR2";"TELECONTROLE_TPR2"
"15504";"TELECONTROLE_TPR2_realA";"TELECONTROLE_TPR2_realA"
"15503";"TELECONTROLE_TPR2_realB";"TELECONTROLE_TPR2_realB"
"15119";"TELECONTROLE_TPR2_redeA";"TELECONTROLE_TPR2_redeA"
"15118";"TELECONTROLE_TPR2_redeB";"TELECONTROLE_TPR2_redeB"
"15505";"TELECONTROLE_TPR2_rgrA";"TELECONTROLE_TPR2_rgrA"
"15506";"TELECONTROLE_TPR2_rgrB";"TELECONTROLE_TPR2_rgrB"
"15225";"TELECONTROLE_UHBC";"TELECONTROLE_UHBC"
"15508";"TELECONTROLE_UHBC_realA";"TELECONTROLE_UHBC_realA"
"15507";"TELECONTROLE_UHBC_realB";"TELECONTROLE_UHBC_realB"
"15121";"TELECONTROLE_UHBC_redeA";"TELECONTROLE_UHBC_redeA"
"15120";"TELECONTROLE_UHBC_redeB";"TELECONTROLE_UHBC_redeB"
"15509";"TELECONTROLE_UHBC_rgrA";"TELECONTROLE_UHBC_rgrA"
"15510";"TELECONTROLE_UHBC_rgrB";"TELECONTROLE_UHBC_rgrB"
"15226";"TELECONTROLE_UHJB";"TELECONTROLE_UHJB"
"15511";"TELECONTROLE_UHJB_realA";"TELECONTROLE_UHJB_realA"
"15512";"TELECONTROLE_UHJB_realB";"TELECONTROLE_UHJB_realB"
"15123";"TELECONTROLE_UHJB_redeA";"TELECONTROLE_UHJB_redeA"
"15122";"TELECONTROLE_UHJB_redeB";"TELECONTROLE_UHJB_redeB"
"15513";"TELECONTROLE_UHJB_rgrA";"TELECONTROLE_UHJB_rgrA"
"15514";"TELECONTROLE_UHJB_rgrB";"TELECONTROLE_UHJB_rgrB"
"15227";"TELECONTROLE_UHPJ";"TELECONTROLE_UHPJ"
"15517";"TELECONTROLE_UHPJ_realA";"TELECONTROLE_UHPJ_realA"
"15518";"TELECONTROLE_UHPJ_realB";"TELECONTROLE_UHPJ_realB"
"15125";"TELECONTROLE_UHPJ_redeA";"TELECONTROLE_UHPJ_redeA"
"15124";"TELECONTROLE_UHPJ_redeB";"TELECONTROLE_UHPJ_redeB"
"15515";"TELECONTROLE_UHPJ_rgrA";"TELECONTROLE_UHPJ_rgrA"
"15516";"TELECONTROLE_UHPJ_rgrB";"TELECONTROLE_UHPJ_rgrB"
"15228";"TELECONTROLE_UHSD";"TELECONTROLE_UHSD"
"15521";"TELECONTROLE_UHSD_realA";"TELECONTROLE_UHSD_realA"
"15522";"TELECONTROLE_UHSD_realB";"TELECONTROLE_UHSD_realB"
"15127";"TELECONTROLE_UHSD_redeA";"TELECONTROLE_UHSD_redeA"
"15126";"TELECONTROLE_UHSD_redeB";"TELECONTROLE_UHSD_redeB"
"15519";"TELECONTROLE_UHSD_rgrA";"TELECONTROLE_UHSD_rgrA"
"15520";"TELECONTROLE_UHSD_rgrB";"TELECONTROLE_UHSD_rgrB"
"15229";"TELECONTROLE_VIN";"TELECONTROLE_VIN"
"15524";"TELECONTROLE_VIN_realA";"TELECONTROLE_VIN_realA"
"15526";"TELECONTROLE_VIN_realB";"TELECONTROLE_VIN_realB"
"15129";"TELECONTROLE_VIN_redeA";"TELECONTROLE_VIN_redeA"
"15128";"TELECONTROLE_VIN_redeB";"TELECONTROLE_VIN_redeB"
"15523";"TELECONTROLE_VIN_rgrA";"TELECONTROLE_VIN_rgrA"
"15525";"TELECONTROLE_VIN_rgrB";"TELECONTROLE_VIN_rgrB"
"15230";"TELECONTROLE_VMT";"TELECONTROLE_VMT"
"15529";"TELECONTROLE_VMT_realA";"TELECONTROLE_VMT_realA"
"15530";"TELECONTROLE_VMT_realB";"TELECONTROLE_VMT_realB"
"15131";"TELECONTROLE_VMT_redeA";"TELECONTROLE_VMT_redeA"
"15130";"TELECONTROLE_VMT_redeB";"TELECONTROLE_VMT_redeB"
"15527";"TELECONTROLE_VMT_rgrA";"TELECONTROLE_VMT_rgrA"
"15528";"TELECONTROLE_VMT_rgrB";"TELECONTROLE_VMT_rgrB"
"15231";"TELECONTROLE_XAN";"TELECONTROLE_XAN"
"15532";"TELECONTROLE_XAN_realA";"TELECONTROLE_XAN_realA"
"15531";"TELECONTROLE_XAN_realB";"TELECONTROLE_XAN_realB"
"15133";"TELECONTROLE_XAN_redeA";"TELECONTROLE_XAN_redeA"
"15132";"TELECONTROLE_XAN_redeB";"TELECONTROLE_XAN_redeB"
"15534";"TELECONTROLE_XAN_rgrA";"TELECONTROLE_XAN_rgrA"
"15533";"TELECONTROLE_XAN_rgrB";"TELECONTROLE_XAN_rgrB"
"15232";"TELECONTROLE_YTA";"TELECONTROLE_YTA"
"15535";"TELECONTROLE_YTA_realA";"TELECONTROLE_YTA_realA"
"15536";"TELECONTROLE_YTA_realB";"TELECONTROLE_YTA_realB"
"15135";"TELECONTROLE_YTA_redeA";"TELECONTROLE_YTA_redeA"
"15134";"TELECONTROLE_YTA_redeB";"TELECONTROLE_YTA_redeB"
"15538";"TELECONTROLE_YTA_rgrA";"TELECONTROLE_YTA_rgrA"
"15537";"TELECONTROLE_YTA_rgrB";"TELECONTROLE_YTA_rgrB"
"14779";"TEL-GATEWAY-BIG-01";"TEL-GATEWAY-BIG-01"
"14780";"TEL-GATEWAY-BIG-02";"TEL-GATEWAY-BIG-02"
"14781";"TEL-GATEWAY-BIG-03";"TEL-GATEWAY-BIG-03"
"14782";"TEL-GATEWAY-CRCAP-04";"TEL-GATEWAY-CRCAP-04"
"14783";"TEL-GATEWAY-CRCAP-05";"TEL-GATEWAY-CRCAP-05"
"14784";"TEL-GATEWAY-CRLAR-1";"TEL-GATEWAY-CRLAR-1"
"14785";"TEL-GATEWAY-CRLAR-2";"TEL-GATEWAY-CRLAR-2"
"17286";"TEL-GATEWAY-IVP HL FURNAS";"TEL-GATEWAY-IVP HL FURNAS"
"14787";"TEL-GATEWAY-SOS-01";"TEL-GATEWAY-SOS-01"
"14788";"TEL-GATEWAY-SOS-02";"TEL-GATEWAY-SOS-02"
"14789";"TEL-GATEWAY-SSA-01";"TEL-GATEWAY-SSA-01"
"14790";"TEL-GATEWAY-SSA-02";"TEL-GATEWAY-SSA-02"
"14791";"TEL-GATEWAY-STA";"TEL-GATEWAY-STA"
"14793";"TEL-GATEWAY-UHJB-01";"TEL-GATEWAY-UHJB-01"
"14794";"TEL-GATEWAY-UHSD";"TEL-GATEWAY-UHSD"
"14786";"TEL-GTW-PAL-CEL-ControlOne";"TEL-GTW-PAL-CEL-ControlOne"
"19963";"TEL-GTW-VHF_ABT_ControlOne";"TEL-GTW-VHF_ABT_ControlOne"
"12201";"TEL-GTW-VHF_ACL_ControlOne";"TEL-GTW-VHF_ACL_ControlOne"
"12200";"TEL-GTW-VHF_ANA_ControlOne";"TEL-GTW-VHF_ANA_ControlOne"
"12199";"TEL-GTW-VHF_ARE_ControlOne";"TEL-GTW-VHF_ARE_ControlOne"
"16890";"TEL-GTW-VHF_ASS_ControlOne";"TEL-GTW-VHF_ASS_ControlOne"
"12198";"TEL-GTW-VHF_ATL2_ControlOne";"TEL-GTW-VHF_ATL2_ControlOne"
"12197";"TEL-GTW-VHF_BIG_ControlOne";"TEL-GTW-VHF_BIG_ControlOne"
"12196";"TEL-GTW-VHF_BLU_ControlOne";"TEL-GTW-VHF_BLU_ControlOne"
"12195";"TEL-GTW-VHF_CAM3_ControlOne";"TEL-GTW-VHF_CAM3_ControlOne"
"12194";"TEL-GTW-VHF_CAN_ControlOne";"TEL-GTW-VHF_CAN_ControlOne"
"12191";"TEL-GTW-VHF_CAX_ControlOne";"TEL-GTW-VHF_CAX_ControlOne"
"12193";"TEL-GTW-VHF_CAX5_ControlOne";"TEL-GTW-VHF_CAX5_ControlOne"
"12192";"TEL-GTW-VHF_CAX6_ControlOne";"TEL-GTW-VHF_CAX6_ControlOne"
"12190";"TEL-GTW-VHF_CBA_ControlOne";"TEL-GTW-VHF_CBA_ControlOne"
"12189";"TEL-GTW-VHF_CCH_ControlOne";"TEL-GTW-VHF_CCH_ControlOne"
"12188";"TEL-GTW-VHF_CGR_ControlOne";"TEL-GTW-VHF_CGR_ControlOne"
"12187";"TEL-GTW-VHF_CMO_ControlOne";"TEL-GTW-VHF_CMO_ControlOne"
"20066";"TEL-GTW-VHF_CNE_ControlOne";"TEL-GTW-VHF_CNE_ControlOne"
"19964";"TEL-GTW-VHF_CNG2_ControlOne";"TEL-GTW-VHF_CNG2_ControlOne"
"12185";"TEL-GTW-VHF_CNO_ControlOne";"TEL-GTW-VHF_CNO_ControlOne"
"19965";"TEL-GTW-VHF_CTA_ControlOne";"TEL-GTW-VHF_CTA_ControlOne"
"19966";"TEL-GTW-VHF_CVO_ControlOne";"TEL-GTW-VHF_CVO_ControlOne"
"12182";"TEL-GTW-VHF_DOU_ControlOne";"TEL-GTW-VHF_DOU_ControlOne"
"12184";"TEL-GTW-VHF_DOU_MAR_ControlOne";"TEL-GTW-VHF_DOU_MAR_ControlOne"
"12183";"TEL-GTW-VHF_DOU_RBT_ControlOne";"TEL-GTW-VHF_DOU_RBT_ControlOne"
"20020";"TEL-GTW-VHF_DRO ControlOne";"TEL-GTW-VHF_DRO ControlOne"
"12181";"TEL-GTW-VHF_FCO_ControlOne";"TEL-GTW-VHF_FCO_ControlOne"
"19967";"TEL-GTW-VHF_GAS2-525_ControlOne";"TEL-GTW-VHF_GAS2-525_ControlOne"
"12179";"TEL-GTW-VHF_GRA_ControlOne";"TEL-GTW-VHF_GRA_ControlOne"
"12180";"TEL-GTW-VHF_GRA3_ControlOne";"TEL-GTW-VHF_GRA3_ControlOne"
"12178";"TEL-GTW-VHF_GRT_ControlOne";"TEL-GTW-VHF_GRT_ControlOne"
"12177";"TEL-GTW-VHF_GUA_ControlOne";"TEL-GTW-VHF_GUA_ControlOne"
"12176";"TEL-GTW-VHF_GUO_ControlOne";"TEL-GTW-VHF_GUO_ControlOne"
"12175";"TEL-GTW-VHF_IJU2_ControlOne";"TEL-GTW-VHF_IJU2_ControlOne"
"12174";"TEL-GTW-VHF_IRN_ControlOne";"TEL-GTW-VHF_IRN_ControlOne"
"12173";"TEL-GTW-VHF_ITJ_ControlOne";"TEL-GTW-VHF_ITJ_ControlOne"
"16891";"TEL-GTW-VHF_ITR_ControlOne";"TEL-GTW-VHF_ITR_ControlOne"
"20047";"TEL-GTW-VHF_IVI2_ContriolOne";"TEL-GTW-VHF_IVI2_ContriolOne"
"12172";"TEL-GTW-VHF_IVP_ControlOne";"TEL-GTW-VHF_IVP_ControlOne"
"16834";"TEL-GTW-VHF_JAS_ControlOne";"TEL-GTW-VHF_JAS_ControlOne"
"15998";"TEL-GTW-VHF_JLB_ControlOne";"TEL-GTW-VHF_JLB_ControlOne"
"12171";"TEL-GTW-VHF_JNO_ControlOne";"TEL-GTW-VHF_JNO_ControlOne"
"12170";"TEL-GTW-VHF_JOI_ControlOne";"TEL-GTW-VHF_JOI_ControlOne"
"19968";"TEL-GTW-VHF_JSU_ControlOne";"TEL-GTW-VHF_JSU_ControlOne"
"12169";"TEL-GTW-VHF_LAR_ControlOne";"TEL-GTW-VHF_LAR_ControlOne"
"12168";"TEL-GTW-VHF_LGR_ControlOne";"TEL-GTW-VHF_LGR_ControlOne"
"19969";"TEL-GTW-VHF_LIV3_ControlOne";"TEL-GTW-VHF_LIV3_ControlOne"
"12167";"TEL-GTW-VHF_LNS_ControlOne";"TEL-GTW-VHF_LNS_ControlOne"
"12166";"TEL-GTW-VHF_LON_ControlOne";"TEL-GTW-VHF_LON_ControlOne"
"12165";"TEL-GTW-VHF_MCH_ControlOne";"TEL-GTW-VHF_MCH_ControlOne"
"12164";"TEL-GTW-VHF_MCL_ControlOne";"TEL-GTW-VHF_MCL_ControlOne"
"12163";"TEL-GTW-VHF_MIM_ControlOne";"TEL-GTW-VHF_MIM_ControlOne"
"12162";"TEL-GTW-VHF_MIS_ControlOne";"TEL-GTW-VHF_MIS_ControlOne"
"12161";"TEL-GTW-VHF_MRO2_ControlOne";"TEL-GTW-VHF_MRO2_ControlOne"
"12160";"TEL-GTW-VHF_NPE2_ControlOne";"TEL-GTW-VHF_NPE2_ControlOne"
"12159";"TEL-GTW-VHF_NSR_ControlOne";"TEL-GTW-VHF_NSR_ControlOne"
"12158";"TEL-GTW-VHF_OSO2_ControlOne";"TEL-GTW-VHF_OSO2_ControlOne"
"12157";"TEL-GTW-VHF_PAL_ControlOne";"TEL-GTW-VHF_PAL_ControlOne"
"12155";"TEL-GTW-VHF_PFU_ControlOne";"TEL-GTW-VHF_PFU_ControlOne"
"12154";"TEL-GTW-VHF_PGR_ControlOne";"TEL-GTW-VHF_PGR_ControlOne"
"12153";"TEL-GTW-VHF_PIN2_ControlOne";"TEL-GTW-VHF_PIN2_ControlOne"
"12202";"TEL-GTW-VHF_PNO_ControlOne";"TEL-GTW-VHF_PNO_ControlOne"
"19970";"TEL-GTW-VHF_QUI_ControlOne";"TEL-GTW-VHF_QUI_ControlOne"
"12203";"TEL-GTW-VHF_SDI_ControlOne";"TEL-GTW-VHF_SDI_ControlOne"
"19971";"TEL-GTW-VHF_SID_ControlOne";"TEL-GTW-VHF_SID_ControlOne"
"19972";"TEL-GTW-VHF_SMA3_ControlOne";"TEL-GTW-VHF_SMA3_ControlOne"
"12204";"TEL-GTW-VHF_SOS_ControlOne";"TEL-GTW-VHF_SOS_ControlOne"
"12205";"TEL-GTW-VHF_SPA2_ControlOne";"TEL-GTW-VHF_SPA2_ControlOne"
"12206";"TEL-GTW-VHF_SSA_ControlOne";"TEL-GTW-VHF_SSA_ControlOne"
"12207";"TEL-GTW-VHF_STA_ControlOne";"TEL-GTW-VHF_STA_ControlOne"
"12208";"TEL-GTW-VHF_TPR2_ControlOne";"TEL-GTW-VHF_TPR2_ControlOne"
"12209";"TEL-GTW-VHF_UHBC_ControlOne";"TEL-GTW-VHF_UHBC_ControlOne"
"12210";"TEL-GTW-VHF_UHJB_ControlOne";"TEL-GTW-VHF_UHJB_ControlOne"
"12211";"TEL-GTW-VHF_UHPJ_ControlOne";"TEL-GTW-VHF_UHPJ_ControlOne"
"12212";"TEL-GTW-VHF_UHSD_ControlOne";"TEL-GTW-VHF_UHSD_ControlOne"
"12213";"TEL-GTW-VHF_VMT_ControlOne";"TEL-GTW-VHF_VMT_ControlOne"
"12214";"TEL-GTW-VHF_XAN_ControlOne";"TEL-GTW-VHF_XAN_ControlOne"
"12215";"TEL-GTW-VHF_YTA_ControlOne";"TEL-GTW-VHF_YTA_ControlOne"
"15894";"TEL-UCM-BIG-LANU-002";"TEL-UCM-BIG-LANU-002"
"15895";"TEL-UCM-BIG-MATM-SLOT101";"TEL-UCM-BIG-MATM-SLOT101"
"15896";"TEL-UCM-BIG-MATM-SLOT102";"TEL-UCM-BIG-MATM-SLOT102"
"15897";"TEL-UCM-BIG-VPCM-SLOT103";"TEL-UCM-BIG-VPCM-SLOT103"
"15898";"TEL-UCM-Sede-LANU-001";"TEL-UCM-Sede-LANU-001"
"15899";"TEL-UCM-Sede-MATM-SLOT001";"TEL-UCM-Sede-MATM-SLOT001"
"15900";"TEL-UCM-Sede-MATM-SLOT002";"TEL-UCM-Sede-MATM-SLOT002"
"15901";"TEL-UCM-Sede-VPCM-SLOT003";"TEL-UCM-Sede-VPCM-SLOT003"
"16754";"Testezzz";"Testezzz"
"19771";"TJS-1L1PP";"TJS-1L1PP"
"19772";"TJS-1L1PR1";"TJS-1L1PR1"
"19773";"TJS-1L1PR2";"TJS-1L1PR2"
"19774";"TJS-1L2PP";"TJS-1L2PP"
"19775";"TJS-1L2PR1";"TJS-1L2PR1"
"19776";"TJS-1L2PR2";"TJS-1L2PR2"
"14522";"TPR2_HL1";"TPR2_HL1"
"14523";"TPR2_HL2";"TPR2_HL2"
"13912";"TPR2_HOTLINES";"TPR2_HOTLINES"
"15662";"TPR2_HOTLINES_eth1";"TPR2_HOTLINES_eth1"
"15663";"TPR2_HOTLINES_eth2";"TPR2_HOTLINES_eth2"
"13810";"TPR2_PRI";"TPR2_PRI"
"16001";"TPR2_SEC";"TPR2_SEC"
"19791";"TPR2-1BPCD1";"TPR2-1BPCD1"
"19792";"TPR2-1BPCP1";"TPR2-1BPCP1"
"19789";"TPR2-1L1PP1";"TPR2-1L1PP1"
"19790";"TPR2-1L1PR1";"TPR2-1L1PR1"
"19795";"TPR2-1L2PP1";"TPR2-1L2PP1"
"19796";"TPR2-1L2PR1";"TPR2-1L2PR1"
"19799";"TPR2-1L3PP1";"TPR2-1L3PP1"
"19800";"TPR2-1L3PR1";"TPR2-1L3PR1"
"19797";"TPR2-1L4PP1";"TPR2-1L4PP1"
"19798";"TPR2-1L4PR1";"TPR2-1L4PR1"
"19779";"TPR2-2C1CD1";"TPR2-2C1CD1"
"19780";"TPR2-2C1CP1";"TPR2-2C1CP1"
"19777";"TPR2-2C1PA1";"TPR2-2C1PA1"
"19778";"TPR2-2C1PP1";"TPR2-2C1PP1"
"19781";"TPR2-2C1SD1";"TPR2-2C1SD1"
"19782";"TPR2-2C1SP1";"TPR2-2C1SP1"
"19801";"TPR2-2T1PAC";"TPR2-2T1PAC"
"19802";"TPR2-2T1PPC";"TPR2-2T1PPC"
"19803";"TPR2-2T2PA1";"TPR2-2T2PA1"
"19804";"TPR2-2T2PP1";"TPR2-2T2PP1"
"19793";"TPR2-51";"TPR2-51"
"20102";"TPR2RDP_230_1";"TPR2RDP_230_1"
"20103";"TPR2RDP_230_2";"TPR2RDP_230_2"
"11829";"tpr2-rgr-97.189";"tpr2-rgr-97.189"
"16820";"tpr2-tmo";"tpr2-tmo"
"19805";"TPR2-UBFT2";"TPR2-UBFT2"
"19810";"TPR2-UCDT3";"TPR2-UCDT3"
"19814";"TPR2-UCDT3_";"TPR2-UCDT3_"
"19783";"TPR2-UCL5";"TPR2-UCL5"
"19786";"TPR2-UCL6";"TPR2-UCL6"
"19811";"TPR2-UCPT3";"TPR2-UCPT3"
"19815";"TPR2-UCPT3_";"TPR2-UCPT3_"
"19794";"TPR2-UCSA";"TPR2-UCSA"
"19813";"TPR2-UPAT3";"TPR2-UPAT3"
"19784";"TPR2-UPPL5";"TPR2-UPPL5"
"19787";"TPR2-UPPL6";"TPR2-UPPL6"
"19806";"TPR2-UPPT2";"TPR2-UPPT2"
"19812";"TPR2-UPPT3";"TPR2-UPPT3"
"19785";"TPR2-UPRL5";"TPR2-UPRL5"
"19788";"TPR2-UPRL6";"TPR2-UPRL6"
"19807";"TPR2-UPS1T2";"TPR2-UPS1T2"
"19808";"TPR2-UPS2T2";"TPR2-UPS2T2"
"19809";"TPR2-UPS3T2";"TPR2-UPS3T2"
"14720";"TR2RDP_230_3";"TR2RDP_230_3"
"14717";"TR2RDP_69_1";"TR2RDP_69_1"
"14525";"UHBC_HL_RGR";"UHBC_HL_RGR"
"14524";"UHBC_HL1";"UHBC_HL1"
"13913";"UHBC_HOTLINES";"UHBC_HOTLINES"
"15664";"UHBC_HOTLINES_eth1";"UHBC_HOTLINES_eth1"
"15665";"UHBC_HOTLINES_eth2";"UHBC_HOTLINES_eth2"
"13758";"UHBC_PRI";"UHBC_PRI"
"13974";"UHBC_SEC";"UHBC_SEC"
"17207";"uhbc-1ppl1-sw2";"uhbc-1ppl1-sw2"
"17206";"uhbc-1ppl-sw1";"uhbc-1ppl-sw1"
"17208";"uhbc-bne-sw2";"uhbc-bne-sw2"
"17209";"uhbc-p2-bne-sw1";"uhbc-p2-bne-sw1"
"19816";"UHBC-PAL1";"UHBC-PAL1"
"19817";"UHBC-PPL1";"UHBC-PPL1"
"10884";"uhbc-rgr-vsat-20.0.253";"uhbc-rgr-vsat-20.0.253"
"15958";"uhbc-rgr-vsat-LINK-TELESPAZIO";"uhbc-rgr-vsat-LINK-TELESPAZIO"
"17210";"uhbc-ucc-sw1";"uhbc-ucc-sw1"
"17211";"uhbc-ucc-sw2";"uhbc-ucc-sw2"
"16201";"UHBC-UCS1";"UHBC-UCS1"
"16344";"UHBC-UCS1-alta";"UHBC-UCS1-alta"
"16202";"UHBC-UCS2";"UHBC-UCS2"
"16345";"UHBC-UCS2-baixa";"UHBC-UCS2-baixa"
"14527";"UHJB_HL_RGR";"UHJB_HL_RGR"
"14526";"UHJB_HL1";"UHJB_HL1"
"13914";"UHJB_HOTLINES";"UHJB_HOTLINES"
"15666";"UHJB_HOTLINES_eth1";"UHJB_HOTLINES_eth1"
"15667";"UHJB_HOTLINES_eth2";"UHJB_HOTLINES_eth2"
"13808";"UHJB_PRI";"UHJB_PRI"
"13975";"UHJB_SEC";"UHJB_SEC"
"19818";"UHJB-1L1PP1";"UHJB-1L1PP1"
"10539";"uhjb-rgr-vsat-20.24.253";"uhjb-rgr-vsat-20.24.253"
"15959";"uhjb-rgr-vsat-LINK-TELESPAZIO";"uhjb-rgr-vsat-LINK-TELESPAZIO"
"17212";"uhjb-sw1";"uhjb-sw1"
"17221";"uhjb-sw10";"uhjb-sw10"
"17222";"uhjb-sw11";"uhjb-sw11"
"17223";"uhjb-sw12";"uhjb-sw12"
"17224";"uhjb-sw13";"uhjb-sw13"
"17225";"uhjb-sw14";"uhjb-sw14"
"17226";"uhjb-sw15";"uhjb-sw15"
"17213";"uhjb-sw2";"uhjb-sw2"
"17214";"uhjb-sw3";"uhjb-sw3"
"17215";"uhjb-sw4";"uhjb-sw4"
"17216";"uhjb-sw5";"uhjb-sw5"
"17217";"uhjb-sw6";"uhjb-sw6"
"17218";"uhjb-sw7";"uhjb-sw7"
"17219";"uhjb-sw8";"uhjb-sw8"
"17220";"uhjb-sw9";"uhjb-sw9"
"16203";"UHJB-UCS1";"UHJB-UCS1"
"16346";"UHJB-UCS1-alta";"UHJB-UCS1-alta"
"16204";"UHJB-UCS2";"UHJB-UCS2"
"16347";"UHJB-UCS2-baixa";"UHJB-UCS2-baixa"
"14529";"UHPJ_HL_RGR";"UHPJ_HL_RGR"
"14528";"UHPJ_HL1";"UHPJ_HL1"
"13915";"UHPJ_HOTLINES";"UHPJ_HOTLINES"
"15668";"UHPJ_HOTLINES_eth1";"UHPJ_HOTLINES_eth1"
"15669";"UHPJ_HOTLINES_eth2";"UHPJ_HOTLINES_eth2"
"13807";"UHPJ_PRI";"UHPJ_PRI"
"13976";"UHPJ_SEC";"UHPJ_SEC"
"14721";"UHPJRDP_UG_1";"UHPJRDP_UG_1"
"14722";"UHPJRDP_UG_2";"UHPJRDP_UG_2"
"11815";"uhpj-rgr-vsat-20.6.251";"uhpj-rgr-vsat-20.6.251"
"15961";"uhpj-rgr-vsat-LINK-HUGHES";"uhpj-rgr-vsat-LINK-HUGHES"
"17227";"uhpj-sw1";"uhpj-sw1"
"17228";"uhpj-sw2";"uhpj-sw2"
"17229";"uhpj-sw3";"uhpj-sw3"
"17230";"uhpj-sw4a";"uhpj-sw4a"
"17231";"uhpj-sw4b";"uhpj-sw4b"
"17232";"uhpj-sw5a";"uhpj-sw5a"
"17233";"uhpj-sw5b";"uhpj-sw5b"
"17234";"uhpj-sw6a";"uhpj-sw6a"
"17235";"uhpj-sw6b";"uhpj-sw6b"
"17236";"uhpj-sw7a";"uhpj-sw7a"
"17237";"uhpj-sw7b";"uhpj-sw7b"
"17238";"uhpj-sw8";"uhpj-sw8"
"17239";"uhpj-sw9";"uhpj-sw9"
"16205";"UHPJ-UCS1";"UHPJ-UCS1"
"16348";"UHPJ-UCS1-alta";"UHPJ-UCS1-alta"
"16206";"UHPJ-UCS2";"UHPJ-UCS2"
"16349";"UHPJ-UCS2-baixa";"UHPJ-UCS2-baixa"
"14530";"UHSD_HL1";"UHSD_HL1"
"13806";"UHSD_PRI";"UHSD_PRI"
"13977";"UHSD_SEC";"UHSD_SEC"
"19819";"UHSD-1L1PA1";"UHSD-1L1PA1"
"19820";"UHSD-1L1PP1";"UHSD-1L1PP1"
"14723";"UHSDRDP_1";"UHSDRDP_1"
"10733";"uhsd-rgr-20.12.253";"uhsd-rgr-20.12.253"
"11806";"uhsd-rgr-vsat-19.32.121";"uhsd-rgr-vsat-19.32.121"
"15962";"uhsd-rgr-vsat-LINK-HUGHES";"uhsd-rgr-vsat-LINK-HUGHES"
"17240";"uhsd-sw1";"uhsd-sw1"
"17249";"uhsd-sw10";"uhsd-sw10"
"17250";"uhsd-sw11";"uhsd-sw11"
"17251";"uhsd-sw12";"uhsd-sw12"
"17252";"uhsd-sw13";"uhsd-sw13"
"17253";"uhsd-sw14";"uhsd-sw14"
"17254";"uhsd-sw15";"uhsd-sw15"
"17255";"uhsd-sw16";"uhsd-sw16"
"17256";"uhsd-sw17";"uhsd-sw17"
"17257";"uhsd-sw18";"uhsd-sw18"
"17258";"uhsd-sw19";"uhsd-sw19"
"17241";"uhsd-sw2";"uhsd-sw2"
"17259";"uhsd-sw20";"uhsd-sw20"
"17260";"uhsd-sw21";"uhsd-sw21"
"17242";"uhsd-sw3";"uhsd-sw3"
"17243";"uhsd-sw4";"uhsd-sw4"
"17244";"uhsd-sw5";"uhsd-sw5"
"17245";"uhsd-sw6";"uhsd-sw6"
"17246";"uhsd-sw7";"uhsd-sw7"
"17247";"uhsd-sw8";"uhsd-sw8"
"17248";"uhsd-sw9";"uhsd-sw9"
"16207";"UHSD-UCS1";"UHSD-UCS1"
"16350";"UHSD-UCS1-alta";"UHSD-UCS1-alta"
"16208";"UHSD-UCS2";"UHSD-UCS2"
"16351";"UHSD-UCS2-baixa";"UHSD-UCS2-baixa"
"14531";"VIN_HL1";"VIN_HL1"
"14532";"VIN_HL2";"VIN_HL2"
"13916";"VIN_HOTLINES";"VIN_HOTLINES"
"15670";"VIN_HOTLINES_eth1";"VIN_HOTLINES_eth1"
"15671";"VIN_HOTLINES_eth2";"VIN_HOTLINES_eth2"
"13805";"VIN_PRI";"VIN_PRI"
"13978";"VIN_SEC";"VIN_SEC"
"19823";"VIN-2L1CD1";"VIN-2L1CD1"
"19824";"VIN-2L1CP1";"VIN-2L1CP1"
"19821";"VIN-2L1PA1";"VIN-2L1PA1"
"19822";"VIN-2L1PP1";"VIN-2L1PP1"
"19827";"VIN-2L2CD1";"VIN-2L2CD1"
"19828";"VIN-2L2CP1";"VIN-2L2CP1"
"19825";"VIN-2L2PA1";"VIN-2L2PA1"
"19826";"VIN-2L2PP1";"VIN-2L2PP1"
"19829";"VIN-2SACP1";"VIN-2SACP1"
"14724";"VINRDP_230_1";"VINRDP_230_1"
"10622";"vin-rgr-20.178.125";"vin-rgr-20.178.125"
"16821";"vin-tmo";"vin-tmo"
"14533";"VMT_HL1";"VMT_HL1"
"14534";"VMT_HL2";"VMT_HL2"
"13917";"VMT_HOTLINES";"VMT_HOTLINES"
"15672";"VMT_HOTLINES_eth1";"VMT_HOTLINES_eth1"
"15673";"VMT_HOTLINES_eth2";"VMT_HOTLINES_eth2"
"13804";"VMT_PRI";"VMT_PRI"
"13979";"VMT_SEC";"VMT_SEC"
"19841";"VMT-2L1CD1";"VMT-2L1CD1"
"19842";"VMT-2L1CP1";"VMT-2L1CP1"
"19839";"VMT-2L1PA1";"VMT-2L1PA1"
"19840";"VMT-2L1PP1";"VMT-2L1PP1"
"19845";"VMT-2L2CD1";"VMT-2L2CD1"
"19846";"VMT-2L2CP1";"VMT-2L2CP1"
"19843";"VMT-2L2PA1";"VMT-2L2PA1"
"19844";"VMT-2L2PP1";"VMT-2L2PP1"
"19837";"VMT-2L3CD1";"VMT-2L3CD1"
"19838";"VMT-2L3CP1";"VMT-2L3CP1"
"19835";"VMT-2L3PA1";"VMT-2L3PA1"
"19836";"VMT-2L3PP1";"VMT-2L3PP1"
"19833";"VMT-2L4CD1";"VMT-2L4CD1"
"19834";"VMT-2L4CP1";"VMT-2L4CP1"
"19831";"VMT-2L4PA1";"VMT-2L4PA1"
"19832";"VMT-2L4PP1";"VMT-2L4PP1"
"19830";"VMT-2SACP1";"VMT-2SACP1"
"16619";"VMT-DM705-01";"VMT-DM705-01"
"16620";"VMT-DM705-02";"VMT-DM705-02"
"16515";"VMT-DM880-01";"VMT-DM880-01"
"16516";"VMT-DM880-02";"VMT-DM880-02"
"14725";"VMTRDP_230_1";"VMTRDP_230_1"
"11812";"vmt-rgr-20.182.125";"vmt-rgr-20.182.125"
"16822";"vmt-tmo";"vmt-tmo"
"15701";"VSAT-SEDE";"VSAT-SEDE"
"15702";"VSAT-SPA2";"VSAT-SPA2"
"14535";"XAN_HL1";"XAN_HL1"
"14536";"XAN_HL2";"XAN_HL2"
"13918";"XAN_HOTLINES";"XAN_HOTLINES"
"15674";"XAN_HOTLINES_eth1";"XAN_HOTLINES_eth1"
"15675";"XAN_HOTLINES_eth2";"XAN_HOTLINES_eth2"
"15676";"XAN_HOTLINES_eth3";"XAN_HOTLINES_eth3"
"13803";"XAN_PRI";"XAN_PRI"
"13980";"XAN_SEC";"XAN_SEC"
"19865";"XAN-2L8PA1";"XAN-2L8PA1"
"19866";"XAN-2L8PP1";"XAN-2L8PP1"
"19847";"XAN-2PAC1RL1";"XAN-2PAC1RL1"
"19867";"XAN-2PAT1RL1";"XAN-2PAT1RL1"
"19869";"XAN-2PAT2RL1";"XAN-2PAT2RL1"
"19848";"XAN-2PPC1RL1";"XAN-2PPC1RL1"
"19868";"XAN-2PPT1RL1";"XAN-2PPT1RL1"
"19870";"XAN-2PPT2RL1";"XAN-2PPT2RL1"
"19871";"XAN-2T3PA1";"XAN-2T3PA1"
"19872";"XAN-2T3PP1";"XAN-2T3PP1"
"19873";"XAN-2T4PA1";"XAN-2T4PA1"
"19874";"XAN-2T4PP1";"XAN-2T4PP1"
"19859";"XAN-BUSPP1";"XAN-BUSPP1"
"19860";"XAN-BUSPP2";"XAN-BUSPP2"
"19861";"XAN-BUSPP3";"XAN-BUSPP3"
"16621";"XAN-DM705-01";"XAN-DM705-01"
"16622";"XAN-DM705-02";"XAN-DM705-02"
"16468";"XAN-DM880-01";"XAN-DM880-01"
"16469";"XAN-DM880-02";"XAN-DM880-02"
"14726";"XANRDP_230_1";"XANRDP_230_1"
"14727";"XANRDP_230_2";"XANRDP_230_2"
"14729";"XANRDP_230_4";"XANRDP_230_4"
"19862";"XAN-RL1";"XAN-RL1"
"19863";"XAN-RL2";"XAN-RL2"
"16823";"xan-tmo";"xan-tmo"
"19864";"XAN-UCD1";"XAN-UCD1"
"19850";"XAN-UCD1_";"XAN-UCD1_"
"19855";"XAN-UCD1__";"XAN-UCD1__"
"19851";"XAN-UCD2";"XAN-UCD2"
"19856";"XAN-UCD2_";"XAN-UCD2_"
"19854";"XAN-UPD1";"XAN-UPD1"
"19849";"XAN-UPD1_";"XAN-UPD1_"
"19857";"XAN-UPD2";"XAN-UPD2"
"19852";"XAN-UPD2_";"XAN-UPD2_"
"19858";"XAN-UPD4";"XAN-UPD4"
"19853";"XAN-UPD4_";"XAN-UPD4_"
"15699";"YTA_5PMU1";"YTA_5PMU1"
"15700";"YTA_5PMU2";"YTA_5PMU2"
"14538";"YTA_HL1";"YTA_HL1"
"16352";"YTA_HL2";"YTA_HL2"
"13802";"YTA_PRI";"YTA_PRI"
"13981";"YTA_SEC";"YTA_SEC"
"19878";"YTA-21A";"YTA-21A"
"19877";"YTA-21P";"YTA-21P"
"19879";"YTA-25";"YTA-25"
"19888";"YTA-4LBPA1";"YTA-4LBPA1"
"19889";"YTA-4LBPP1";"YTA-4LBPP1"
"19899";"YTA-50_51";"YTA-50_51"
"19875";"YTA-5LB7PA1";"YTA-5LB7PA1"
"19876";"YTA-5LB7PP1";"YTA-5LB7PP1"
"19901";"YTA-7DACD1";"YTA-7DACD1"
"19902";"YTA-7DACP1";"YTA-7DACP1"
"19903";"YTA-7DAPP1";"YTA-7DAPP1"
"19904";"YTA-7LAPA1";"YTA-7LAPA1"
"19905";"YTA-7LAPP1";"YTA-7LAPP1"
"19880";"YTA-87BA";"YTA-87BA"
"19883";"YTA-87BA_";"YTA-87BA_"
"19884";"YTA-87BB";"YTA-87BB"
"19881";"YTA-87BB_";"YTA-87BB_"
"19885";"YTA-87BC";"YTA-87BC"
"19882";"YTA-87BC_";"YTA-87BC_"
"19898";"YTA-87P";"YTA-87P"
"19893";"YTA-8DBCD1";"YTA-8DBCD1"
"19894";"YTA-8DBCP1";"YTA-8DBCP1"
"19895";"YTA-8DBPP1";"YTA-8DBPP1"
"19890";"YTA-8DCCD1";"YTA-8DCCD1"
"19891";"YTA-8DCCP1";"YTA-8DCCP1"
"19892";"YTA-8DCPP1";"YTA-8DCPP1"
"19896";"YTA-8LBPA1";"YTA-8LBPA1"
"19897";"YTA-8LBPP1";"YTA-8LBPP1"
"16623";"YTA-DM705-01";"YTA-DM705-01"
"16624";"YTA-DM705-02";"YTA-DM705-02"
"16470";"YTA-DM880-01";"YTA-DM880-01"
"16471";"YTA-DM880-02";"YTA-DM880-02"
"14730";"YTARDP_525_1";"YTARDP_525_1"
"14731";"YTARDP_525_2";"YTARDP_525_2"
"20104";"YTARDP_525_3";"YTARDP_525_3"
"14732";"YTARDP_525_4";"YTARDP_525_4"
"14733";"YTARDP_525_5";"YTARDP_525_5"
"20105";"YTARDP_525_6";"YTARDP_525_6"
"10478";"yta-rgr-59.254";"yta-rgr-59.254"
"19900";"YTA-STUB";"YTA-STUB"
"19886";"YTA-TDA";"YTA-TDA"
"19887";"YTA-TDB";"YTA-TDB"
"16824";"yta-tmo";"yta-tmo"
"20040";"YTATW_525_1";"YTATW_525_1"
"11011";"zdb02agent2";"zdb02agent2"
"11012";"zdb03agent2";"zdb03agent2"
"13649";"zdb04agent2";"zdb04agent2"
"16116";"zdb05agent2";"zdb05agent2"
"14927";"zfe";"zfe"
"11558";"zpc";"zpc"
"16723";"zpi-dcn";"zpi-dcn"
"11573";"zpi-rgr";"zpi-rgr"
"11557";"zpi-tlc";"zpi-tlc"
"10084";"zs01";"zs01"
"11571";"zs02";"zs02"
